y,shp,rie,elb,x,date,images
36.34,79.6,-12.92,2.38,45277.534,2023-10-03,10-03-2023-12-34-37-534.jpg
37.97,76.25,-20.03,9.15,45277.637,2023-10-03,10-03-2023-12-34-37-637.jpg
41.17,72.02,-27.06,12.94,45277.746,2023-10-03,10-03-2023-12-34-37-746.jpg
53.47,61.03,-40.78,11.82,45277.859,2023-10-03,10-03-2023-12-34-37-859.jpg
64.16,51.92,-46.8,5.92,45277.951,2023-10-03,10-03-2023-12-34-37-951.jpg
82.21,43.31,-60.71,3.06,45278.051,2023-10-03,10-03-2023-12-34-38-051.jpg
82.58,42.55,-61.18,1.83,45278.152,2023-10-03,10-03-2023-12-34-38-152.jpg
87.17,41.62,-62.26,5.46,45278.264,2023-10-03,10-03-2023-12-34-38-264.jpg
102.68,44.19,-52.41,5.93,45278.359,2023-10-03,10-03-2023-12-34-38-359.jpg
119.99,49.56,-39.0,10.2,45278.475,2023-10-03,10-03-2023-12-34-38-475.jpg
130.17,67.12,-19.89,14.01,45278.571,2023-10-03,10-03-2023-12-34-38-571.jpg
136.36,75.3,-9.58,17.73,45278.678,2023-10-03,10-03-2023-12-34-38-678.jpg
137.64,79.69,-5.43,14.47,45278.786,2023-10-03,10-03-2023-12-34-38-786.jpg
139.11,80.14,-5.29,12.65,45278.888,2023-10-03,10-03-2023-12-34-38-888.jpg
137.48,75.86,-11.87,9.72,45278.984,2023-10-03,10-03-2023-12-34-38-984.jpg
132.31,68.25,-23.7,1.47,45279.092,2023-10-03,10-03-2023-12-34-39-092.jpg
123.03,56.73,-38.23,0.09,45279.2,2023-10-03,10-03-2023-12-34-39-200.jpg
112.87,50.5,-42.0,1.4,45279.303,2023-10-03,10-03-2023-12-34-39-303.jpg
95.81,43.28,-51.34,6.1,45279.405,2023-10-03,10-03-2023-12-34-39-405.jpg
78.67,42.48,-55.94,8.77,45279.514,2023-10-03,10-03-2023-12-34-39-514.jpg
78.33,42.67,-56.68,10.14,45279.615,2023-10-03,10-03-2023-12-34-39-615.jpg
78.71,42.7,-57.0,9.84,45279.718,2023-10-03,10-03-2023-12-34-39-718.jpg
57.78,50.11,-46.72,3.09,45279.818,2023-10-03,10-03-2023-12-34-39-818.jpg
47.56,64.22,-32.21,5.86,45279.922,2023-10-03,10-03-2023-12-34-39-922.jpg
41.63,73.05,-24.07,10.59,45280.019,2023-10-03,10-03-2023-12-34-40-019.jpg
39.14,78.22,-17.39,8.62,45280.143,2023-10-03,10-03-2023-12-34-40-143.jpg
38.04,78.96,-16.36,7.88,45280.243,2023-10-03,10-03-2023-12-34-40-243.jpg
38.01,79.35,-15.77,7.46,45280.337,2023-10-03,10-03-2023-12-34-40-337.jpg
38.09,79.4,-15.16,6.4,45280.459,2023-10-03,10-03-2023-12-34-40-459.jpg
44.14,76.59,-19.8,10.64,45280.549,2023-10-03,10-03-2023-12-34-40-549.jpg
47.94,71.68,-27.35,13.56,45280.656,2023-10-03,10-03-2023-12-34-40-656.jpg
49.91,63.47,-36.25,10.96,45280.752,2023-10-03,10-03-2023-12-34-40-752.jpg
61.44,54.16,-47.0,13.08,45280.856,2023-10-03,10-03-2023-12-34-40-856.jpg
73.39,46.62,-54.61,8.62,45280.95,2023-10-03,10-03-2023-12-34-40-950.jpg
83.9,40.84,-62.83,2.82,45281.05,2023-10-03,10-03-2023-12-34-41-050.jpg
93.05,39.92,-62.44,2.42,45281.155,2023-10-03,10-03-2023-12-34-41-155.jpg
101.23,44.08,-54.56,0.88,45281.251,2023-10-03,10-03-2023-12-34-41-251.jpg
117.14,46.45,-49.98,7.62,45281.36,2023-10-03,10-03-2023-12-34-41-360.jpg
126.06,56.36,-35.02,7.8,45281.457,2023-10-03,10-03-2023-12-34-41-457.jpg
134.57,70.28,-16.43,15.88,45281.57,2023-10-03,10-03-2023-12-34-41-570.jpg
138.2,75.06,-11.22,15.01,45281.669,2023-10-03,10-03-2023-12-34-41-669.jpg
139.54,76.81,-9.78,12.42,45281.769,2023-10-03,10-03-2023-12-34-41-769.jpg
140.38,81.36,-4.24,12.21,45281.874,2023-10-03,10-03-2023-12-34-41-874.jpg
140.48,82.39,-2.08,13.63,45281.969,2023-10-03,10-03-2023-12-34-41-969.jpg
138.28,76.52,-10.97,9.44,45282.086,2023-10-03,10-03-2023-12-34-42-086.jpg
137.88,74.97,-12.74,9.78,45282.184,2023-10-03,10-03-2023-12-34-42-184.jpg
133.37,67.67,-21.58,7.76,45282.283,2023-10-03,10-03-2023-12-34-42-283.jpg
128.63,56.76,-35.31,3.06,45282.396,2023-10-03,10-03-2023-12-34-42-396.jpg
100.98,44.2,-50.71,11.54,45282.498,2023-10-03,10-03-2023-12-34-42-498.jpg
98.74,44.17,-47.42,14.02,45282.585,2023-10-03,10-03-2023-12-34-42-585.jpg
89.03,40.53,-59.82,7.99,45282.684,2023-10-03,10-03-2023-12-34-42-684.jpg
75.12,43.85,-55.96,11.81,45282.795,2023-10-03,10-03-2023-12-34-42-795.jpg
57.66,51.99,-39.51,0.39,45282.91,2023-10-03,10-03-2023-12-34-42-910.jpg
48.87,61.12,-34.51,3.87,45283.022,2023-10-03,10-03-2023-12-34-43-022.jpg
46.98,68.43,-31.03,12.5,45283.122,2023-10-03,10-03-2023-12-34-43-122.jpg
41.69,74.97,-22.59,12.19,45283.234,2023-10-03,10-03-2023-12-34-43-234.jpg
40.56,77.98,-19.67,12.36,45283.334,2023-10-03,10-03-2023-12-34-43-334.jpg
39.65,79.16,-17.4,10.61,45283.434,2023-10-03,10-03-2023-12-34-43-434.jpg
37.22,79.81,-15.93,8.93,45283.532,2023-10-03,10-03-2023-12-34-43-532.jpg
36.66,81.09,-13.52,7.12,45283.64,2023-10-03,10-03-2023-12-34-43-640.jpg
36.81,81.27,-13.06,6.72,45283.757,2023-10-03,10-03-2023-12-34-43-757.jpg
36.9,80.88,-13.99,7.77,45283.873,2023-10-03,10-03-2023-12-34-43-873.jpg
38.62,78.8,-17.63,10.36,45283.983,2023-10-03,10-03-2023-12-34-43-983.jpg
38.78,77.95,-19.04,11.1,45284.089,2023-10-03,10-03-2023-12-34-44-089.jpg
41.35,73.15,-27.93,17.09,45284.203,2023-10-03,10-03-2023-12-34-44-203.jpg
54.15,55.88,-47.66,13.57,45284.306,2023-10-03,10-03-2023-12-34-44-306.jpg
76.43,43.21,-60.65,6.55,45284.403,2023-10-03,10-03-2023-12-34-44-403.jpg
92.77,38.75,-63.57,4.56,45284.507,2023-10-03,10-03-2023-12-34-44-507.jpg
105.51,44.72,-49.37,5.77,45284.604,2023-10-03,10-03-2023-12-34-44-604.jpg
105.54,46.12,-46.87,6.39,45284.722,2023-10-03,10-03-2023-12-34-44-722.jpg
120.53,49.15,-39.73,14.25,45284.823,2023-10-03,10-03-2023-12-34-44-823.jpg
128.21,60.9,-25.75,16.26,45284.936,2023-10-03,10-03-2023-12-34-44-936.jpg
133.53,70.77,-15.35,17.01,45285.048,2023-10-03,10-03-2023-12-34-45-048.jpg
135.71,74.36,-14.16,10.04,45285.151,2023-10-03,10-03-2023-12-34-45-151.jpg
136.84,78.99,-7.5,12.78,45285.256,2023-10-03,10-03-2023-12-34-45-256.jpg
137.01,81.57,-4.85,11.2,45285.376,2023-10-03,10-03-2023-12-34-45-376.jpg
137.2,78.5,-8.8,10.83,45285.468,2023-10-03,10-03-2023-12-34-45-468.jpg
137.4,78.06,-8.71,12.16,45285.567,2023-10-03,10-03-2023-12-34-45-567.jpg
136.63,75.95,-12.99,8.42,45285.674,2023-10-03,10-03-2023-12-34-45-674.jpg
131.63,67.99,-24.15,2.46,45285.792,2023-10-03,10-03-2023-12-34-45-792.jpg
123.18,56.25,-37.85,6.02,45285.893,2023-10-03,10-03-2023-12-34-45-893.jpg
96.18,43.25,-52.62,5.46,45286.001,2023-10-03,10-03-2023-12-34-46-001.jpg
75.24,42.06,-59.72,13.75,45286.126,2023-10-03,10-03-2023-12-34-46-126.jpg
64.42,47.49,-53.2,9.59,45286.232,2023-10-03,10-03-2023-12-34-46-232.jpg
55.13,54.54,-40.59,3.83,45286.348,2023-10-03,10-03-2023-12-34-46-348.jpg
47.39,63.97,-33.32,6.74,45286.463,2023-10-03,10-03-2023-12-34-46-463.jpg
45.25,67.81,-30.71,10.55,45286.578,2023-10-03,10-03-2023-12-34-46-578.jpg
42.36,74.63,-21.92,10.73,45286.69,2023-10-03,10-03-2023-12-34-46-690.jpg
38.27,78.49,-17.55,9.54,45286.806,2023-10-03,10-03-2023-12-34-46-806.jpg
37.15,79.47,-16.06,8.54,45286.908,2023-10-03,10-03-2023-12-34-46-908.jpg
37.21,79.48,-16.37,9.18,45287.036,2023-10-03,10-03-2023-12-34-47-036.jpg
37.96,79.13,-16.98,9.79,45287.15,2023-10-03,10-03-2023-12-34-47-150.jpg
41.91,77.97,-18.78,11.73,45287.25,2023-10-03,10-03-2023-12-34-47-250.jpg
47.14,66.95,-32.06,12.34,45287.353,2023-10-03,10-03-2023-12-34-47-353.jpg
53.01,57.84,-44.32,13.6,45287.456,2023-10-03,10-03-2023-12-34-47-456.jpg
64.06,51.2,-48.48,10.37,45287.557,2023-10-03,10-03-2023-12-34-47-557.jpg
73.87,45.49,-58.3,8.83,45287.67,2023-10-03,10-03-2023-12-34-47-670.jpg
96.31,41.59,-59.27,2.2,45287.804,2023-10-03,10-03-2023-12-34-47-804.jpg
104.52,44.18,-53.76,2.08,45287.905,2023-10-03,10-03-2023-12-34-47-905.jpg
119.6,48.63,-46.15,7.08,45288.017,2023-10-03,10-03-2023-12-34-48-017.jpg
126.77,56.02,-32.38,13.33,45288.118,2023-10-03,10-03-2023-12-34-48-118.jpg
129.69,62.92,-25.85,11.43,45288.223,2023-10-03,10-03-2023-12-34-48-223.jpg
134.32,68.27,-18.46,15.75,45288.322,2023-10-03,10-03-2023-12-34-48-322.jpg
138.4,72.47,-13.49,16.01,45288.436,2023-10-03,10-03-2023-12-34-48-436.jpg
139.46,74.09,-11.41,16.69,45288.545,2023-10-03,10-03-2023-12-34-48-545.jpg
141.74,79.33,-4.01,17.44,45288.65,2023-10-03,10-03-2023-12-34-48-650.jpg
140.14,80.62,-3.85,14.13,45288.754,2023-10-03,10-03-2023-12-34-48-754.jpg
139.63,77.02,-9.16,12.47,45288.858,2023-10-03,10-03-2023-12-34-48-858.jpg
140.0,75.3,-11.47,12.17,45288.977,2023-10-03,10-03-2023-12-34-48-977.jpg
140.08,74.76,-12.02,12.43,45289.082,2023-10-03,10-03-2023-12-34-49-082.jpg
140.09,74.5,-12.29,12.69,45289.188,2023-10-03,10-03-2023-12-34-49-188.jpg
138.53,74.22,-12.73,12.31,45289.286,2023-10-03,10-03-2023-12-34-49-286.jpg
133.58,62.06,-30.3,3.11,45289.404,2023-10-03,10-03-2023-12-34-49-404.jpg
125.51,58.08,-34.8,3.95,45289.502,2023-10-03,10-03-2023-12-34-49-502.jpg
105.21,49.34,-45.72,5.63,45289.615,2023-10-03,10-03-2023-12-34-49-615.jpg
92.43,44.88,-54.08,6.54,45289.724,2023-10-03,10-03-2023-12-34-49-724.jpg
77.07,45.57,-57.53,14.99,45289.837,2023-10-03,10-03-2023-12-34-49-837.jpg
62.58,51.83,-47.87,8.24,45289.934,2023-10-03,10-03-2023-12-34-49-934.jpg
51.45,56.87,-42.27,6.75,45290.036,2023-10-03,10-03-2023-12-34-50-036.jpg
47.48,64.17,-33.46,7.23,45290.171,2023-10-03,10-03-2023-12-34-50-171.jpg
42.07,74.07,-22.93,10.36,45290.273,2023-10-03,10-03-2023-12-34-50-273.jpg
37.68,79.3,-16.17,8.39,45290.387,2023-10-03,10-03-2023-12-34-50-387.jpg
38.09,78.3,-18.08,9.77,45290.489,2023-10-03,10-03-2023-12-34-50-489.jpg
39.95,75.6,-21.67,11.1,45290.602,2023-10-03,10-03-2023-12-34-50-602.jpg
46.87,70.49,-28.94,13.23,45290.708,2023-10-03,10-03-2023-12-34-50-708.jpg
60.76,55.15,-45.05,17.26,45290.819,2023-10-03,10-03-2023-12-34-50-819.jpg
74.49,46.1,-56.32,11.85,45290.915,2023-10-03,10-03-2023-12-34-50-915.jpg
84.83,40.52,-62.54,8.59,45291.025,2023-10-03,10-03-2023-12-34-51-025.jpg
101.46,44.24,-53.26,4.6,45291.134,2023-10-03,10-03-2023-12-34-51-134.jpg
108.65,46.62,-48.99,6.69,45291.233,2023-10-03,10-03-2023-12-34-51-233.jpg
118.64,51.41,-40.06,13.04,45291.336,2023-10-03,10-03-2023-12-34-51-336.jpg
118.82,53.39,-37.64,13.63,45291.434,2023-10-03,10-03-2023-12-34-51-434.jpg
125.13,57.35,-32.92,8.22,45291.536,2023-10-03,10-03-2023-12-34-51-536.jpg
128.9,62.46,-27.89,5.44,45291.655,2023-10-03,10-03-2023-12-34-51-655.jpg
134.92,71.96,-15.57,13.18,45291.754,2023-10-03,10-03-2023-12-34-51-754.jpg
136.85,74.17,-14.78,9.77,45291.856,2023-10-03,10-03-2023-12-34-51-856.jpg
135.8,72.88,-16.59,9.15,45291.952,2023-10-03,10-03-2023-12-34-51-952.jpg
134.55,70.13,-19.93,8.17,45292.049,2023-10-03,10-03-2023-12-34-52-049.jpg
130.4,67.0,-23.41,7.38,45292.156,2023-10-03,10-03-2023-12-34-52-156.jpg
126.13,56.02,-37.61,3.55,45292.261,2023-10-03,10-03-2023-12-34-52-261.jpg
103.8,47.33,-50.02,3.97,45292.366,2023-10-03,10-03-2023-12-34-52-366.jpg
93.34,41.63,-58.99,8.04,45292.459,2023-10-03,10-03-2023-12-34-52-459.jpg
85.04,41.01,-59.01,9.21,45292.568,2023-10-03,10-03-2023-12-34-52-568.jpg
76.52,42.45,-58.9,10.79,45292.671,2023-10-03,10-03-2023-12-34-52-671.jpg
61.98,49.36,-45.96,5.31,45292.771,2023-10-03,10-03-2023-12-34-52-771.jpg
61.68,51.03,-44.67,5.93,45292.872,2023-10-03,10-03-2023-12-34-52-872.jpg
55.64,55.2,-42.09,6.25,45292.967,2023-10-03,10-03-2023-12-34-52-967.jpg
50.44,64.44,-30.44,4.09,45293.071,2023-10-03,10-03-2023-12-34-53-071.jpg
42.36,70.02,-26.43,7.89,45293.174,2023-10-03,10-03-2023-12-34-53-174.jpg
40.46,73.17,-23.17,9.21,45293.286,2023-10-03,10-03-2023-12-34-53-286.jpg
40.41,75.95,-19.73,8.31,45293.399,2023-10-03,10-03-2023-12-34-53-399.jpg
38.66,78.33,-16.27,5.99,45293.505,2023-10-03,10-03-2023-12-34-53-505.jpg
37.83,79.97,-13.92,5.06,45293.633,2023-10-03,10-03-2023-12-34-53-633.jpg
38.5,78.65,-15.92,6.14,45293.736,2023-10-03,10-03-2023-12-34-53-736.jpg
40.93,76.22,-19.82,9.02,45293.835,2023-10-03,10-03-2023-12-34-53-835.jpg
45.15,70.99,-26.54,10.6,45293.938,2023-10-03,10-03-2023-12-34-53-938.jpg
55.4,57.89,-43.73,12.84,45294.034,2023-10-03,10-03-2023-12-34-54-034.jpg
72.37,45.62,-59.29,9.8,45294.132,2023-10-03,10-03-2023-12-34-54-132.jpg
78.27,43.67,-60.66,3.32,45294.232,2023-10-03,10-03-2023-12-34-54-232.jpg
83.61,39.86,-66.16,3.7,45294.338,2023-10-03,10-03-2023-12-34-54-338.jpg
88.02,39.54,-66.37,2.34,45294.443,2023-10-03,10-03-2023-12-34-54-443.jpg
103.19,42.62,-56.75,2.09,45294.547,2023-10-03,10-03-2023-12-34-54-547.jpg
111.93,45.61,-47.07,7.45,45294.64,2023-10-03,10-03-2023-12-34-54-640.jpg
123.77,55.89,-34.71,11.22,45294.734,2023-10-03,10-03-2023-12-34-54-734.jpg
129.06,61.28,-30.42,7.09,45294.834,2023-10-03,10-03-2023-12-34-54-834.jpg
132.35,67.06,-22.3,11.16,45294.947,2023-10-03,10-03-2023-12-34-54-947.jpg
135.33,71.29,-16.26,13.77,45295.054,2023-10-03,10-03-2023-12-34-55-054.jpg
138.44,72.99,-13.65,15.81,45295.158,2023-10-03,10-03-2023-12-34-55-158.jpg
137.06,72.92,-13.07,15.66,45295.253,2023-10-03,10-03-2023-12-34-55-253.jpg
134.7,70.19,-17.26,12.74,45295.37,2023-10-03,10-03-2023-12-34-55-370.jpg
130.82,66.29,-22.66,11.07,45295.466,2023-10-03,10-03-2023-12-34-55-466.jpg
121.92,53.8,-38.03,8.67,45295.57,2023-10-03,10-03-2023-12-34-55-570.jpg
106.3,48.09,-45.07,9.22,45295.668,2023-10-03,10-03-2023-12-34-55-668.jpg
93.25,44.02,-54.24,12.59,45295.773,2023-10-03,10-03-2023-12-34-55-773.jpg
93.17,43.43,-54.5,14.74,45295.887,2023-10-03,10-03-2023-12-34-55-887.jpg
81.16,43.91,-56.55,12.34,45295.987,2023-10-03,10-03-2023-12-34-55-987.jpg
64.54,49.67,-48.0,10.87,45296.106,2023-10-03,10-03-2023-12-34-56-106.jpg
50.11,57.78,-42.78,11.06,45296.206,2023-10-03,10-03-2023-12-34-56-206.jpg
47.39,66.64,-32.35,11.69,45296.32,2023-10-03,10-03-2023-12-34-56-320.jpg
44.83,73.57,-26.24,16.22,45296.421,2023-10-03,10-03-2023-12-34-56-421.jpg
42.03,76.35,-22.19,14.29,45296.519,2023-10-03,10-03-2023-12-34-56-519.jpg
39.86,79.05,-17.62,10.8,45296.619,2023-10-03,10-03-2023-12-34-56-619.jpg
37.43,80.24,-15.31,8.55,45296.72,2023-10-03,10-03-2023-12-34-56-720.jpg
36.97,80.46,-14.9,8.27,45296.817,2023-10-03,10-03-2023-12-34-56-817.jpg
37.03,80.4,-14.93,8.18,45296.92,2023-10-03,10-03-2023-12-34-56-920.jpg
38.54,78.67,-17.7,9.98,45297.036,2023-10-03,10-03-2023-12-34-57-036.jpg
44.87,72.89,-25.23,12.64,45297.132,2023-10-03,10-03-2023-12-34-57-132.jpg
48.77,62.92,-38.72,13.65,45297.234,2023-10-03,10-03-2023-12-34-57-234.jpg
50.85,61.26,-39.74,12.11,45297.336,2023-10-03,10-03-2023-12-34-57-336.jpg
72.11,46.75,-58.84,12.91,45297.437,2023-10-03,10-03-2023-12-34-57-437.jpg
87.17,39.86,-67.48,6.02,45297.554,2023-10-03,10-03-2023-12-34-57-554.jpg
99.13,43.32,-57.09,4.73,45297.654,2023-10-03,10-03-2023-12-34-57-654.jpg
109.03,46.48,-49.79,6.32,45297.77,2023-10-03,10-03-2023-12-34-57-770.jpg
116.45,45.88,-54.07,6.54,45297.871,2023-10-03,10-03-2023-12-34-57-871.jpg
122.08,52.76,-38.93,11.99,45297.968,2023-10-03,10-03-2023-12-34-57-968.jpg
127.31,59.03,-32.53,9.52,45298.065,2023-10-03,10-03-2023-12-34-58-065.jpg
129.41,64.53,-25.17,11.94,45298.171,2023-10-03,10-03-2023-12-34-58-171.jpg
132.71,68.03,-20.36,13.98,45298.267,2023-10-03,10-03-2023-12-34-58-267.jpg
135.38,71.1,-14.29,18.81,45298.376,2023-10-03,10-03-2023-12-34-58-376.jpg
133.88,70.63,-15.17,17.39,45298.47,2023-10-03,10-03-2023-12-34-58-470.jpg
133.21,68.01,-19.67,13.75,45298.566,2023-10-03,10-03-2023-12-34-58-566.jpg
130.95,67.79,-18.41,15.12,45298.667,2023-10-03,10-03-2023-12-34-58-667.jpg
130.46,67.51,-17.94,16.39,45298.764,2023-10-03,10-03-2023-12-34-58-764.jpg
125.46,58.71,-32.88,7.12,45298.885,2023-10-03,10-03-2023-12-34-58-885.jpg
104.73,48.46,-47.48,7.51,45298.984,2023-10-03,10-03-2023-12-34-58-984.jpg
90.42,43.59,-60.16,9.33,45299.087,2023-10-03,10-03-2023-12-34-59-087.jpg
75.66,44.7,-60.57,17.61,45299.186,2023-10-03,10-03-2023-12-34-59-186.jpg
65.32,49.19,-52.69,11.69,45299.288,2023-10-03,10-03-2023-12-34-59-288.jpg
58.58,52.51,-46.63,7.13,45299.381,2023-10-03,10-03-2023-12-34-59-381.jpg
53.39,54.82,-46.47,8.89,45299.483,2023-10-03,10-03-2023-12-34-59-483.jpg
49.58,61.97,-35.43,6.68,45299.585,2023-10-03,10-03-2023-12-34-59-585.jpg
45.51,68.41,-28.41,7.36,45299.69,2023-10-03,10-03-2023-12-34-59-690.jpg
40.74,74.48,-22.02,9.28,45299.805,2023-10-03,10-03-2023-12-34-59-805.jpg
39.94,77.62,-17.24,7.22,45299.908,2023-10-03,10-03-2023-12-34-59-908.jpg
39.45,79.39,-14.31,5.17,45300.019,2023-10-03,10-03-2023-12-35-00-019.jpg
37.1,80.27,-13.6,5.53,45300.121,2023-10-03,10-03-2023-12-35-00-121.jpg
37.33,80.52,-13.63,6.39,45300.237,2023-10-03,10-03-2023-12-35-00-237.jpg
37.59,79.66,-15.78,8.52,45300.338,2023-10-03,10-03-2023-12-35-00-338.jpg
38.07,78.01,-18.35,9.63,45300.452,2023-10-03,10-03-2023-12-35-00-452.jpg
42.88,70.96,-29.04,14.15,45300.558,2023-10-03,10-03-2023-12-35-00-558.jpg
43.98,65.63,-35.39,12.91,45300.672,2023-10-03,10-03-2023-12-35-00-672.jpg
69.26,48.47,-55.67,16.55,45300.772,2023-10-03,10-03-2023-12-35-00-772.jpg
91.35,42.63,-64.69,6.82,45300.916,2023-10-03,10-03-2023-12-35-00-916.jpg
107.29,48.03,-47.33,6.32,45301.016,2023-10-03,10-03-2023-12-35-01-016.jpg
114.3,51.08,-43.69,5.48,45301.125,2023-10-03,10-03-2023-12-35-01-125.jpg
120.15,53.63,-37.36,10.9,45301.226,2023-10-03,10-03-2023-12-35-01-226.jpg
127.48,60.54,-29.86,10.98,45301.331,2023-10-03,10-03-2023-12-35-01-331.jpg
132.12,67.22,-21.68,12.48,45301.436,2023-10-03,10-03-2023-12-35-01-436.jpg
133.95,69.81,-19.23,11.53,45301.536,2023-10-03,10-03-2023-12-35-01-536.jpg
134.07,70.36,-18.65,10.98,45301.638,2023-10-03,10-03-2023-12-35-01-638.jpg
134.75,70.44,-18.55,11.25,45301.732,2023-10-03,10-03-2023-12-35-01-732.jpg
134.0,70.5,-18.21,11.37,45301.843,2023-10-03,10-03-2023-12-35-01-843.jpg
132.87,68.83,-21.05,9.16,45301.951,2023-10-03,10-03-2023-12-35-01-951.jpg
130.56,66.58,-23.44,8.16,45302.055,2023-10-03,10-03-2023-12-35-02-055.jpg
116.28,53.29,-37.57,5.1,45302.181,2023-10-03,10-03-2023-12-35-02-181.jpg
97.13,45.57,-49.78,12.29,45302.285,2023-10-03,10-03-2023-12-35-02-285.jpg
83.25,42.68,-56.78,10.74,45302.381,2023-10-03,10-03-2023-12-35-02-381.jpg
73.87,44.84,-57.29,13.82,45302.487,2023-10-03,10-03-2023-12-35-02-487.jpg
59.86,52.09,-43.7,4.28,45302.586,2023-10-03,10-03-2023-12-35-02-586.jpg
48.18,62.02,-33.44,3.65,45302.683,2023-10-03,10-03-2023-12-35-02-683.jpg
46.48,68.49,-27.36,6.68,45302.786,2023-10-03,10-03-2023-12-35-02-786.jpg
41.7,74.54,-20.54,6.91,45302.889,2023-10-03,10-03-2023-12-35-02-889.jpg
38.28,77.19,-17.03,5.75,45302.985,2023-10-03,10-03-2023-12-35-02-985.jpg
38.46,78.87,-14.65,4.61,45303.081,2023-10-03,10-03-2023-12-35-03-081.jpg
38.71,79.01,-14.57,4.81,45303.169,2023-10-03,10-03-2023-12-35-03-169.jpg
36.91,79.9,-12.81,3.14,45303.269,2023-10-03,10-03-2023-12-35-03-269.jpg
38.43,81.01,-11.1,2.31,45303.37,2023-10-03,10-03-2023-12-35-03-370.jpg
40.33,79.45,-15.16,6.97,45303.481,2023-10-03,10-03-2023-12-35-03-481.jpg
41.71,76.81,-20.26,11.16,45303.586,2023-10-03,10-03-2023-12-35-03-586.jpg
44.22,64.52,-36.86,12.47,45303.687,2023-10-03,10-03-2023-12-35-03-687.jpg
66.37,50.61,-49.56,12.06,45303.802,2023-10-03,10-03-2023-12-35-03-802.jpg
78.98,45.28,-60.34,3.74,45303.906,2023-10-03,10-03-2023-12-35-03-906.jpg
90.04,40.8,-65.62,3.8,45304.006,2023-10-03,10-03-2023-12-35-04-006.jpg
105.73,46.91,-48.79,5.63,45304.101,2023-10-03,10-03-2023-12-35-04-101.jpg
113.65,48.99,-45.72,7.27,45304.2,2023-10-03,10-03-2023-12-35-04-200.jpg
119.99,53.08,-38.83,9.39,45304.304,2023-10-03,10-03-2023-12-35-04-304.jpg
124.48,58.08,-33.48,8.42,45304.412,2023-10-03,10-03-2023-12-35-04-412.jpg
129.6,64.7,-27.34,7.33,45304.519,2023-10-03,10-03-2023-12-35-04-519.jpg
133.18,68.45,-21.6,9.18,45304.618,2023-10-03,10-03-2023-12-35-04-618.jpg
132.92,68.87,-20.36,11.21,45304.717,2023-10-03,10-03-2023-12-35-04-717.jpg
135.05,70.5,-16.58,14.66,45304.82,2023-10-03,10-03-2023-12-35-04-820.jpg
133.18,68.0,-20.46,11.84,45304.928,2023-10-03,10-03-2023-12-35-04-928.jpg
123.22,59.1,-32.92,7.23,45305.035,2023-10-03,10-03-2023-12-35-05-035.jpg
107.48,48.66,-44.63,5.91,45305.136,2023-10-03,10-03-2023-12-35-05-136.jpg
96.65,43.69,-53.27,9.54,45305.236,2023-10-03,10-03-2023-12-35-05-236.jpg
87.02,40.95,-58.59,8.89,45305.343,2023-10-03,10-03-2023-12-35-05-343.jpg
75.23,43.33,-57.71,11.18,45305.451,2023-10-03,10-03-2023-12-35-05-451.jpg
67.76,47.4,-52.16,12.08,45305.556,2023-10-03,10-03-2023-12-35-05-556.jpg
55.21,52.04,-47.08,5.76,45305.652,2023-10-03,10-03-2023-12-35-05-652.jpg
49.41,60.69,-36.05,4.48,45305.751,2023-10-03,10-03-2023-12-35-05-751.jpg
46.26,68.99,-28.08,8.72,45305.854,2023-10-03,10-03-2023-12-35-05-854.jpg
41.25,74.8,-22.04,10.17,45305.972,2023-10-03,10-03-2023-12-35-05-972.jpg
40.89,75.46,-22.02,11.65,45306.07,2023-10-03,10-03-2023-12-35-06-070.jpg
40.5,77.22,-19.47,10.36,45306.192,2023-10-03,10-03-2023-12-35-06-192.jpg
36.98,79.73,-15.73,8.55,45306.289,2023-10-03,10-03-2023-12-35-06-289.jpg
37.71,81.96,-10.66,3.55,45306.42,2023-10-03,10-03-2023-12-35-06-420.jpg
36.75,81.96,-10.34,3.02,45306.52,2023-10-03,10-03-2023-12-35-06-520.jpg
38.16,78.66,-16.39,7.41,45306.617,2023-10-03,10-03-2023-12-35-06-617.jpg
43.58,71.2,-28.5,14.31,45306.715,2023-10-03,10-03-2023-12-35-06-715.jpg
45.54,69.17,-30.63,13.75,45306.821,2023-10-03,10-03-2023-12-35-06-821.jpg
55.15,56.61,-46.57,13.58,45306.915,2023-10-03,10-03-2023-12-35-06-915.jpg
62.36,52.63,-49.07,11.64,45307.015,2023-10-03,10-03-2023-12-35-07-015.jpg
63.4,52.17,-48.65,9.51,45307.115,2023-10-03,10-03-2023-12-35-07-115.jpg
63.56,52.2,-48.31,8.69,45307.217,2023-10-03,10-03-2023-12-35-07-217.jpg
63.61,52.26,-48.04,8.37,45307.314,2023-10-03,10-03-2023-12-35-07-314.jpg
72.56,46.35,-57.91,8.36,45307.422,2023-10-03,10-03-2023-12-35-07-422.jpg
92.15,41.07,-64.55,6.11,45307.534,2023-10-03,10-03-2023-12-35-07-534.jpg
104.99,43.75,-54.2,1.35,45307.637,2023-10-03,10-03-2023-12-35-07-637.jpg
119.7,53.3,-38.06,10.07,45307.739,2023-10-03,10-03-2023-12-35-07-739.jpg
129.42,64.29,-25.76,11.13,45307.872,2023-10-03,10-03-2023-12-35-07-872.jpg
135.94,71.9,-16.15,13.15,45307.971,2023-10-03,10-03-2023-12-35-07-971.jpg
137.56,77.09,-8.85,14.58,45308.09,2023-10-03,10-03-2023-12-35-08-090.jpg
136.35,74.42,-12.1,14.72,45308.186,2023-10-03,10-03-2023-12-35-08-186.jpg
135.63,74.12,-12.67,14.14,45308.283,2023-10-03,10-03-2023-12-35-08-283.jpg
136.05,73.89,-13.32,13.11,45308.384,2023-10-03,10-03-2023-12-35-08-384.jpg
136.32,74.2,-12.38,13.8,45308.482,2023-10-03,10-03-2023-12-35-08-482.jpg
136.76,74.13,-12.39,14.16,45308.582,2023-10-03,10-03-2023-12-35-08-582.jpg
136.93,74.07,-12.31,14.12,45308.69,2023-10-03,10-03-2023-12-35-08-690.jpg
134.06,70.16,-18.85,9.5,45308.806,2023-10-03,10-03-2023-12-35-08-806.jpg
124.95,57.79,-34.53,1.87,45308.903,2023-10-03,10-03-2023-12-35-08-903.jpg
109.15,48.75,-44.85,3.84,45309.01,2023-10-03,10-03-2023-12-35-09-010.jpg
90.88,41.32,-60.09,2.64,45309.1,2023-10-03,10-03-2023-12-35-09-100.jpg
77.58,43.2,-59.11,11.42,45309.204,2023-10-03,10-03-2023-12-35-09-204.jpg
70.01,47.11,-53.1,11.87,45309.319,2023-10-03,10-03-2023-12-35-09-319.jpg
70.25,47.82,-52.64,12.61,45309.421,2023-10-03,10-03-2023-12-35-09-421.jpg
58.49,53.09,-43.61,3.48,45309.516,2023-10-03,10-03-2023-12-35-09-516.jpg
48.27,62.77,-33.27,4.42,45309.62,2023-10-03,10-03-2023-12-35-09-620.jpg
42.45,70.49,-25.99,8.37,45309.717,2023-10-03,10-03-2023-12-35-09-717.jpg
39.4,77.62,-15.15,3.3,45309.821,2023-10-03,10-03-2023-12-35-09-821.jpg
39.24,80.66,-11.75,3.73,45309.933,2023-10-03,10-03-2023-12-35-09-933.jpg
39.34,80.6,-12.87,5.66,45310.039,2023-10-03,10-03-2023-12-35-10-039.jpg
39.26,80.28,-13.95,7.07,45310.142,2023-10-03,10-03-2023-12-35-10-142.jpg
39.3,80.09,-14.53,7.84,45310.235,2023-10-03,10-03-2023-12-35-10-235.jpg
38.8,79.67,-14.94,7.76,45310.346,2023-10-03,10-03-2023-12-35-10-346.jpg
42.45,78.59,-16.37,8.99,45310.458,2023-10-03,10-03-2023-12-35-10-458.jpg
46.1,71.45,-25.62,12.14,45310.554,2023-10-03,10-03-2023-12-35-10-554.jpg
53.92,58.27,-44.92,13.67,45310.655,2023-10-03,10-03-2023-12-35-10-655.jpg
72.05,47.14,-58.29,11.76,45310.755,2023-10-03,10-03-2023-12-35-10-755.jpg
93.34,41.33,-64.92,5.94,45310.853,2023-10-03,10-03-2023-12-35-10-853.jpg
109.46,47.85,-48.31,6.01,45310.969,2023-10-03,10-03-2023-12-35-10-969.jpg
119.44,52.19,-36.67,14.24,45311.071,2023-10-03,10-03-2023-12-35-11-071.jpg
129.63,63.63,-23.69,13.93,45311.173,2023-10-03,10-03-2023-12-35-11-173.jpg
134.08,71.36,-14.33,17.89,45311.27,2023-10-03,10-03-2023-12-35-11-270.jpg
136.45,75.17,-10.57,16.22,45311.383,2023-10-03,10-03-2023-12-35-11-383.jpg
134.22,75.54,-9.86,16.5,45311.49,2023-10-03,10-03-2023-12-35-11-490.jpg
134.15,73.58,-12.78,15.44,45311.6,2023-10-03,10-03-2023-12-35-11-600.jpg
133.64,72.04,-16.18,11.08,45311.706,2023-10-03,10-03-2023-12-35-11-706.jpg
124.89,59.87,-32.67,6.32,45311.818,2023-10-03,10-03-2023-12-35-11-818.jpg
119.73,53.94,-38.35,6.88,45311.931,2023-10-03,10-03-2023-12-35-11-931.jpg
105.93,47.43,-47.09,8.77,45312.035,2023-10-03,10-03-2023-12-35-12-035.jpg
94.0,43.41,-57.33,11.82,45312.153,2023-10-03,10-03-2023-12-35-12-153.jpg
86.62,42.04,-60.06,11.71,45312.253,2023-10-03,10-03-2023-12-35-12-253.jpg
74.18,43.56,-61.42,13.91,45312.37,2023-10-03,10-03-2023-12-35-12-370.jpg
66.11,47.89,-53.71,11.49,45312.468,2023-10-03,10-03-2023-12-35-12-468.jpg
56.16,51.94,-49.11,6.76,45312.58,2023-10-03,10-03-2023-12-35-12-580.jpg
50.83,56.37,-44.71,8.22,45312.677,2023-10-03,10-03-2023-12-35-12-677.jpg
47.45,66.41,-31.89,8.81,45312.793,2023-10-03,10-03-2023-12-35-12-793.jpg
43.05,71.9,-27.85,14.13,45312.914,2023-10-03,10-03-2023-12-35-12-914.jpg
40.09,76.33,-20.2,9.73,45313.017,2023-10-03,10-03-2023-12-35-13-017.jpg
39.03,78.39,-17.52,9.1,45313.132,2023-10-03,10-03-2023-12-35-13-132.jpg
37.31,79.06,-16.08,7.45,45313.233,2023-10-03,10-03-2023-12-35-13-233.jpg
38.7,78.53,-17.01,8.54,45313.341,2023-10-03,10-03-2023-12-35-13-341.jpg
38.87,78.21,-17.61,8.88,45313.436,2023-10-03,10-03-2023-12-35-13-436.jpg
39.42,76.73,-19.98,10.26,45313.55,2023-10-03,10-03-2023-12-35-13-550.jpg
44.34,68.16,-30.19,10.85,45313.658,2023-10-03,10-03-2023-12-35-13-658.jpg
65.35,50.22,-50.32,11.63,45313.769,2023-10-03,10-03-2023-12-35-13-769.jpg
77.6,44.13,-61.98,4.5,45313.878,2023-10-03,10-03-2023-12-35-13-878.jpg
93.34,42.37,-57.55,2.24,45313.988,2023-10-03,10-03-2023-12-35-13-988.jpg
108.96,46.61,-49.1,4.45,45314.089,2023-10-03,10-03-2023-12-35-14-089.jpg
119.49,50.49,-37.73,13.88,45314.188,2023-10-03,10-03-2023-12-35-14-188.jpg
124.78,56.54,-30.9,13.08,45314.303,2023-10-03,10-03-2023-12-35-14-303.jpg
130.33,64.44,-24.32,12.88,45314.406,2023-10-03,10-03-2023-12-35-14-406.jpg
133.49,68.74,-20.12,12.72,45314.506,2023-10-03,10-03-2023-12-35-14-506.jpg
134.95,71.02,-15.89,16.36,45314.617,2023-10-03,10-03-2023-12-35-14-617.jpg
133.5,69.85,-18.2,13.82,45314.714,2023-10-03,10-03-2023-12-35-14-714.jpg
132.01,67.38,-22.19,9.6,45314.825,2023-10-03,10-03-2023-12-35-14-825.jpg
127.15,63.08,-27.31,8.44,45314.938,2023-10-03,10-03-2023-12-35-14-938.jpg
122.33,51.88,-39.88,5.94,45315.051,2023-10-03,10-03-2023-12-35-15-051.jpg
102.25,45.13,-47.32,5.02,45315.153,2023-10-03,10-03-2023-12-35-15-153.jpg
88.86,42.25,-57.35,7.63,45315.252,2023-10-03,10-03-2023-12-35-15-252.jpg
80.29,43.21,-59.91,10.0,45315.351,2023-10-03,10-03-2023-12-35-15-351.jpg
69.4,47.34,-52.99,11.24,45315.457,2023-10-03,10-03-2023-12-35-15-457.jpg
58.55,51.79,-44.83,5.76,45315.553,2023-10-03,10-03-2023-12-35-15-553.jpg
52.72,55.24,-45.22,7.16,45315.656,2023-10-03,10-03-2023-12-35-15-656.jpg
48.54,63.44,-33.92,6.63,45315.768,2023-10-03,10-03-2023-12-35-15-768.jpg
45.97,69.15,-28.87,11.03,45315.868,2023-10-03,10-03-2023-12-35-15-868.jpg
42.85,74.25,-22.02,9.84,45315.965,2023-10-03,10-03-2023-12-35-15-965.jpg
40.29,77.1,-18.44,8.68,45316.074,2023-10-03,10-03-2023-12-35-16-074.jpg
38.46,78.45,-16.78,8.6,45316.183,2023-10-03,10-03-2023-12-35-16-183.jpg
38.09,80.53,-12.73,4.97,45316.282,2023-10-03,10-03-2023-12-35-16-282.jpg
38.18,80.72,-12.43,4.77,45316.387,2023-10-03,10-03-2023-12-35-16-387.jpg
37.67,80.66,-12.5,4.7,45316.484,2023-10-03,10-03-2023-12-35-16-484.jpg
38.44,79.32,-15.29,7.28,45316.605,2023-10-03,10-03-2023-12-35-16-605.jpg
41.87,77.99,-17.15,8.69,45316.701,2023-10-03,10-03-2023-12-35-16-701.jpg
42.31,70.95,-28.24,13.77,45316.802,2023-10-03,10-03-2023-12-35-16-802.jpg
54.25,57.32,-47.28,14.89,45316.904,2023-10-03,10-03-2023-12-35-16-904.jpg
69.83,48.08,-54.83,12.79,45317.004,2023-10-03,10-03-2023-12-35-17-004.jpg
83.52,42.83,-62.28,7.54,45317.106,2023-10-03,10-03-2023-12-35-17-106.jpg
96.44,43.67,-56.97,5.63,45317.222,2023-10-03,10-03-2023-12-35-17-222.jpg
104.14,45.59,-51.14,2.22,45317.318,2023-10-03,10-03-2023-12-35-17-318.jpg
115.73,46.9,-50.92,5.38,45317.418,2023-10-03,10-03-2023-12-35-17-418.jpg
125.07,57.93,-33.15,11.12,45317.548,2023-10-03,10-03-2023-12-35-17-548.jpg
130.16,66.03,-22.77,14.31,45317.655,2023-10-03,10-03-2023-12-35-17-655.jpg
134.5,70.91,-15.51,18.29,45317.75,2023-10-03,10-03-2023-12-35-17-750.jpg
134.72,71.59,-14.88,18.24,45317.85,2023-10-03,10-03-2023-12-35-17-850.jpg
134.79,71.1,-16.47,15.14,45317.951,2023-10-03,10-03-2023-12-35-17-951.jpg
136.13,72.8,-13.59,16.51,45318.052,2023-10-03,10-03-2023-12-35-18-052.jpg
135.65,75.01,-9.93,18.49,45318.151,2023-10-03,10-03-2023-12-35-18-151.jpg
134.19,72.5,-14.09,15.08,45318.253,2023-10-03,10-03-2023-12-35-18-253.jpg
129.85,65.66,-24.03,9.44,45318.36,2023-10-03,10-03-2023-12-35-18-360.jpg
113.25,53.94,-38.19,1.89,45318.47,2023-10-03,10-03-2023-12-35-18-470.jpg
96.18,44.83,-50.51,7.12,45318.585,2023-10-03,10-03-2023-12-35-18-585.jpg
84.06,41.83,-58.26,8.28,45318.686,2023-10-03,10-03-2023-12-35-18-686.jpg
72.81,44.7,-56.21,11.4,45318.789,2023-10-03,10-03-2023-12-35-18-789.jpg
58.19,52.15,-40.9,0.32,45318.906,2023-10-03,10-03-2023-12-35-18-906.jpg
52.43,54.92,-43.41,6.73,45319.007,2023-10-03,10-03-2023-12-35-19-007.jpg
45.74,66.59,-29.68,6.09,45319.117,2023-10-03,10-03-2023-12-35-19-117.jpg
41.38,71.93,-25.04,9.57,45319.216,2023-10-03,10-03-2023-12-35-19-216.jpg
41.87,72.86,-24.9,11.51,45319.318,2023-10-03,10-03-2023-12-35-19-318.jpg
40.09,76.63,-19.09,7.94,45319.43,2023-10-03,10-03-2023-12-35-19-430.jpg
39.54,81.09,-11.43,3.23,45319.542,2023-10-03,10-03-2023-12-35-19-542.jpg
39.26,80.99,-12.41,4.86,45319.635,2023-10-03,10-03-2023-12-35-19-635.jpg
38.62,78.71,-16.04,6.38,45319.738,2023-10-03,10-03-2023-12-35-19-738.jpg
41.1,76.98,-19.15,9.11,45319.874,2023-10-03,10-03-2023-12-35-19-874.jpg
46.42,70.69,-28.73,13.46,45319.974,2023-10-03,10-03-2023-12-35-19-974.jpg
60.92,55.21,-48.28,13.89,45320.085,2023-10-03,10-03-2023-12-35-20-085.jpg
77.27,46.82,-57.66,5.31,45320.19,2023-10-03,10-03-2023-12-35-20-190.jpg
92.31,42.37,-61.45,2.45,45320.303,2023-10-03,10-03-2023-12-35-20-303.jpg
100.84,45.41,-53.49,2.21,45320.404,2023-10-03,10-03-2023-12-35-20-404.jpg
107.71,48.04,-47.87,4.26,45320.502,2023-10-03,10-03-2023-12-35-20-502.jpg
107.69,48.81,-46.39,4.78,45320.616,2023-10-03,10-03-2023-12-35-20-616.jpg
122.94,56.6,-34.0,11.35,45320.714,2023-10-03,10-03-2023-12-35-20-714.jpg
123.09,58.16,-33.8,10.51,45320.84,2023-10-03,10-03-2023-12-35-20-840.jpg
131.5,69.31,-18.66,15.52,45320.951,2023-10-03,10-03-2023-12-35-20-951.jpg
135.89,75.75,-10.55,15.71,45321.052,2023-10-03,10-03-2023-12-35-21-052.jpg
137.44,79.15,-5.62,15.74,45321.151,2023-10-03,10-03-2023-12-35-21-151.jpg
136.79,78.9,-5.65,16.2,45321.257,2023-10-03,10-03-2023-12-35-21-257.jpg
135.16,73.42,-13.75,13.02,45321.349,2023-10-03,10-03-2023-12-35-21-349.jpg
134.35,73.24,-13.33,14.08,45321.461,2023-10-03,10-03-2023-12-35-21-461.jpg
125.36,58.26,-35.13,4.68,45321.57,2023-10-03,10-03-2023-12-35-21-570.jpg
113.18,51.56,-41.06,4.35,45321.674,2023-10-03,10-03-2023-12-35-21-674.jpg
99.78,44.37,-49.79,6.3,45321.784,2023-10-03,10-03-2023-12-35-21-784.jpg
89.73,41.81,-58.4,4.48,45321.891,2023-10-03,10-03-2023-12-35-21-891.jpg
75.07,43.8,-58.62,11.98,45321.998,2023-10-03,10-03-2023-12-35-21-998.jpg
71.74,46.35,-54.11,11.66,45322.099,2023-10-03,10-03-2023-12-35-22-099.jpg
60.66,50.92,-46.29,5.3,45322.198,2023-10-03,10-03-2023-12-35-22-198.jpg
60.55,51.8,-45.64,6.26,45322.3,2023-10-03,10-03-2023-12-35-22-300.jpg
49.83,61.09,-35.57,5.82,45322.402,2023-10-03,10-03-2023-12-35-22-402.jpg
44.65,69.41,-29.19,12.86,45322.507,2023-10-03,10-03-2023-12-35-22-507.jpg
42.16,74.32,-22.13,9.68,45322.62,2023-10-03,10-03-2023-12-35-22-620.jpg
38.48,80.47,-12.43,4.07,45322.734,2023-10-03,10-03-2023-12-35-22-734.jpg
39.37,81.37,-11.8,4.9,45322.846,2023-10-03,10-03-2023-12-35-22-846.jpg
39.09,78.56,-17.41,9.55,45322.95,2023-10-03,10-03-2023-12-35-22-950.jpg
40.1,77.1,-19.67,10.62,45323.05,2023-10-03,10-03-2023-12-35-23-050.jpg
42.87,75.45,-21.78,11.75,45323.16,2023-10-03,10-03-2023-12-35-23-160.jpg
47.11,66.65,-34.61,17.95,45323.253,2023-10-03,10-03-2023-12-35-23-253.jpg
56.01,57.0,-46.59,14.79,45323.351,2023-10-03,10-03-2023-12-35-23-351.jpg
73.22,46.96,-59.22,10.58,45323.453,2023-10-03,10-03-2023-12-35-23-453.jpg
74.51,46.11,-58.96,7.6,45323.555,2023-10-03,10-03-2023-12-35-23-555.jpg
86.06,41.19,-64.59,7.3,45323.651,2023-10-03,10-03-2023-12-35-23-651.jpg
86.24,40.28,-64.3,5.91,45323.757,2023-10-03,10-03-2023-12-35-23-757.jpg
99.89,42.95,-57.58,1.15,45323.881,2023-10-03,10-03-2023-12-35-23-881.jpg
113.28,45.88,-50.22,2.45,45323.991,2023-10-03,10-03-2023-12-35-23-991.jpg
122.81,55.4,-35.2,9.75,45324.093,2023-10-03,10-03-2023-12-35-24-093.jpg
127.9,61.79,-29.59,6.77,45324.188,2023-10-03,10-03-2023-12-35-24-188.jpg
134.18,71.31,-14.21,18.44,45324.296,2023-10-03,10-03-2023-12-35-24-296.jpg
135.77,73.43,-10.81,21.2,45324.38,2023-10-03,10-03-2023-12-35-24-380.jpg
136.2,73.77,-10.1,20.85,45324.482,2023-10-03,10-03-2023-12-35-24-482.jpg
133.83,70.93,-15.8,15.01,45324.59,2023-10-03,10-03-2023-12-35-24-590.jpg
132.84,68.96,-18.9,13.6,45324.688,2023-10-03,10-03-2023-12-35-24-688.jpg
122.66,55.31,-37.38,7.48,45324.799,2023-10-03,10-03-2023-12-35-24-799.jpg
120.09,53.89,-38.84,7.92,45324.912,2023-10-03,10-03-2023-12-35-24-912.jpg
101.36,45.91,-50.83,5.39,45325.014,2023-10-03,10-03-2023-12-35-25-014.jpg
91.25,42.06,-64.39,6.86,45325.12,2023-10-03,10-03-2023-12-35-25-120.jpg
90.78,41.75,-66.27,8.68,45325.222,2023-10-03,10-03-2023-12-35-25-222.jpg
83.82,40.91,-65.21,10.68,45325.317,2023-10-03,10-03-2023-12-35-25-317.jpg
76.03,43.28,-62.32,12.79,45325.418,2023-10-03,10-03-2023-12-35-25-418.jpg
58.67,49.37,-50.77,6.11,45325.536,2023-10-03,10-03-2023-12-35-25-536.jpg
48.34,62.73,-33.7,5.0,45325.635,2023-10-03,10-03-2023-12-35-25-635.jpg
43.81,69.93,-27.16,9.88,45325.732,2023-10-03,10-03-2023-12-35-25-732.jpg
39.36,76.34,-17.73,4.81,45325.837,2023-10-03,10-03-2023-12-35-25-837.jpg
37.18,80.06,-13.64,4.98,45325.938,2023-10-03,10-03-2023-12-35-25-938.jpg
38.57,81.34,-12.31,5.28,45326.032,2023-10-03,10-03-2023-12-35-26-032.jpg
38.7,80.87,-13.59,6.88,45326.138,2023-10-03,10-03-2023-12-35-26-138.jpg
39.62,79.01,-17.04,9.55,45326.253,2023-10-03,10-03-2023-12-35-26-253.jpg
42.84,76.94,-19.93,11.36,45326.35,2023-10-03,10-03-2023-12-35-26-350.jpg
47.65,66.81,-34.7,16.03,45326.45,2023-10-03,10-03-2023-12-35-26-450.jpg
55.89,57.28,-46.79,14.5,45326.553,2023-10-03,10-03-2023-12-35-26-553.jpg
58.18,55.96,-46.84,11.17,45326.648,2023-10-03,10-03-2023-12-35-26-648.jpg
68.14,50.05,-50.43,9.65,45326.759,2023-10-03,10-03-2023-12-35-26-759.jpg
88.24,41.65,-65.73,4.54,45326.881,2023-10-03,10-03-2023-12-35-26-881.jpg
103.41,43.93,-55.92,1.76,45326.983,2023-10-03,10-03-2023-12-35-26-983.jpg
117.78,49.06,-42.72,8.48,45327.085,2023-10-03,10-03-2023-12-35-27-085.jpg
124.84,56.28,-32.5,11.87,45327.182,2023-10-03,10-03-2023-12-35-27-182.jpg
130.94,66.32,-21.27,14.3,45327.285,2023-10-03,10-03-2023-12-35-27-285.jpg
134.28,69.32,-17.85,15.83,45327.387,2023-10-03,10-03-2023-12-35-27-387.jpg
135.77,72.35,-12.94,19.59,45327.485,2023-10-03,10-03-2023-12-35-27-485.jpg
135.01,71.17,-15.08,16.05,45327.591,2023-10-03,10-03-2023-12-35-27-591.jpg
132.81,67.93,-20.81,11.58,45327.699,2023-10-03,10-03-2023-12-35-27-699.jpg
125.18,59.03,-34.58,6.24,45327.802,2023-10-03,10-03-2023-12-35-27-802.jpg
121.2,52.3,-42.4,7.6,45327.911,2023-10-03,10-03-2023-12-35-27-911.jpg
101.2,45.23,-51.19,3.15,45328.0,2023-10-03,10-03-2023-12-35-28-000.jpg
99.14,44.75,-51.86,5.2,45328.096,2023-10-03,10-03-2023-12-35-28-096.jpg
95.19,43.1,-55.07,4.5,45328.203,2023-10-03,10-03-2023-12-35-28-203.jpg
78.8,44.43,-56.68,4.02,45328.299,2023-10-03,10-03-2023-12-35-28-299.jpg
66.89,47.49,-52.96,9.14,45328.399,2023-10-03,10-03-2023-12-35-28-399.jpg
53.07,55.72,-41.83,4.98,45328.505,2023-10-03,10-03-2023-12-35-28-505.jpg
47.79,65.45,-30.15,4.85,45328.619,2023-10-03,10-03-2023-12-35-28-619.jpg
44.44,70.83,-25.79,9.1,45328.727,2023-10-03,10-03-2023-12-35-28-727.jpg
41.73,75.69,-19.07,6.82,45328.839,2023-10-03,10-03-2023-12-35-28-839.jpg
38.9,78.71,-15.39,5.96,45328.938,2023-10-03,10-03-2023-12-35-28-938.jpg
37.26,81.04,-11.68,3.36,45329.05,2023-10-03,10-03-2023-12-35-29-050.jpg
38.21,81.26,-11.65,3.88,45329.156,2023-10-03,10-03-2023-12-35-29-156.jpg
37.69,81.3,-11.71,4.0,45329.259,2023-10-03,10-03-2023-12-35-29-259.jpg
37.78,80.35,-12.9,4.25,45329.348,2023-10-03,10-03-2023-12-35-29-348.jpg
38.66,78.82,-15.21,5.34,45329.453,2023-10-03,10-03-2023-12-35-29-453.jpg
40.27,77.78,-16.85,6.86,45329.572,2023-10-03,10-03-2023-12-35-29-572.jpg
41.04,76.65,-19.16,8.61,45329.672,2023-10-03,10-03-2023-12-35-29-672.jpg
48.1,63.89,-37.27,11.97,45329.767,2023-10-03,10-03-2023-12-35-29-767.jpg
54.16,59.16,-43.06,11.05,45329.887,2023-10-03,10-03-2023-12-35-29-887.jpg
71.56,46.54,-61.16,12.63,45329.991,2023-10-03,10-03-2023-12-35-29-991.jpg
88.95,41.68,-65.64,4.63,45330.092,2023-10-03,10-03-2023-12-35-30-092.jpg
100.34,43.74,-57.19,0.81,45330.2,2023-10-03,10-03-2023-12-35-30-200.jpg
113.61,48.58,-48.01,4.09,45330.305,2023-10-03,10-03-2023-12-35-30-305.jpg
125.8,55.3,-34.01,8.48,45330.4,2023-10-03,10-03-2023-12-35-30-400.jpg
132.44,67.67,-20.66,11.77,45330.52,2023-10-03,10-03-2023-12-35-30-520.jpg
137.87,73.48,-13.68,13.57,45330.617,2023-10-03,10-03-2023-12-35-30-617.jpg
139.06,77.14,-9.85,12.21,45330.715,2023-10-03,10-03-2023-12-35-30-715.jpg
139.46,77.1,-10.2,10.88,45330.817,2023-10-03,10-03-2023-12-35-30-817.jpg
137.13,73.42,-16.07,8.28,45330.918,2023-10-03,10-03-2023-12-35-30-918.jpg
137.41,72.46,-17.07,7.98,45331.021,2023-10-03,10-03-2023-12-35-31-021.jpg
137.52,72.19,-16.89,8.78,45331.127,2023-10-03,10-03-2023-12-35-31-127.jpg
129.58,61.83,-31.91,1.35,45331.231,2023-10-03,10-03-2023-12-35-31-231.jpg
109.06,47.87,-48.18,0.3,45331.333,2023-10-03,10-03-2023-12-35-31-333.jpg
91.91,41.95,-61.4,4.58,45331.453,2023-10-03,10-03-2023-12-35-31-453.jpg
78.74,43.29,-61.41,9.38,45331.557,2023-10-03,10-03-2023-12-35-31-557.jpg
64.54,48.83,-53.24,10.97,45331.681,2023-10-03,10-03-2023-12-35-31-681.jpg
53.9,54.94,-41.04,2.68,45331.784,2023-10-03,10-03-2023-12-35-31-784.jpg
48.83,59.01,-38.27,3.3,45331.889,2023-10-03,10-03-2023-12-35-31-889.jpg
44.69,67.89,-27.84,5.03,45331.99,2023-10-03,10-03-2023-12-35-31-990.jpg
42.71,72.32,-24.44,9.51,45332.098,2023-10-03,10-03-2023-12-35-32-098.jpg
40.15,75.3,-20.32,7.98,45332.197,2023-10-03,10-03-2023-12-35-32-197.jpg
38.29,78.61,-15.32,5.5,45332.303,2023-10-03,10-03-2023-12-35-32-303.jpg
36.89,80.75,-12.79,5.01,45332.43,2023-10-03,10-03-2023-12-35-32-430.jpg
37.05,80.91,-13.01,5.82,45332.53,2023-10-03,10-03-2023-12-35-32-530.jpg
37.39,80.34,-13.72,6.09,45332.642,2023-10-03,10-03-2023-12-35-32-642.jpg
38.74,79.08,-15.53,6.99,45332.734,2023-10-03,10-03-2023-12-35-32-734.jpg
44.05,72.74,-27.54,16.1,45332.844,2023-10-03,10-03-2023-12-35-32-844.jpg
51.12,60.22,-44.72,16.22,45332.933,2023-10-03,10-03-2023-12-35-32-933.jpg
68.44,49.28,-54.26,13.47,45333.037,2023-10-03,10-03-2023-12-35-33-037.jpg
83.41,42.04,-65.67,7.35,45333.16,2023-10-03,10-03-2023-12-35-33-160.jpg
92.57,41.84,-64.91,5.23,45333.271,2023-10-03,10-03-2023-12-35-33-271.jpg
103.4,46.21,-51.91,1.85,45333.389,2023-10-03,10-03-2023-12-35-33-389.jpg
114.38,48.54,-47.72,3.81,45333.493,2023-10-03,10-03-2023-12-35-33-493.jpg
121.28,54.41,-36.66,11.93,45333.606,2023-10-03,10-03-2023-12-35-33-606.jpg
128.82,61.69,-27.73,10.23,45333.699,2023-10-03,10-03-2023-12-35-33-699.jpg
130.48,65.6,-23.95,9.88,45333.806,2023-10-03,10-03-2023-12-35-33-806.jpg
135.93,72.4,-15.19,13.75,45333.915,2023-10-03,10-03-2023-12-35-33-915.jpg
136.5,72.93,-14.07,14.81,45334.026,2023-10-03,10-03-2023-12-35-34-026.jpg
137.76,74.33,-11.72,15.84,45334.148,2023-10-03,10-03-2023-12-35-34-148.jpg
134.9,70.24,-18.78,10.94,45334.255,2023-10-03,10-03-2023-12-35-34-255.jpg
128.45,62.64,-31.57,3.05,45334.363,2023-10-03,10-03-2023-12-35-34-363.jpg
118.44,52.72,-40.91,1.83,45334.471,2023-10-03,10-03-2023-12-35-34-471.jpg
107.08,47.39,-47.51,3.88,45334.571,2023-10-03,10-03-2023-12-35-34-571.jpg
94.78,42.9,-56.4,7.94,45334.67,2023-10-03,10-03-2023-12-35-34-670.jpg
81.22,42.78,-58.48,8.83,45334.766,2023-10-03,10-03-2023-12-35-34-766.jpg
76.14,43.32,-61.06,13.42,45334.879,2023-10-03,10-03-2023-12-35-34-879.jpg
60.19,50.32,-46.89,5.25,45334.989,2023-10-03,10-03-2023-12-35-34-989.jpg
59.71,51.76,-44.75,4.78,45335.11,2023-10-03,10-03-2023-12-35-35-110.jpg
52.9,53.63,-47.95,7.3,45335.201,2023-10-03,10-03-2023-12-35-35-201.jpg
47.17,63.1,-33.76,5.27,45335.297,2023-10-03,10-03-2023-12-35-35-297.jpg
41.38,70.59,-25.34,7.26,45335.399,2023-10-03,10-03-2023-12-35-35-399.jpg
41.8,71.66,-25.21,9.33,45335.5,2023-10-03,10-03-2023-12-35-35-500.jpg
40.25,74.8,-20.22,6.92,45335.603,2023-10-03,10-03-2023-12-35-35-603.jpg
38.3,80.55,-10.86,0.72,45335.703,2023-10-03,10-03-2023-12-35-35-703.jpg
38.61,81.32,-9.93,0.78,45335.805,2023-10-03,10-03-2023-12-35-35-805.jpg
38.04,81.74,-9.75,1.33,45335.921,2023-10-03,10-03-2023-12-35-35-921.jpg
37.9,80.11,-12.88,3.82,45336.019,2023-10-03,10-03-2023-12-35-36-019.jpg
42.46,78.23,-16.73,8.64,45336.117,2023-10-03,10-03-2023-12-35-36-117.jpg
44.97,68.51,-29.84,12.74,45336.231,2023-10-03,10-03-2023-12-35-36-231.jpg
53.85,58.29,-44.51,12.81,45336.355,2023-10-03,10-03-2023-12-35-36-355.jpg
71.55,47.3,-56.74,13.01,45336.458,2023-10-03,10-03-2023-12-35-36-458.jpg
86.79,42.34,-64.56,6.61,45336.574,2023-10-03,10-03-2023-12-35-36-574.jpg
94.98,43.86,-60.93,2.48,45336.679,2023-10-03,10-03-2023-12-35-36-679.jpg
103.01,45.48,-53.95,1.12,45336.786,2023-10-03,10-03-2023-12-35-36-786.jpg
109.64,47.76,-48.55,2.37,45336.885,2023-10-03,10-03-2023-12-35-36-885.jpg
109.49,48.57,-46.63,3.61,45336.982,2023-10-03,10-03-2023-12-35-36-982.jpg
118.76,52.52,-40.87,8.1,45337.091,2023-10-03,10-03-2023-12-35-37-091.jpg
127.72,60.0,-33.07,4.88,45337.193,2023-10-03,10-03-2023-12-35-37-193.jpg
134.52,70.77,-17.36,13.04,45337.313,2023-10-03,10-03-2023-12-35-37-313.jpg
137.41,75.35,-11.67,12.47,45337.409,2023-10-03,10-03-2023-12-35-37-409.jpg
137.94,76.96,-9.03,13.49,45337.519,2023-10-03,10-03-2023-12-35-37-519.jpg
136.6,73.99,-12.95,12.05,45337.615,2023-10-03,10-03-2023-12-35-37-615.jpg
135.42,70.58,-17.24,10.1,45337.719,2023-10-03,10-03-2023-12-35-37-719.jpg
126.22,58.98,-34.92,1.98,45337.837,2023-10-03,10-03-2023-12-35-37-837.jpg
116.09,53.25,-38.2,2.69,45337.936,2023-10-03,10-03-2023-12-35-37-936.jpg
105.23,48.45,-46.64,6.35,45338.056,2023-10-03,10-03-2023-12-35-38-056.jpg
92.13,45.14,-53.46,4.99,45338.152,2023-10-03,10-03-2023-12-35-38-152.jpg
80.79,44.64,-58.05,11.99,45338.276,2023-10-03,10-03-2023-12-35-38-276.jpg
80.47,44.61,-58.63,12.6,45338.365,2023-10-03,10-03-2023-12-35-38-365.jpg
80.71,44.26,-58.67,11.89,45338.466,2023-10-03,10-03-2023-12-35-38-466.jpg
74.71,44.35,-60.97,12.42,45338.576,2023-10-03,10-03-2023-12-35-38-576.jpg
59.58,49.58,-53.13,7.7,45338.669,2023-10-03,10-03-2023-12-35-38-669.jpg
49.23,61.79,-35.25,5.87,45338.786,2023-10-03,10-03-2023-12-35-38-786.jpg
45.71,69.44,-29.1,10.98,45338.898,2023-10-03,10-03-2023-12-35-38-898.jpg
41.46,75.62,-19.53,7.04,45339.0,2023-10-03,10-03-2023-12-35-39-000.jpg
40.33,77.97,-16.97,7.27,45339.1,2023-10-03,10-03-2023-12-35-39-100.jpg
37.33,79.69,-14.02,4.89,45339.199,2023-10-03,10-03-2023-12-35-39-199.jpg
38.28,81.29,-11.2,3.05,45339.305,2023-10-03,10-03-2023-12-35-39-305.jpg
39.47,81.18,-11.24,3.0,45339.398,2023-10-03,10-03-2023-12-35-39-398.jpg
40.19,79.91,-14.13,6.02,45339.518,2023-10-03,10-03-2023-12-35-39-518.jpg
40.65,78.11,-17.04,7.57,45339.627,2023-10-03,10-03-2023-12-35-39-627.jpg
43.97,72.85,-27.01,15.02,45339.731,2023-10-03,10-03-2023-12-35-39-731.jpg
44.71,71.19,-29.62,15.76,45339.829,2023-10-03,10-03-2023-12-35-39-829.jpg
45.92,69.3,-29.35,11.59,45339.93,2023-10-03,10-03-2023-12-35-39-930.jpg
53.7,58.63,-43.38,11.23,45340.038,2023-10-03,10-03-2023-12-35-40-038.jpg
66.99,49.69,-51.49,8.97,45340.15,2023-10-03,10-03-2023-12-35-40-150.jpg
87.51,41.48,-66.42,3.67,45340.258,2023-10-03,10-03-2023-12-35-40-258.jpg
102.06,43.57,-57.85,1.83,45340.368,2023-10-03,10-03-2023-12-35-40-368.jpg
113.02,47.6,-49.3,3.02,45340.462,2023-10-03,10-03-2023-12-35-40-462.jpg
120.46,49.99,-44.46,7.97,45340.565,2023-10-03,10-03-2023-12-35-40-565.jpg
127.82,58.84,-32.02,10.46,45340.67,2023-10-03,10-03-2023-12-35-40-670.jpg
131.79,65.22,-25.62,9.69,45340.766,2023-10-03,10-03-2023-12-35-40-766.jpg
136.02,72.37,-13.68,17.9,45340.87,2023-10-03,10-03-2023-12-35-40-870.jpg
137.66,75.32,-9.09,19.75,45340.969,2023-10-03,10-03-2023-12-35-40-969.jpg
137.26,76.29,-7.67,20.11,45341.072,2023-10-03,10-03-2023-12-35-41-072.jpg
134.87,71.46,-15.57,13.82,45341.204,2023-10-03,10-03-2023-12-35-41-204.jpg
134.5,70.24,-16.74,13.38,45341.299,2023-10-03,10-03-2023-12-35-41-299.jpg
134.81,69.76,-17.12,13.67,45341.401,2023-10-03,10-03-2023-12-35-41-401.jpg
126.73,57.67,-35.29,5.5,45341.499,2023-10-03,10-03-2023-12-35-41-499.jpg
108.01,49.42,-44.44,4.76,45341.601,2023-10-03,10-03-2023-12-35-41-601.jpg
89.99,43.21,-60.98,8.37,45341.718,2023-10-03,10-03-2023-12-35-41-718.jpg
76.98,44.25,-59.96,11.54,45341.815,2023-10-03,10-03-2023-12-35-41-815.jpg
66.32,47.59,-54.33,11.09,45341.925,2023-10-03,10-03-2023-12-35-41-925.jpg
56.33,53.58,-41.12,2.0,45342.014,2023-10-03,10-03-2023-12-35-42-014.jpg
49.59,54.84,-45.55,7.18,45342.117,2023-10-03,10-03-2023-12-35-42-117.jpg
47.18,65.08,-30.87,5.49,45342.234,2023-10-03,10-03-2023-12-35-42-234.jpg
42.04,71.7,-25.38,9.6,45342.341,2023-10-03,10-03-2023-12-35-42-341.jpg
41.8,75.95,-19.2,7.94,45342.465,2023-10-03,10-03-2023-12-35-42-465.jpg
38.41,81.19,-11.19,3.27,45342.564,2023-10-03,10-03-2023-12-35-42-564.jpg
38.39,81.57,-11.23,4.11,45342.676,2023-10-03,10-03-2023-12-35-42-676.jpg
38.12,80.33,-14.01,7.13,45342.783,2023-10-03,10-03-2023-12-35-42-783.jpg
38.04,79.89,-14.79,7.74,45342.889,2023-10-03,10-03-2023-12-35-42-889.jpg
41.89,78.16,-17.12,9.18,45342.982,2023-10-03,10-03-2023-12-35-42-982.jpg
46.04,70.14,-28.91,13.87,45343.09,2023-10-03,10-03-2023-12-35-43-090.jpg
53.96,57.25,-45.69,14.01,45343.187,2023-10-03,10-03-2023-12-35-43-187.jpg
69.68,47.97,-54.71,12.37,45343.299,2023-10-03,10-03-2023-12-35-43-299.jpg
83.3,42.14,-65.04,5.85,45343.401,2023-10-03,10-03-2023-12-35-43-401.jpg
87.56,40.39,-67.87,4.45,45343.52,2023-10-03,10-03-2023-12-35-43-520.jpg
95.4,41.59,-61.06,6.17,45343.617,2023-10-03,10-03-2023-12-35-43-617.jpg
111.11,43.39,-57.95,0.59,45343.716,2023-10-03,10-03-2023-12-35-43-716.jpg
117.17,50.78,-40.79,8.67,45343.827,2023-10-03,10-03-2023-12-35-43-827.jpg
123.73,56.69,-33.36,8.99,45343.919,2023-10-03,10-03-2023-12-35-43-919.jpg
127.62,62.21,-29.7,6.11,45344.021,2023-10-03,10-03-2023-12-35-44-021.jpg
132.76,69.78,-18.75,12.63,45344.117,2023-10-03,10-03-2023-12-35-44-117.jpg
134.91,71.6,-16.37,13.27,45344.217,2023-10-03,10-03-2023-12-35-44-217.jpg
135.83,71.29,-16.44,13.43,45344.334,2023-10-03,10-03-2023-12-35-44-334.jpg
134.99,73.24,-12.34,17.29,45344.437,2023-10-03,10-03-2023-12-35-44-437.jpg
132.79,68.44,-20.29,11.87,45344.557,2023-10-03,10-03-2023-12-35-44-557.jpg
124.6,59.35,-35.06,3.74,45344.651,2023-10-03,10-03-2023-12-35-44-651.jpg
109.87,50.47,-42.96,2.34,45344.752,2023-10-03,10-03-2023-12-35-44-752.jpg
100.58,45.63,-49.27,6.4,45344.862,2023-10-03,10-03-2023-12-35-44-862.jpg
91.73,43.51,-56.99,8.11,45344.967,2023-10-03,10-03-2023-12-35-44-967.jpg
79.43,43.14,-61.82,11.09,45345.081,2023-10-03,10-03-2023-12-35-45-081.jpg
67.5,46.01,-56.99,11.65,45345.197,2023-10-03,10-03-2023-12-35-45-197.jpg
56.14,52.02,-44.62,3.88,45345.309,2023-10-03,10-03-2023-12-35-45-309.jpg
48.2,61.5,-34.15,4.5,45345.434,2023-10-03,10-03-2023-12-35-45-434.jpg
45.49,69.53,-26.36,8.86,45345.545,2023-10-03,10-03-2023-12-35-45-545.jpg
41.8,74.68,-20.32,7.96,45345.662,2023-10-03,10-03-2023-12-35-45-662.jpg
42.35,75.43,-19.99,9.18,45345.782,2023-10-03,10-03-2023-12-35-45-782.jpg
38.6,78.84,-15.33,6.79,45345.902,2023-10-03,10-03-2023-12-35-45-902.jpg
38.61,81.65,-10.7,3.33,45346.033,2023-10-03,10-03-2023-12-35-46-033.jpg
38.44,81.66,-11.05,4.01,45346.156,2023-10-03,10-03-2023-12-35-46-156.jpg
41.05,78.56,-16.18,7.6,45346.272,2023-10-03,10-03-2023-12-35-46-272.jpg
47.13,67.06,-33.63,15.34,45346.409,2023-10-03,10-03-2023-12-35-46-409.jpg
62.66,54.13,-50.47,16.92,45346.518,2023-10-03,10-03-2023-12-35-46-518.jpg
78.16,46.06,-60.47,8.58,45346.65,2023-10-03,10-03-2023-12-35-46-650.jpg
92.43,42.45,-65.59,7.53,45346.763,2023-10-03,10-03-2023-12-35-46-763.jpg
104.73,46.07,-52.34,2.06,45346.883,2023-10-03,10-03-2023-12-35-46-883.jpg
115.13,48.68,-48.82,2.24,45346.995,2023-10-03,10-03-2023-12-35-46-995.jpg
120.53,55.25,-37.58,7.03,45347.115,2023-10-03,10-03-2023-12-35-47-115.jpg
120.52,57.01,-35.86,6.99,45347.232,2023-10-03,10-03-2023-12-35-47-232.jpg
129.46,61.69,-31.01,5.98,45347.346,2023-10-03,10-03-2023-12-35-47-346.jpg
134.79,71.4,-16.11,14.38,45347.464,2023-10-03,10-03-2023-12-35-47-464.jpg
136.53,72.42,-14.86,14.01,45347.582,2023-10-03,10-03-2023-12-35-47-582.jpg
133.66,68.85,-20.82,9.49,45347.699,2023-10-03,10-03-2023-12-35-47-699.jpg
129.9,66.76,-23.75,7.14,45347.816,2023-10-03,10-03-2023-12-35-47-816.jpg
122.26,58.0,-36.32,3.23,45347.927,2023-10-03,10-03-2023-12-35-47-927.jpg
109.8,49.56,-45.55,0.86,45348.047,2023-10-03,10-03-2023-12-35-48-047.jpg
99.88,45.83,-51.56,3.73,45348.168,2023-10-03,10-03-2023-12-35-48-168.jpg
86.25,41.45,-63.41,7.25,45348.28,2023-10-03,10-03-2023-12-35-48-280.jpg
72.38,45.14,-58.87,12.82,45348.379,2023-10-03,10-03-2023-12-35-48-379.jpg
63.06,49.93,-50.72,9.23,45348.5,2023-10-03,10-03-2023-12-35-48-500.jpg
51.3,53.69,-48.58,7.93,45348.615,2023-10-03,10-03-2023-12-35-48-615.jpg
51.28,55.1,-48.21,9.53,45348.731,2023-10-03,10-03-2023-12-35-48-731.jpg
45.96,68.46,-28.3,8.77,45348.849,2023-10-03,10-03-2023-12-35-48-849.jpg
41.01,76.32,-17.22,4.67,45348.965,2023-10-03,10-03-2023-12-35-48-965.jpg
39.91,78.34,-16.14,6.79,45349.077,2023-10-03,10-03-2023-12-35-49-077.jpg
38.02,79.81,-13.34,4.29,45349.195,2023-10-03,10-03-2023-12-35-49-195.jpg
37.23,80.29,-12.46,3.2,45349.316,2023-10-03,10-03-2023-12-35-49-316.jpg
38.98,81.31,-11.82,4.51,45349.433,2023-10-03,10-03-2023-12-35-49-433.jpg
39.38,79.2,-15.33,6.32,45349.547,2023-10-03,10-03-2023-12-35-49-547.jpg
41.91,77.74,-17.6,8.27,45349.666,2023-10-03,10-03-2023-12-35-49-666.jpg
44.4,67.24,-33.1,13.71,45349.776,2023-10-03,10-03-2023-12-35-49-776.jpg
52.79,59.66,-42.07,12.03,45349.882,2023-10-03,10-03-2023-12-35-49-882.jpg
62.9,53.58,-48.37,11.65,45349.997,2023-10-03,10-03-2023-12-35-49-997.jpg
67.35,50.43,-51.64,9.9,45350.118,2023-10-03,10-03-2023-12-35-50-118.jpg
71.91,47.63,-57.13,10.72,45350.228,2023-10-03,10-03-2023-12-35-50-228.jpg
86.79,41.79,-66.98,6.58,45350.346,2023-10-03,10-03-2023-12-35-50-346.jpg
100.64,45.0,-57.73,2.2,45350.466,2023-10-03,10-03-2023-12-35-50-466.jpg
111.7,44.68,-58.25,0.59,45350.592,2023-10-03,10-03-2023-12-35-50-592.jpg
124.71,56.36,-37.28,5.71,45350.714,2023-10-03,10-03-2023-12-35-50-714.jpg
130.95,65.5,-24.96,8.93,45350.831,2023-10-03,10-03-2023-12-35-50-831.jpg
134.1,69.51,-19.37,12.25,45350.943,2023-10-03,10-03-2023-12-35-50-943.jpg
136.6,73.24,-14.11,13.87,45351.048,2023-10-03,10-03-2023-12-35-51-048.jpg
137.81,74.23,-12.64,14.3,45351.158,2023-10-03,10-03-2023-12-35-51-158.jpg
137.23,73.37,-14.02,12.8,45351.281,2023-10-03,10-03-2023-12-35-51-281.jpg
134.34,69.46,-19.58,9.64,45351.395,2023-10-03,10-03-2023-12-35-51-395.jpg
128.59,63.93,-28.38,4.43,45351.516,2023-10-03,10-03-2023-12-35-51-516.jpg
124.64,59.45,-35.46,0.69,45351.628,2023-10-03,10-03-2023-12-35-51-628.jpg
122.56,53.63,-40.5,2.05,45351.753,2023-10-03,10-03-2023-12-35-51-753.jpg
101.12,45.59,-49.66,4.39,45351.862,2023-10-03,10-03-2023-12-35-51-862.jpg
84.28,41.99,-58.74,7.91,45351.978,2023-10-03,10-03-2023-12-35-51-978.jpg
73.55,44.37,-60.29,13.93,45352.098,2023-10-03,10-03-2023-12-35-52-098.jpg
66.74,47.53,-55.67,12.78,45352.212,2023-10-03,10-03-2023-12-35-52-212.jpg
60.35,51.11,-46.85,5.36,45352.311,2023-10-03,10-03-2023-12-35-52-311.jpg
50.21,60.06,-36.06,4.36,45352.437,2023-10-03,10-03-2023-12-35-52-437.jpg
44.0,70.54,-27.09,10.13,45352.553,2023-10-03,10-03-2023-12-35-52-553.jpg
40.33,74.69,-21.01,7.86,45352.685,2023-10-03,10-03-2023-12-35-52-685.jpg
38.64,80.65,-12.23,4.15,45352.806,2023-10-03,10-03-2023-12-35-52-806.jpg
39.11,82.05,-10.08,3.01,45352.934,2023-10-03,10-03-2023-12-35-52-934.jpg
39.02,82.04,-10.25,3.26,45353.048,2023-10-03,10-03-2023-12-35-53-048.jpg
38.9,81.93,-10.51,3.52,45353.163,2023-10-03,10-03-2023-12-35-53-163.jpg
39.24,79.35,-15.59,7.9,45353.276,2023-10-03,10-03-2023-12-35-53-276.jpg
43.11,73.83,-26.52,16.87,45353.396,2023-10-03,10-03-2023-12-35-53-396.jpg
43.89,72.06,-29.68,18.29,45353.519,2023-10-03,10-03-2023-12-35-53-519.jpg
43.87,63.79,-38.08,11.54,45353.631,2023-10-03,10-03-2023-12-35-53-631.jpg
66.5,50.29,-51.83,10.5,45353.747,2023-10-03,10-03-2023-12-35-53-747.jpg
77.52,45.53,-60.25,5.49,45353.865,2023-10-03,10-03-2023-12-35-53-865.jpg
96.52,44.36,-56.53,4.1,45353.978,2023-10-03,10-03-2023-12-35-53-978.jpg
106.01,47.79,-47.22,3.37,45354.095,2023-10-03,10-03-2023-12-35-54-095.jpg
116.44,46.42,-53.38,0.8,45354.214,2023-10-03,10-03-2023-12-35-54-214.jpg
127.11,57.39,-34.82,5.86,45354.341,2023-10-03,10-03-2023-12-35-54-341.jpg
134.15,70.44,-18.34,12.59,45354.46,2023-10-03,10-03-2023-12-35-54-460.jpg
135.01,70.78,-19.15,9.57,45354.589,2023-10-03,10-03-2023-12-35-54-589.jpg
136.78,72.53,-15.98,12.55,45354.692,2023-10-03,10-03-2023-12-35-54-692.jpg
134.19,70.53,-18.72,11.14,45354.822,2023-10-03,10-03-2023-12-35-54-822.jpg
131.35,67.34,-24.17,5.95,45354.926,2023-10-03,10-03-2023-12-35-54-926.jpg
122.44,56.73,-38.09,3.91,45355.045,2023-10-03,10-03-2023-12-35-55-045.jpg
103.7,46.46,-50.88,0.1,45355.171,2023-10-03,10-03-2023-12-35-55-171.jpg
89.53,43.0,-61.6,4.53,45355.295,2023-10-03,10-03-2023-12-35-55-295.jpg
76.12,44.01,-60.78,11.9,45355.411,2023-10-03,10-03-2023-12-35-55-411.jpg
68.48,47.35,-53.83,10.98,45355.531,2023-10-03,10-03-2023-12-35-55-531.jpg
57.01,52.92,-42.06,2.81,45355.645,2023-10-03,10-03-2023-12-35-55-645.jpg
47.91,59.53,-37.24,4.22,45355.758,2023-10-03,10-03-2023-12-35-55-758.jpg
46.31,66.93,-30.68,8.45,45355.872,2023-10-03,10-03-2023-12-35-55-872.jpg
42.24,71.16,-27.39,12.26,45355.98,2023-10-03,10-03-2023-12-35-55-980.jpg
42.3,71.88,-27.17,13.39,45356.115,2023-10-03,10-03-2023-12-35-56-115.jpg
39.02,78.44,-16.63,7.34,45356.236,2023-10-03,10-03-2023-12-35-56-236.jpg
36.34,82.16,-10.19,2.5,45356.344,2023-10-03,10-03-2023-12-35-56-344.jpg
36.18,82.37,-10.09,2.76,45356.47,2023-10-03,10-03-2023-12-35-56-470.jpg
36.78,80.46,-12.99,4.43,45356.574,2023-10-03,10-03-2023-12-35-56-574.jpg
40.7,78.48,-16.87,8.2,45356.699,2023-10-03,10-03-2023-12-35-56-699.jpg
44.65,70.93,-26.81,10.35,45356.818,2023-10-03,10-03-2023-12-35-56-818.jpg
47.98,61.76,-37.06,8.54,45356.927,2023-10-03,10-03-2023-12-35-56-927.jpg
65.31,50.34,-51.01,10.61,45357.047,2023-10-03,10-03-2023-12-35-57-047.jpg
79.5,44.13,-61.66,2.9,45357.164,2023-10-03,10-03-2023-12-35-57-164.jpg
88.33,40.87,-66.39,3.3,45357.282,2023-10-03,10-03-2023-12-35-57-282.jpg
101.36,43.81,-57.18,1.23,45357.395,2023-10-03,10-03-2023-12-35-57-395.jpg
108.92,46.78,-49.81,2.65,45357.517,2023-10-03,10-03-2023-12-35-57-517.jpg
115.64,47.75,-47.24,6.8,45357.631,2023-10-03,10-03-2023-12-35-57-631.jpg
125.15,56.23,-36.17,6.67,45357.752,2023-10-03,10-03-2023-12-35-57-752.jpg
129.58,62.08,-29.85,6.83,45357.873,2023-10-03,10-03-2023-12-35-57-873.jpg
135.97,71.88,-15.97,14.25,45357.996,2023-10-03,10-03-2023-12-35-57-996.jpg
137.84,74.57,-11.49,15.83,45358.119,2023-10-03,10-03-2023-12-35-58-119.jpg
134.15,70.58,-19.11,8.31,45358.249,2023-10-03,10-03-2023-12-35-58-249.jpg
128.31,67.22,-23.33,5.85,45358.36,2023-10-03,10-03-2023-12-35-58-360.jpg
112.88,50.89,-44.39,2.93,45358.476,2023-10-03,10-03-2023-12-35-58-476.jpg
109.53,49.34,-44.43,0.23,45358.598,2023-10-03,10-03-2023-12-35-58-598.jpg
99.24,45.45,-50.5,3.99,45358.715,2023-10-03,10-03-2023-12-35-58-715.jpg
78.23,45.26,-54.5,10.21,45358.832,2023-10-03,10-03-2023-12-35-58-832.jpg
77.45,44.7,-55.68,12.97,45358.945,2023-10-03,10-03-2023-12-35-58-945.jpg
73.77,45.68,-55.99,13.93,45359.064,2023-10-03,10-03-2023-12-35-59-064.jpg
58.19,52.14,-45.56,5.78,45359.179,2023-10-03,10-03-2023-12-35-59-179.jpg
47.39,66.89,-27.79,5.64,45359.3,2023-10-03,10-03-2023-12-35-59-300.jpg
41.26,74.84,-19.26,6.33,45359.416,2023-10-03,10-03-2023-12-35-59-416.jpg
39.7,79.24,-14.06,5.24,45359.528,2023-10-03,10-03-2023-12-35-59-528.jpg
38.02,82.33,-9.22,1.36,45359.647,2023-10-03,10-03-2023-12-35-59-647.jpg
37.76,82.3,-9.7,2.3,45359.761,2023-10-03,10-03-2023-12-35-59-761.jpg
37.67,82.2,-9.79,2.29,45359.886,2023-10-03,10-03-2023-12-35-59-886.jpg
35.49,80.27,-12.55,3.17,45359.999,2023-10-03,10-03-2023-12-35-59-999.jpg
39.92,79.02,-13.89,3.45,45360.121,2023-10-03,10-03-2023-12-36-00-121.jpg
45.05,72.99,-24.98,12.37,45360.229,2023-10-03,10-03-2023-12-36-00-229.jpg
53.28,58.15,-46.49,15.68,45360.342,2023-10-03,10-03-2023-12-36-00-342.jpg
55.57,56.27,-47.19,12.6,45360.462,2023-10-03,10-03-2023-12-36-00-462.jpg
56.28,56.02,-46.65,10.74,45360.581,2023-10-03,10-03-2023-12-36-00-581.jpg
60.62,53.5,-48.62,10.27,45360.701,2023-10-03,10-03-2023-12-36-00-701.jpg
79.0,44.97,-61.45,10.33,45360.817,2023-10-03,10-03-2023-12-36-00-817.jpg
96.88,43.7,-57.5,3.6,45360.932,2023-10-03,10-03-2023-12-36-00-932.jpg
109.37,46.84,-48.26,2.65,45361.05,2023-10-03,10-03-2023-12-36-01-050.jpg
119.46,53.0,-39.31,7.76,45361.168,2023-10-03,10-03-2023-12-36-01-168.jpg
127.8,61.98,-29.03,4.86,45361.294,2023-10-03,10-03-2023-12-36-01-294.jpg
134.65,71.15,-16.63,12.47,45361.413,2023-10-03,10-03-2023-12-36-01-413.jpg
137.18,75.18,-11.5,13.27,45361.528,2023-10-03,10-03-2023-12-36-01-528.jpg
135.85,75.19,-12.69,10.6,45361.648,2023-10-03,10-03-2023-12-36-01-648.jpg
135.53,71.73,-17.6,9.53,45361.78,2023-10-03,10-03-2023-12-36-01-780.jpg
134.23,68.4,-21.57,6.95,45361.896,2023-10-03,10-03-2023-12-36-01-896.jpg
132.18,67.1,-23.58,5.48,45361.992,2023-10-03,10-03-2023-12-36-01-992.jpg
125.6,53.74,-39.53,3.97,45362.11,2023-10-03,10-03-2023-12-36-02-110.jpg
102.44,45.18,-51.47,4.33,45362.223,2023-10-03,10-03-2023-12-36-02-223.jpg
88.09,40.43,-65.48,10.98,45362.332,2023-10-03,10-03-2023-12-36-02-332.jpg
76.72,41.74,-65.16,12.38,45362.451,2023-10-03,10-03-2023-12-36-02-451.jpg
62.21,48.43,-54.04,7.95,45362.565,2023-10-03,10-03-2023-12-36-02-565.jpg
53.45,54.65,-44.29,5.71,45362.678,2023-10-03,10-03-2023-12-36-02-678.jpg
49.36,59.91,-37.23,4.48,45362.8,2023-10-03,10-03-2023-12-36-02-800.jpg
43.95,68.97,-26.04,5.82,45362.914,2023-10-03,10-03-2023-12-36-02-914.jpg
41.71,76.38,-16.19,2.48,45363.026,2023-10-03,10-03-2023-12-36-03-026.jpg
37.35,81.06,-11.17,2.1,45363.154,2023-10-03,10-03-2023-12-36-03-154.jpg
37.15,83.37,-8.47,2.08,45363.281,2023-10-03,10-03-2023-12-36-03-281.jpg
