elev,shp,rie,elb,time,date
7.02,22.05,666.0,13.38,66840.61,2023-11-05
7.02,22.04,666.0,13.38,66840.671,2023-11-05
7.02,22.03,666.0,13.38,66840.704,2023-11-05
7.02,22.01,666.0,13.38,66840.739,2023-11-05
7.02,22.0,666.0,13.38,66840.772,2023-11-05
7.02,21.99,666.0,13.38,66840.809,2023-11-05
7.01,21.95,666.0,13.38,66840.84,2023-11-05
7.01,21.91,666.0,13.38,66840.87,2023-11-05
7.0,21.86,666.0,13.38,66840.908,2023-11-05
7.0,21.82,666.0,13.37,66840.941,2023-11-05
7.0,21.78,666.0,13.36,66840.973,2023-11-05
7.0,21.74,666.0,13.35,66841.012,2023-11-05
7.0,21.68,666.0,13.34,66841.051,2023-11-05
7.0,21.62,666.0,13.34,66841.075,2023-11-05
7.0,21.54,666.0,13.34,66841.113,2023-11-05
7.0,21.4,666.0,13.35,66841.14,2023-11-05
7.0,21.24,666.0,13.37,66841.18,2023-11-05
7.0,21.09,666.0,13.39,66841.221,2023-11-05
7.0,20.94,666.0,13.41,66841.247,2023-11-05
7.0,20.79,666.0,13.43,66841.287,2023-11-05
7.01,20.62,666.0,13.43,66841.306,2023-11-05
7.01,20.48,666.0,13.43,66841.342,2023-11-05
7.02,20.26,666.0,13.47,66841.375,2023-11-05
7.03,20.05,666.0,13.51,66841.407,2023-11-05
7.03,19.79,666.0,13.56,66841.442,2023-11-05
7.04,19.52,666.0,13.61,66841.477,2023-11-05
7.05,19.32,666.0,13.65,66841.506,2023-11-05
7.06,19.15,666.0,13.68,66841.544,2023-11-05
7.06,19.01,666.0,13.71,66841.577,2023-11-05
7.07,18.95,666.0,13.71,66841.607,2023-11-05
7.08,19.15,666.0,13.64,66841.641,2023-11-05
7.17,20.73,666.0,13.24,66841.674,2023-11-05
7.36,24.24,666.0,12.41,66841.706,2023-11-05
7.82,31.81,666.0,11.74,66841.742,2023-11-05
8.72,42.17,666.0,11.38,66841.777,2023-11-05
10.8,53.79,666.0,12.96,66841.808,2023-11-05
15.18,64.65,666.0,15.05,66841.841,2023-11-05
21.92,70.38,666.0,10.82,66841.876,2023-11-05
28.44,76.3,666.0,9.15,66841.904,2023-11-05
36.94,78.34,666.0,5.56,66841.939,2023-11-05
42.46,78.86,666.0,7.86,66841.974,2023-11-05
51.28,79.29,666.0,6.61,66842.006,2023-11-05
55.71,77.04,666.0,15.86,66842.044,2023-11-05
68.2,73.75,666.0,11.43,66842.076,2023-11-05
71.12,71.95,666.0,17.83,66842.106,2023-11-05
72.81,69.97,666.0,20.19,66842.14,2023-11-05
61.16,71.87,666.0,26.66,66842.177,2023-11-05
56.41,70.38,666.0,29.73,66842.209,2023-11-05
31.83,82.54,14.1,57.22,66842.24,2023-11-05
21.99,95.8,18.37,71.33,66842.271,2023-11-05
20.13,98.7,19.01,73.53,66842.305,2023-11-05
21.94,96.02,20.04,69.64,66842.34,2023-11-05
22.85,95.37,22.05,68.08,66842.384,2023-11-05
133.35,71.69,666.0,11.53,66842.405,2023-11-05
138.93,73.57,666.0,13.63,66842.442,2023-11-05
146.34,75.07,666.0,15.99,66842.476,2023-11-05
150.88,76.14,666.0,18.17,66842.504,2023-11-05
155.23,77.63,666.0,19.49,66842.539,2023-11-05
162.73,77.44,666.0,17.28,66842.575,2023-11-05
165.24,78.56,666.0,20.99,66842.606,2023-11-05
165.31,108.3,666.0,24.26,66842.643,2023-11-05
166.67,114.03,666.0,24.69,66842.681,2023-11-05
167.69,121.35,666.0,29.93,66842.706,2023-11-05
168.95,128.0,666.0,29.55,66842.742,2023-11-05
169.74,133.95,666.0,27.85,66842.774,2023-11-05
170.05,140.36,666.0,25.33,66842.808,2023-11-05
170.28,141.78,666.0,22.64,66842.846,2023-11-05
170.34,142.33,666.0,21.1,66842.871,2023-11-05
170.13,140.65,666.0,14.21,66842.909,2023-11-05
175.46,74.22,666.0,13.31,66842.938,2023-11-05
172.65,85.21,666.0,11.03,66842.981,2023-11-05
169.54,89.08,666.0,9.12,66843.006,2023-11-05
165.74,90.49,666.0,8.47,66843.04,2023-11-05
162.71,90.87,666.0,6.56,66843.078,2023-11-05
155.99,89.77,666.0,9.81,66843.106,2023-11-05
151.41,88.82,666.0,9.21,66843.142,2023-11-05
146.96,88.13,666.0,7.08,66843.178,2023-11-05
138.57,86.59,666.0,10.89,66843.204,2023-11-05
132.88,85.45,666.0,7.65,66843.242,2023-11-05
124.35,83.4,666.0,9.7,66843.273,2023-11-05
117.51,81.05,666.0,8.99,66843.306,2023-11-05
108.8,78.84,666.0,11.62,66843.339,2023-11-05
101.09,76.33,666.0,13.1,66843.374,2023-11-05
99.43,74.65,666.0,4.56,66843.403,2023-11-05
100.01,72.98,666.0,7.24,66843.444,2023-11-05
101.05,71.32,666.0,7.24,66843.475,2023-11-05
101.7,70.56,666.0,27.36,66843.505,2023-11-05
100.61,67.61,666.0,12.69,66843.541,2023-11-05
99.62,66.39,171.92,64.61,66843.576,2023-11-05
77.32,58.86,-161.5,32.52,66843.607,2023-11-05
57.94,54.28,666.0,16.27,66843.637,2023-11-05
43.83,49.35,666.0,13.78,66843.677,2023-11-05
37.89,47.49,666.0,12.16,66843.709,2023-11-05
28.13,38.82,666.0,18.54,66843.744,2023-11-05
21.18,25.18,666.0,24.44,66843.776,2023-11-05
17.56,13.9,666.0,23.27,66843.808,2023-11-05
15.88,5.15,666.0,18.29,66843.842,2023-11-05
14.63,-6.05,666.0,13.91,66843.876,2023-11-05
14.13,-15.63,666.0,9.71,66843.909,2023-11-05
14.3,-28.11,666.0,6.57,66843.939,2023-11-05
14.79,-36.23,666.0,5.78,66843.973,2023-11-05
15.19,-41.51,666.0,3.36,66844.009,2023-11-05
15.88,-48.04,666.0,2.66,66844.047,2023-11-05
16.4,-51.87,666.0,1.0,66844.074,2023-11-05
16.81,-54.43,666.0,0.58,66844.109,2023-11-05
17.13,-56.07,666.0,2.72,66844.138,2023-11-05
17.33,-56.92,666.0,3.42,66844.171,2023-11-05
17.46,-57.43,666.0,1.58,66844.206,2023-11-05
17.38,-57.49,666.0,7.56,66844.239,2023-11-05
16.39,-55.63,666.0,12.3,66844.273,2023-11-05
14.08,-50.17,666.0,15.96,66844.308,2023-11-05
10.26,-32.25,666.0,14.81,66844.347,2023-11-05
8.47,-5.57,666.0,16.55,66844.372,2023-11-05
8.75,20.9,666.0,17.68,66844.405,2023-11-05
11.44,44.94,666.0,19.58,66844.439,2023-11-05
15.36,56.99,666.0,22.33,66844.476,2023-11-05
23.33,68.22,666.0,18.47,66844.511,2023-11-05
33.34,74.13,666.0,13.1,66844.541,2023-11-05
44.08,77.66,666.0,8.35,66844.576,2023-11-05
54.22,78.5,666.0,6.09,66844.608,2023-11-05
59.82,78.56,666.0,11.49,66844.65,2023-11-05
62.49,78.37,666.0,28.93,66844.671,2023-11-05
64.18,77.96,5.42,33.03,66844.708,2023-11-05
63.67,84.78,20.53,35.48,66844.743,2023-11-05
64.1,86.6,24.93,37.69,66844.774,2023-11-05
67.14,86.89,28.55,36.19,66844.807,2023-11-05
72.45,86.44,31.76,32.6,66844.841,2023-11-05
80.73,85.36,15.28,52.91,66844.873,2023-11-05
109.88,82.39,666.0,22.0,66844.906,2023-11-05
104.77,82.29,5.65,45.1,66844.94,2023-11-05
128.28,75.83,666.0,16.53,66844.975,2023-11-05
138.13,72.8,666.0,10.83,66845.007,2023-11-05
144.27,72.01,666.0,11.66,66845.042,2023-11-05
146.66,71.66,666.0,13.48,66845.075,2023-11-05
149.52,69.52,666.0,20.04,66845.111,2023-11-05
153.16,70.26,666.0,21.45,66845.138,2023-11-05
156.19,70.47,666.0,23.28,66845.173,2023-11-05
159.7,70.21,666.0,24.7,66845.205,2023-11-05
162.82,69.61,666.0,23.67,66845.242,2023-11-05
165.1,69.48,666.0,26.22,66845.274,2023-11-05
164.57,99.71,666.0,26.63,66845.305,2023-11-05
165.92,103.68,666.0,27.93,66845.338,2023-11-05
175.02,77.92,666.0,21.88,66845.375,2023-11-05
169.79,120.09,666.0,25.05,66845.414,2023-11-05
178.83,85.67,666.0,19.6,66845.437,2023-11-05
179.57,72.2,666.0,19.25,66845.473,2023-11-05
172.65,134.56,666.0,19.99,66845.505,2023-11-05
177.83,-68.3,666.0,14.63,66845.541,2023-11-05
177.77,-60.23,666.0,9.16,66845.583,2023-11-05
178.21,-34.49,666.0,6.64,66845.606,2023-11-05
177.68,32.49,666.0,6.37,66845.64,2023-11-05
172.18,68.66,666.0,10.65,66845.675,2023-11-05
168.43,73.44,666.0,8.66,66845.718,2023-11-05
164.85,75.46,666.0,7.88,66845.738,2023-11-05
157.79,75.87,666.0,12.15,66845.774,2023-11-05
153.82,75.82,666.0,10.65,66845.811,2023-11-05
147.86,86.96,666.0,10.84,66845.839,2023-11-05
141.06,75.66,666.0,11.84,66845.873,2023-11-05
130.63,76.28,666.0,18.67,66845.908,2023-11-05
125.89,76.07,666.0,14.76,66845.942,2023-11-05
119.26,76.34,666.0,16.99,66845.975,2023-11-05
111.98,75.43,666.0,18.02,66846.008,2023-11-05
108.39,75.83,666.0,12.59,66846.038,2023-11-05
104.1,77.14,666.0,6.27,66846.073,2023-11-05
97.69,77.99,666.0,6.39,66846.112,2023-11-05
96.71,77.89,666.0,5.31,66846.137,2023-11-05
82.23,83.63,666.0,22.02,66846.183,2023-11-05
70.33,87.24,21.15,37.18,66846.208,2023-11-05
65.15,87.7,20.45,42.54,66846.242,2023-11-05
72.78,67.39,666.0,12.83,66846.276,2023-11-05
61.84,64.43,666.0,12.04,66846.308,2023-11-05
54.47,55.38,666.0,18.97,66846.34,2023-11-05
47.05,50.18,666.0,20.02,66846.375,2023-11-05
35.88,44.73,666.0,17.13,66846.404,2023-11-05
26.49,38.24,666.0,16.18,66846.443,2023-11-05
21.73,32.53,666.0,12.24,66846.481,2023-11-05
18.57,26.03,666.0,8.64,66846.504,2023-11-05
14.26,6.34,666.0,9.19,66846.539,2023-11-05
13.29,-10.95,666.0,7.04,66846.576,2023-11-05
13.49,-23.78,666.0,4.82,66846.609,2023-11-05
15.09,-38.24,666.0,2.31,66846.64,2023-11-05
17.79,-50.38,666.0,3.56,66846.67,2023-11-05
19.57,-55.94,666.0,5.13,66846.707,2023-11-05
21.42,-60.32,666.0,5.34,66846.74,2023-11-05
22.7,-62.65,666.0,6.72,66846.781,2023-11-05
23.41,-63.71,666.0,7.52,66846.809,2023-11-05
24.03,-64.4,666.0,8.9,66846.843,2023-11-05
24.05,-64.42,666.0,9.84,66846.878,2023-11-05
23.09,-63.58,666.0,14.88,66846.905,2023-11-05
20.87,-61.18,666.0,16.18,66846.942,2023-11-05
17.62,-56.26,666.0,13.78,66846.974,2023-11-05
14.41,-49.57,666.0,16.86,66847.008,2023-11-05
10.84,-37.15,666.0,18.59,66847.04,2023-11-05
7.82,-5.71,666.0,15.41,66847.071,2023-11-05
8.12,30.86,666.0,12.76,66847.107,2023-11-05
10.9,54.77,666.0,14.69,66847.139,2023-11-05
14.47,66.04,666.0,17.8,66847.176,2023-11-05
21.15,75.56,666.0,15.69,66847.204,2023-11-05
31.1,80.65,666.0,8.77,66847.242,2023-11-05
35.86,81.29,666.0,13.58,66847.272,2023-11-05
38.79,81.08,666.0,22.28,66847.305,2023-11-05
48.42,81.39,666.0,17.42,66847.342,2023-11-05
58.46,81.29,666.0,8.21,66847.374,2023-11-05
69.45,80.74,666.0,7.72,66847.406,2023-11-05
70.89,81.86,666.0,10.06,66847.442,2023-11-05
67.4,83.39,666.0,8.9,66847.473,2023-11-05
62.77,83.51,666.0,6.96,66847.506,2023-11-05
60.32,82.77,666.0,6.19,66847.545,2023-11-05
35.9,89.0,27.48,30.02,66847.572,2023-11-05
25.61,95.3,25.17,42.42,66847.605,2023-11-05
21.83,99.17,24.59,46.95,66847.643,2023-11-05
22.21,96.94,24.27,44.33,66847.677,2023-11-05
22.37,95.68,24.29,43.46,66847.704,2023-11-05
129.42,72.91,666.0,7.98,66847.742,2023-11-05
136.12,71.41,666.0,11.05,66847.775,2023-11-05
142.73,69.16,666.0,13.92,66847.807,2023-11-05
148.03,68.21,666.0,14.25,66847.849,2023-11-05
151.36,67.35,666.0,15.92,66847.876,2023-11-05
155.1,66.65,666.0,16.85,66847.908,2023-11-05
159.35,63.89,666.0,17.79,66847.941,2023-11-05
161.95,61.35,666.0,21.63,66847.976,2023-11-05
164.35,57.99,666.0,21.88,66848.004,2023-11-05
165.83,56.25,666.0,25.4,66848.039,2023-11-05
167.3,56.75,666.0,26.07,66848.073,2023-11-05
165.45,95.34,666.0,25.24,66848.109,2023-11-05
171.92,49.44,666.0,23.38,66848.147,2023-11-05
169.26,103.48,666.0,22.74,66848.172,2023-11-05
173.8,42.09,666.0,22.63,66848.214,2023-11-05
170.46,108.61,666.0,22.63,66848.238,2023-11-05
174.68,36.0,666.0,22.34,66848.275,2023-11-05
174.79,36.49,666.0,17.88,66848.31,2023-11-05
174.03,47.79,666.0,13.18,66848.34,2023-11-05
172.87,56.87,666.0,9.32,66848.376,2023-11-05
170.86,65.39,666.0,7.19,66848.406,2023-11-05
167.58,72.48,666.0,6.91,66848.441,2023-11-05
160.81,79.89,666.0,7.29,66848.476,2023-11-05
153.58,81.68,666.0,11.49,66848.509,2023-11-05
148.07,81.89,666.0,11.48,66848.54,2023-11-05
141.84,81.18,666.0,10.72,66848.573,2023-11-05
134.15,79.74,666.0,12.55,66848.614,2023-11-05
127.88,78.32,666.0,11.34,66848.641,2023-11-05
119.02,77.12,666.0,15.04,66848.674,2023-11-05
112.99,75.16,666.0,13.93,66848.706,2023-11-05
107.68,72.66,666.0,13.86,66848.739,2023-11-05
101.34,70.35,666.0,14.4,66848.774,2023-11-05
96.83,69.54,666.0,11.3,66848.808,2023-11-05
96.76,68.6,666.0,9.79,66848.839,2023-11-05
97.29,67.27,666.0,9.09,66848.879,2023-11-05
97.34,66.44,666.0,18.1,66848.913,2023-11-05
94.78,64.71,666.0,24.95,66848.943,2023-11-05
82.09,54.79,666.0,29.41,66848.977,2023-11-05
66.03,48.05,666.0,28.2,66849.016,2023-11-05
47.94,38.5,-48.01,33.16,66849.041,2023-11-05
42.45,35.31,-49.55,32.48,66849.076,2023-11-05
30.36,30.25,666.0,29.74,66849.109,2023-11-05
24.46,26.87,666.0,22.9,66849.139,2023-11-05
19.16,22.14,666.0,15.87,66849.177,2023-11-05
16.56,17.82,666.0,11.67,66849.214,2023-11-05
14.59,12.04,666.0,10.0,66849.239,2023-11-05
13.1,2.55,666.0,8.4,66849.276,2023-11-05
12.44,-10.82,666.0,7.28,66849.312,2023-11-05
14.06,-35.9,666.0,5.75,66849.338,2023-11-05
17.07,-50.48,666.0,10.71,66849.374,2023-11-05
18.73,-55.39,666.0,13.13,66849.408,2023-11-05
20.02,-58.04,666.0,10.73,66849.438,2023-11-05
21.04,-59.52,666.0,4.21,66849.471,2023-11-05
21.74,-60.27,666.0,5.09,66849.518,2023-11-05
22.05,-60.59,666.0,6.81,66849.539,2023-11-05
22.26,-60.79,666.0,7.35,66849.571,2023-11-05
22.38,-61.02,666.0,6.47,66849.607,2023-11-05
22.41,-61.19,666.0,12.47,66849.639,2023-11-05
22.3,-61.37,666.0,19.47,66849.673,2023-11-05
21.5,-61.36,666.0,21.72,66849.707,2023-11-05
19.0,-60.12,666.0,23.19,66849.743,2023-11-05
15.64,-55.9,666.0,21.52,66849.775,2023-11-05
12.22,-46.96,666.0,22.79,66849.817,2023-11-05
9.37,-31.66,666.0,23.15,66849.842,2023-11-05
7.54,4.48,666.0,19.83,66849.873,2023-11-05
8.65,31.74,666.0,21.27,66849.906,2023-11-05
12.77,55.74,666.0,20.27,66849.941,2023-11-05
19.78,68.14,666.0,16.52,66849.977,2023-11-05
28.25,73.64,666.0,13.53,66850.004,2023-11-05
35.3,76.24,666.0,14.83,66850.041,2023-11-05
40.98,76.86,666.0,19.13,66850.074,2023-11-05
52.71,76.83,666.0,12.57,66850.109,2023-11-05
64.47,74.65,666.0,9.95,66850.137,2023-11-05
75.68,75.02,666.0,6.57,66850.173,2023-11-05
30.25,101.22,20.92,63.18,66850.206,2023-11-05
28.91,107.12,22.25,65.4,66850.239,2023-11-05
19.41,125.19,20.5,80.58,66850.279,2023-11-05
17.11,123.82,19.41,82.11,66850.308,2023-11-05
17.02,112.88,18.73,79.32,66850.341,2023-11-05
17.83,106.79,19.36,77.9,66850.374,2023-11-05
21.67,96.37,19.74,72.88,66850.406,2023-11-05
24.58,91.25,20.31,69.96,66850.439,2023-11-05
127.5,70.2,666.0,13.05,66850.473,2023-11-05
133.54,68.31,666.0,14.87,66850.508,2023-11-05
143.97,65.85,666.0,13.32,66850.54,2023-11-05
147.5,65.0,666.0,13.44,66850.583,2023-11-05
153.07,63.9,666.0,16.05,66850.607,2023-11-05
156.26,62.64,666.0,16.34,66850.642,2023-11-05
159.64,62.19,666.0,19.08,66850.675,2023-11-05
162.12,62.17,666.0,21.9,66850.711,2023-11-05
163.91,62.4,666.0,23.14,66850.743,2023-11-05
165.2,62.57,666.0,28.22,66850.774,2023-11-05
168.2,52.64,666.0,22.63,66850.808,2023-11-05
169.87,43.84,666.0,20.94,66850.84,2023-11-05
170.99,37.13,666.0,19.82,66850.881,2023-11-05
171.68,30.98,666.0,19.05,66850.907,2023-11-05
172.48,32.02,666.0,18.68,66850.938,2023-11-05
174.75,24.18,666.0,16.99,66850.972,2023-11-05
175.34,21.41,666.0,16.63,66851.008,2023-11-05
176.39,31.17,666.0,14.57,66851.041,2023-11-05
176.12,32.28,666.0,12.91,66851.074,2023-11-05
170.69,51.63,666.0,18.74,66851.105,2023-11-05
166.73,54.36,666.0,18.41,66851.139,2023-11-05
163.78,59.01,666.0,18.72,66851.172,2023-11-05
162.58,60.94,666.0,16.53,66851.204,2023-11-05
161.21,63.74,666.0,14.62,66851.242,2023-11-05
158.54,67.7,666.0,11.91,66851.274,2023-11-05
153.54,71.93,666.0,11.75,66851.308,2023-11-05
149.88,73.8,666.0,8.88,66851.344,2023-11-05
142.13,76.23,666.0,11.17,66851.376,2023-11-05
134.04,77.27,666.0,12.19,66851.408,2023-11-05
127.57,77.31,666.0,10.41,66851.441,2023-11-05
119.41,76.5,666.0,10.01,66851.477,2023-11-05
111.41,74.78,666.0,10.1,66851.507,2023-11-05
107.77,74.22,666.0,5.48,66851.542,2023-11-05
106.74,73.43,666.0,9.55,66851.576,2023-11-05
109.36,72.09,666.0,14.81,66851.607,2023-11-05
109.87,71.31,666.0,15.77,66851.651,2023-11-05
85.58,72.13,666.0,20.66,66851.677,2023-11-05
56.65,72.83,11.24,56.73,66851.707,2023-11-05
45.84,72.66,26.31,62.25,66851.742,2023-11-05
52.2,59.15,666.0,18.38,66851.776,2023-11-05
44.81,55.38,666.0,13.19,66851.807,2023-11-05
41.2,50.83,666.0,10.76,66851.84,2023-11-05
36.98,45.02,666.0,13.25,66851.875,2023-11-05
27.52,33.42,666.0,17.78,66851.91,2023-11-05
21.95,21.72,666.0,16.14,66851.946,2023-11-05
17.76,3.15,666.0,16.17,66851.975,2023-11-05
15.38,-16.16,666.0,14.56,66852.009,2023-11-05
14.96,-26.78,666.0,9.68,66852.041,2023-11-05
15.34,-38.37,666.0,5.25,66852.075,2023-11-05
16.66,-49.99,666.0,4.37,66852.106,2023-11-05
19.38,-60.47,666.0,1.41,66852.142,2023-11-05
23.52,-69.81,666.0,6.25,66852.175,2023-11-05
25.79,-72.64,666.0,7.0,66852.208,2023-11-05
27.66,-74.31,666.0,3.92,66852.237,2023-11-05
28.65,-74.9,666.0,5.27,66852.272,2023-11-05
29.17,-74.88,666.0,9.27,66852.309,2023-11-05
29.21,-74.6,666.0,13.86,66852.341,2023-11-05
28.79,-73.92,666.0,17.73,66852.375,2023-11-05
27.54,-72.84,666.0,20.77,66852.409,2023-11-05
25.07,-71.04,666.0,23.53,66852.442,2023-11-05
20.15,-66.66,666.0,19.68,66852.475,2023-11-05
14.18,-57.13,666.0,16.24,66852.509,2023-11-05
8.56,-27.9,666.0,11.18,66852.542,2023-11-05
7.32,1.48,666.0,14.01,66852.571,2023-11-05
8.31,32.97,666.0,13.81,66852.61,2023-11-05
11.31,53.82,666.0,16.88,66852.638,2023-11-05
17.27,69.17,666.0,16.35,66852.673,2023-11-05
25.67,78.49,666.0,13.39,66852.712,2023-11-05
35.89,81.31,666.0,9.86,66852.741,2023-11-05
42.22,83.01,666.0,15.95,66852.775,2023-11-05
55.27,83.9,666.0,8.99,66852.808,2023-11-05
64.3,83.28,666.0,8.79,66852.841,2023-11-05
77.36,80.93,666.0,6.8,66852.873,2023-11-05
27.34,101.26,22.02,52.96,66852.907,2023-11-05
25.95,103.84,23.78,51.6,66852.942,2023-11-05
17.54,124.93,23.29,66.01,66852.974,2023-11-05
18.78,122.21,25.85,64.03,66853.014,2023-11-05
19.69,118.02,27.07,62.7,66853.038,2023-11-05
21.69,109.7,27.91,62.11,66853.074,2023-11-05
25.52,99.83,28.64,57.69,66853.108,2023-11-05
124.13,70.1,666.0,12.5,66853.142,2023-11-05
131.0,68.23,666.0,13.75,66853.173,2023-11-05
139.01,67.51,666.0,13.9,66853.206,2023-11-05
142.71,66.54,666.0,14.07,66853.242,2023-11-05
146.65,65.25,666.0,15.1,66853.272,2023-11-05
151.14,63.75,666.0,15.0,66853.308,2023-11-05
157.04,63.06,666.0,14.39,66853.339,2023-11-05
162.03,59.15,666.0,13.97,66853.374,2023-11-05
164.8,55.87,666.0,13.8,66853.409,2023-11-05
166.41,53.41,666.0,15.54,66853.441,2023-11-05
167.71,51.1,666.0,18.58,66853.478,2023-11-05
168.35,47.49,666.0,20.31,66853.507,2023-11-05
171.04,37.14,666.0,20.28,66853.541,2023-11-05
171.69,33.17,666.0,20.75,66853.572,2023-11-05
172.03,30.82,666.0,20.71,66853.607,2023-11-05
172.21,29.56,666.0,20.36,66853.638,2023-11-05
170.22,33.46,666.0,20.24,66853.676,2023-11-05
169.05,36.54,666.0,19.8,66853.705,2023-11-05
168.31,38.96,666.0,18.58,66853.738,2023-11-05
166.48,54.92,666.0,17.66,66853.781,2023-11-05
165.2,60.86,666.0,14.6,66853.805,2023-11-05
163.94,64.7,666.0,9.57,66853.84,2023-11-05
162.05,67.58,666.0,6.43,66853.872,2023-11-05
155.29,70.18,666.0,11.86,66853.908,2023-11-05
149.35,71.64,666.0,12.85,66853.939,2023-11-05
141.12,72.11,666.0,15.5,66853.974,2023-11-05
135.86,72.29,666.0,13.58,66854.006,2023-11-05
126.15,72.34,666.0,17.83,66854.04,2023-11-05
120.88,72.31,666.0,16.63,66854.087,2023-11-05
116.19,72.07,666.0,14.13,66854.107,2023-11-05
107.55,71.75,666.0,15.99,66854.143,2023-11-05
100.13,72.15,666.0,15.37,66854.179,2023-11-05
97.1,72.35,666.0,10.28,66854.206,2023-11-05
97.24,72.92,666.0,15.7,66854.243,2023-11-05
69.56,75.98,666.0,22.85,66854.274,2023-11-05
49.14,76.46,5.87,52.72,66854.306,2023-11-05
43.46,76.25,8.15,66.2,66854.341,2023-11-05
61.39,61.8,666.0,22.82,66854.376,2023-11-05
53.43,58.37,666.0,18.31,66854.407,2023-11-05
50.72,52.6,666.0,17.87,66854.439,2023-11-05
42.49,46.74,666.0,16.72,66854.476,2023-11-05
32.78,40.14,666.0,15.9,66854.512,2023-11-05
22.5,29.1,666.0,15.95,66854.542,2023-11-05
17.66,18.79,666.0,13.14,66854.58,2023-11-05
13.6,-2.87,666.0,12.58,66854.608,2023-11-05
12.64,-20.72,666.0,11.78,66854.641,2023-11-05
13.3,-36.81,666.0,5.93,66854.675,2023-11-05
16.63,-56.01,666.0,4.74,66854.708,2023-11-05
19.43,-64.28,666.0,4.04,66854.742,2023-11-05
22.57,-69.73,666.0,3.89,66854.773,2023-11-05
24.65,-72.73,666.0,4.85,66854.806,2023-11-05
25.6,-74.07,666.0,5.32,66854.849,2023-11-05
26.06,-74.64,666.0,3.21,66854.876,2023-11-05
26.22,-74.82,666.0,2.75,66854.907,2023-11-05
26.05,-74.59,666.0,2.94,66854.942,2023-11-05
25.36,-73.7,666.0,16.42,66854.976,2023-11-05
23.9,-71.9,666.0,13.09,66855.007,2023-11-05
20.94,-67.79,666.0,19.3,66855.042,2023-11-05
17.32,-61.89,666.0,21.82,66855.075,2023-11-05
12.22,-46.16,666.0,19.98,66855.107,2023-11-05
9.06,-21.14,666.0,18.44,66855.14,2023-11-05
8.34,4.85,666.0,20.9,66855.176,2023-11-05
9.68,33.46,666.0,22.06,66855.207,2023-11-05
12.95,51.93,666.0,22.36,66855.242,2023-11-05
19.16,65.94,666.0,19.95,66855.275,2023-11-05
28.41,72.42,666.0,14.89,66855.309,2023-11-05
35.8,75.76,666.0,17.18,66855.341,2023-11-05
39.02,79.79,11.0,30.84,66855.374,2023-11-05
54.6,80.36,666.0,18.7,66855.409,2023-11-05
69.78,79.13,666.0,2.64,66855.44,2023-11-05
69.43,81.03,666.0,5.25,66855.475,2023-11-05
32.21,105.13,26.22,43.85,66855.509,2023-11-05
28.46,112.88,29.22,43.57,66855.541,2023-11-05
20.41,126.54,24.54,56.44,66855.573,2023-11-05
19.21,124.55,23.98,55.12,66855.616,2023-11-05
17.2,132.44,24.21,61.13,66855.641,2023-11-05
17.72,125.3,25.2,59.3,66855.677,2023-11-05
18.79,116.13,25.8,56.05,66855.706,2023-11-05
20.96,105.96,26.64,50.35,66855.741,2023-11-05
133.47,71.92,666.0,9.41,66855.773,2023-11-05
139.54,68.71,666.0,11.48,66855.809,2023-11-05
145.8,65.66,666.0,13.26,66855.842,2023-11-05
148.97,64.36,666.0,13.31,66855.872,2023-11-05
154.02,57.48,666.0,13.12,66855.914,2023-11-05
158.96,57.32,666.0,14.1,66855.94,2023-11-05
160.87,57.17,666.0,15.99,66855.973,2023-11-05
164.21,57.97,666.0,17.8,66856.005,2023-11-05
165.54,58.91,666.0,19.21,66856.04,2023-11-05
166.61,59.77,666.0,21.24,66856.074,2023-11-05
169.71,52.4,666.0,19.32,66856.104,2023-11-05
170.93,50.71,666.0,20.87,66856.141,2023-11-05
171.73,49.35,666.0,20.8,66856.171,2023-11-05
172.29,48.2,666.0,20.2,66856.213,2023-11-05
172.66,47.67,666.0,19.92,66856.243,2023-11-05
172.87,47.62,666.0,19.58,66856.277,2023-11-05
172.91,48.18,666.0,17.34,66856.309,2023-11-05
172.64,56.69,666.0,15.18,66856.34,2023-11-05
171.27,61.98,666.0,12.28,66856.374,2023-11-05
169.98,63.87,666.0,9.9,66856.407,2023-11-05
167.76,66.6,666.0,10.67,66856.442,2023-11-05
165.66,67.34,666.0,7.39,66856.475,2023-11-05
159.53,67.19,666.0,11.29,66856.508,2023-11-05
154.51,67.86,666.0,11.25,66856.541,2023-11-05
147.02,68.93,666.0,14.44,66856.573,2023-11-05
140.41,70.13,666.0,14.51,66856.607,2023-11-05
133.68,71.04,666.0,14.51,66856.641,2023-11-05
125.67,70.92,666.0,16.26,66856.683,2023-11-05
115.3,70.85,666.0,22.19,66856.704,2023-11-05
107.68,70.12,666.0,21.31,66856.742,2023-11-05
100.65,69.39,666.0,23.12,66856.774,2023-11-05
98.65,68.79,666.0,17.4,66856.806,2023-11-05
99.16,68.5,666.0,10.61,66856.838,2023-11-05
99.3,68.33,666.0,11.59,66856.871,2023-11-05
102.74,67.28,666.0,15.18,66856.909,2023-11-05
103.65,66.23,666.0,14.9,66856.938,2023-11-05
93.37,68.67,666.0,9.91,66856.983,2023-11-05
73.87,63.17,666.0,10.08,66857.004,2023-11-05
60.69,56.23,666.0,19.01,66857.037,2023-11-05
48.22,51.03,666.0,20.31,66857.074,2023-11-05
40.73,47.67,666.0,18.56,66857.106,2023-11-05
33.9,44.46,666.0,15.85,66857.142,2023-11-05
24.17,37.39,666.0,16.63,66857.176,2023-11-05
18.55,30.06,666.0,13.2,66857.205,2023-11-05
14.95,21.0,666.0,10.05,66857.243,2023-11-05
12.63,9.13,666.0,8.88,66857.282,2023-11-05
11.51,-4.14,666.0,5.7,66857.304,2023-11-05
11.51,-21.53,666.0,4.76,66857.337,2023-11-05
12.93,-38.49,666.0,6.21,66857.372,2023-11-05
14.55,-47.95,666.0,6.38,66857.404,2023-11-05
16.68,-55.34,666.0,4.25,66857.442,2023-11-05
18.22,-59.01,666.0,5.1,66857.472,2023-11-05
19.39,-61.21,666.0,6.05,66857.508,2023-11-05
20.14,-62.38,666.0,6.86,66857.543,2023-11-05
20.57,-62.92,666.0,7.95,66857.572,2023-11-05
20.83,-63.12,666.0,9.49,66857.608,2023-11-05
20.89,-62.97,666.0,11.33,66857.642,2023-11-05
20.33,-61.94,666.0,16.83,66857.675,2023-11-05
18.96,-59.91,666.0,22.28,66857.707,2023-11-05
14.58,-50.93,666.0,19.47,66857.744,2023-11-05
11.47,-38.01,666.0,19.93,66857.772,2023-11-05
8.91,-7.35,666.0,17.15,66857.808,2023-11-05
9.72,26.77,666.0,16.2,66857.843,2023-11-05
12.58,47.4,666.0,17.54,66857.877,2023-11-05
17.64,61.6,666.0,17.71,66857.907,2023-11-05
23.76,69.17,666.0,18.85,66857.958,2023-11-05
28.6,73.07,666.0,22.85,66857.993,2023-11-05
37.61,78.09,666.0,21.29,66858.007,2023-11-05
51.96,76.39,666.0,15.07,66858.047,2023-11-05
62.36,78.5,666.0,14.38,66858.083,2023-11-05
65.77,78.35,666.0,15.08,66858.112,2023-11-05
59.3,84.66,666.0,18.73,66858.14,2023-11-05
53.97,88.07,666.0,24.49,66858.175,2023-11-05
82.2,86.37,666.0,20.09,66858.206,2023-11-05
60.37,84.02,666.0,10.65,66858.238,2023-11-05
51.96,81.86,666.0,17.25,66858.272,2023-11-05
46.74,79.03,666.0,23.09,66858.306,2023-11-05
43.97,76.67,666.0,26.1,66858.348,2023-11-05
42.35,75.81,666.0,27.84,66858.371,2023-11-05
130.63,68.8,666.0,11.97,66858.405,2023-11-05
137.29,67.73,666.0,13.19,66858.441,2023-11-05
148.11,67.51,666.0,10.55,66858.476,2023-11-05
149.88,67.98,666.0,14.1,66858.505,2023-11-05
154.39,68.95,666.0,12.51,66858.542,2023-11-05
156.48,68.43,666.0,16.45,66858.573,2023-11-05
159.38,68.51,666.0,17.83,66858.609,2023-11-05
161.76,67.74,666.0,19.92,66858.642,2023-11-05
165.01,67.23,666.0,20.57,66858.673,2023-11-05
167.57,65.29,666.0,20.0,66858.711,2023-11-05
169.69,61.82,666.0,19.63,66858.741,2023-11-05
171.69,54.92,666.0,22.29,66858.772,2023-11-05
172.9,47.78,666.0,23.04,66858.811,2023-11-05
173.58,42.3,666.0,22.47,66858.837,2023-11-05
172.93,28.29,666.0,20.85,66858.876,2023-11-05
172.85,23.7,666.0,20.29,66858.906,2023-11-05
172.7,23.43,666.0,20.18,66858.939,2023-11-05
172.48,26.14,666.0,18.6,66858.974,2023-11-05
172.2,30.19,666.0,16.9,66859.004,2023-11-05
170.55,43.84,666.0,15.26,66859.039,2023-11-05
169.35,49.22,666.0,13.09,66859.075,2023-11-05
167.4,54.98,666.0,12.27,66859.114,2023-11-05
161.49,67.45,666.0,11.43,66859.137,2023-11-05
155.2,71.65,666.0,12.72,66859.173,2023-11-05
150.94,71.93,666.0,10.8,66859.207,2023-11-05
143.12,71.54,666.0,13.89,66859.245,2023-11-05
138.1,71.12,666.0,11.02,66859.271,2023-11-05
129.35,70.52,666.0,14.53,66859.304,2023-11-05
123.49,68.47,666.0,15.02,66859.337,2023-11-05
118.23,66.42,666.0,15.04,66859.371,2023-11-05
112.0,65.0,666.0,15.0,66859.416,2023-11-05
106.55,65.78,666.0,10.37,66859.439,2023-11-05
101.0,67.58,666.0,9.59,66859.473,2023-11-05
100.63,67.67,666.0,9.0,66859.509,2023-11-05
100.14,67.41,666.0,10.65,66859.538,2023-11-05
99.6,64.18,666.0,12.49,66859.574,2023-11-05
97.74,61.48,666.0,13.69,66859.611,2023-11-05
94.13,59.96,666.0,14.2,66859.637,2023-11-05
73.26,54.33,666.0,19.21,66859.676,2023-11-05
56.78,49.86,666.0,20.06,66859.706,2023-11-05
44.32,44.29,666.0,21.43,66859.74,2023-11-05
29.76,37.47,666.0,26.4,66859.775,2023-11-05
24.69,33.83,666.0,24.08,66859.808,2023-11-05
20.86,28.66,666.0,18.96,66859.841,2023-11-05
18.45,23.67,666.0,13.72,66859.879,2023-11-05
16.27,15.44,666.0,10.15,66859.91,2023-11-05
14.97,7.8,666.0,5.08,66859.94,2023-11-05
13.97,-4.68,666.0,5.3,66859.972,2023-11-05
13.84,-15.7,666.0,3.48,66860.007,2023-11-05
14.74,-28.96,666.0,4.49,66860.04,2023-11-05
16.26,-39.07,666.0,3.95,66860.076,2023-11-05
18.06,-46.38,666.0,4.2,66860.109,2023-11-05
19.67,-51.22,666.0,5.48,66860.147,2023-11-05
20.53,-53.6,666.0,6.14,66860.175,2023-11-05
21.12,-55.23,666.0,6.36,66860.209,2023-11-05
21.41,-56.07,666.0,6.71,66860.238,2023-11-05
21.56,-56.49,666.0,7.19,66860.273,2023-11-05
21.47,-56.56,666.0,8.41,66860.31,2023-11-05
20.91,-56.0,666.0,14.51,66860.341,2023-11-05
18.89,-52.97,666.0,17.48,66860.374,2023-11-05
15.35,-43.79,666.0,19.53,66860.41,2023-11-05
11.87,-21.45,666.0,17.87,66860.443,2023-11-05
10.98,4.24,666.0,16.42,66860.478,2023-11-05
12.31,28.31,666.0,17.25,66860.505,2023-11-05
15.43,44.97,666.0,18.22,66860.541,2023-11-05
22.44,61.32,666.0,14.48,66860.575,2023-11-05
29.14,67.95,666.0,15.5,66860.61,2023-11-05
32.55,70.5,666.0,25.91,66860.639,2023-11-05
46.26,74.88,666.0,16.1,66860.674,2023-11-05
59.12,74.96,666.0,4.85,66860.705,2023-11-05
72.86,73.82,666.0,12.67,66860.741,2023-11-05
71.43,74.49,666.0,14.62,66860.782,2023-11-05
68.44,74.74,666.0,10.68,66860.805,2023-11-05
65.18,72.91,666.0,8.46,66860.839,2023-11-05
60.54,69.99,666.0,4.94,66860.872,2023-11-05
58.37,68.05,666.0,4.03,66860.907,2023-11-05
57.48,66.6,666.0,3.98,66860.941,2023-11-05
56.96,65.62,666.0,3.95,66860.977,2023-11-05
56.63,64.62,666.0,3.97,66861.004,2023-11-05
56.48,63.81,666.0,3.98,66861.047,2023-11-05
56.48,63.42,666.0,3.93,66861.085,2023-11-05
56.98,63.9,666.0,3.18,66861.107,2023-11-05
56.74,65.81,666.0,2.47,66861.142,2023-11-05
55.0,68.06,666.0,2.73,66861.176,2023-11-05
54.1,69.35,666.0,3.32,66861.207,2023-11-05
50.98,71.39,666.0,6.2,66861.239,2023-11-05
49.3,72.59,666.0,7.89,66861.275,2023-11-05
48.69,73.3,666.0,8.52,66861.308,2023-11-05
48.3,73.78,666.0,8.92,66861.338,2023-11-05
48.22,74.25,666.0,8.97,66861.383,2023-11-05
48.43,74.43,666.0,8.72,66861.407,2023-11-05
48.76,74.9,666.0,8.36,66861.438,2023-11-05
49.09,75.46,666.0,7.99,66861.475,2023-11-05
49.32,75.97,666.0,7.73,66861.509,2023-11-05
71.09,88.55,666.0,17.65,66861.54,2023-11-05
49.32,76.76,666.0,7.68,66861.574,2023-11-05
49.31,76.96,666.0,7.68,66861.604,2023-11-05
49.24,77.07,666.0,7.76,66861.638,2023-11-05
42.73,63.43,666.0,17.89,66861.673,2023-11-05
40.49,55.62,22.72,144.45,66861.704,2023-11-05
39.69,51.08,33.34,149.33,66861.74,2023-11-05
40.97,63.05,12.15,143.36,66861.774,2023-11-05
42.31,68.53,10.45,140.19,66861.808,2023-11-05
141.7,68.44,666.0,29.96,66861.845,2023-11-05
145.62,71.58,666.0,13.67,66861.87,2023-11-05
141.82,70.77,666.0,9.15,66861.909,2023-11-05
136.34,70.27,666.0,7.44,66861.936,2023-11-05
131.1,68.91,666.0,6.58,66861.974,2023-11-05
126.56,66.43,666.0,8.41,66862.004,2023-11-05
115.43,66.8,666.0,8.26,66862.037,2023-11-05
104.15,68.36,666.0,9.68,66862.076,2023-11-05
100.87,69.58,666.0,5.47,66862.103,2023-11-05
67.28,74.62,666.0,23.71,66862.144,2023-11-05
48.74,81.3,18.96,42.63,66862.174,2023-11-05
43.56,83.17,17.65,56.1,66862.209,2023-11-05
42.74,82.49,18.95,56.89,66862.237,2023-11-05
62.3,65.58,666.0,7.6,66862.277,2023-11-05
56.65,60.94,666.0,6.51,66862.308,2023-11-05
55.96,55.68,666.0,13.19,66862.344,2023-11-05
48.06,48.55,666.0,15.23,66862.373,2023-11-05
38.25,41.45,666.0,14.95,66862.407,2023-11-05
27.29,31.48,666.0,16.91,66862.447,2023-11-05
20.81,22.3,666.0,17.28,66862.474,2023-11-05
17.03,12.33,666.0,15.5,66862.509,2023-11-05
14.4,0.48,666.0,13.65,66862.54,2023-11-05
13.23,-8.28,666.0,10.17,66862.573,2023-11-05
12.65,-20.76,666.0,10.26,66862.609,2023-11-05
12.82,-31.91,666.0,7.43,66862.639,2023-11-05
14.21,-46.8,666.0,7.07,66862.674,2023-11-05
16.03,-56.79,666.0,8.76,66862.709,2023-11-05
17.44,-62.47,666.0,11.12,66862.741,2023-11-05
18.45,-65.55,666.0,11.94,66862.771,2023-11-05
19.17,-67.56,666.0,12.93,66862.809,2023-11-05
19.51,-68.6,666.0,11.52,66862.842,2023-11-05
19.67,-69.08,666.0,15.53,66862.872,2023-11-05
19.68,-69.16,666.0,18.42,66862.913,2023-11-05
19.23,-68.52,666.0,21.88,66862.938,2023-11-05
17.32,-65.51,666.0,23.95,66862.974,2023-11-05
13.77,-57.53,666.0,19.49,66863.01,2023-11-05
9.8,-40.46,666.0,18.12,66863.039,2023-11-05
7.77,-16.04,666.0,16.86,66863.074,2023-11-05
8.25,22.47,666.0,16.84,66863.104,2023-11-05
10.48,42.27,666.0,19.15,66863.141,2023-11-05
15.61,56.93,666.0,18.96,66863.175,2023-11-05
23.45,64.4,666.0,14.56,66863.21,2023-11-05
29.62,66.23,666.0,15.32,66863.242,2023-11-05
35.05,67.57,666.0,15.93,66863.276,2023-11-05
47.0,68.98,666.0,12.44,66863.307,2023-11-05
57.16,62.99,666.0,18.18,66863.343,2023-11-05
59.82,62.19,666.0,28.2,66863.373,2023-11-05
55.57,74.06,16.52,39.18,66863.408,2023-11-05
57.1,78.6,20.6,46.03,66863.438,2023-11-05
58.35,80.21,20.01,53.63,66863.474,2023-11-05
61.73,80.29,20.06,64.65,66863.512,2023-11-05
91.68,75.63,666.0,25.68,66863.537,2023-11-05
85.64,76.25,12.71,48.06,66863.574,2023-11-05
91.26,75.95,11.1,52.77,66863.607,2023-11-05
94.62,75.41,8.91,58.46,66863.637,2023-11-05
97.61,75.07,6.46,61.65,66863.679,2023-11-05
101.42,75.01,4.08,62.33,66863.706,2023-11-05
105.57,75.1,2.43,61.48,66863.742,2023-11-05
137.37,64.76,666.0,21.95,66863.775,2023-11-05
146.94,61.13,666.0,15.44,66863.815,2023-11-05
153.3,58.16,666.0,13.04,66863.842,2023-11-05
157.12,56.96,666.0,13.12,66863.873,2023-11-05
159.67,55.26,666.0,15.44,66863.906,2023-11-05
161.87,52.27,666.0,16.03,66863.938,2023-11-05
163.18,51.95,666.0,21.57,66863.974,2023-11-05
166.11,52.23,666.0,19.65,66864.007,2023-11-05
169.03,52.69,666.0,20.96,66864.04,2023-11-05
170.71,53.53,666.0,20.68,66864.077,2023-11-05
171.98,54.35,666.0,20.09,66864.106,2023-11-05
172.74,55.55,666.0,20.13,66864.138,2023-11-05
173.88,51.77,666.0,18.99,66864.174,2023-11-05
174.42,49.13,666.0,18.74,66864.207,2023-11-05
174.8,45.74,666.0,18.45,66864.236,2023-11-05
174.98,43.51,666.0,18.2,66864.277,2023-11-05
175.03,42.13,666.0,17.48,66864.307,2023-11-05
174.79,42.64,666.0,16.3,66864.338,2023-11-05
173.74,48.88,666.0,14.39,66864.373,2023-11-05
172.39,53.86,666.0,10.45,66864.408,2023-11-05
166.26,66.23,666.0,13.22,66864.437,2023-11-05
160.84,71.08,666.0,13.55,66864.474,2023-11-05
157.11,72.67,666.0,12.23,66864.507,2023-11-05
151.98,74.03,666.0,11.83,66864.537,2023-11-05
146.9,75.07,666.0,11.25,66864.579,2023-11-05
139.81,75.69,666.0,12.21,66864.608,2023-11-05
133.6,75.88,666.0,11.54,66864.64,2023-11-05
124.92,75.41,666.0,14.52,66864.675,2023-11-05
118.9,74.53,666.0,12.67,66864.707,2023-11-05
114.88,73.27,666.0,10.1,66864.742,2023-11-05
108.85,72.38,666.0,10.79,66864.774,2023-11-05
101.7,72.76,666.0,10.89,66864.808,2023-11-05
65.59,77.55,4.48,43.93,66864.84,2023-11-05
47.64,80.76,8.86,60.89,66864.883,2023-11-05
43.19,82.91,9.08,71.23,66864.905,2023-11-05
42.97,84.62,9.87,71.72,66864.936,2023-11-05
62.73,67.53,-6.71,54.52,66864.976,2023-11-05
56.97,65.2,666.0,23.27,66865.006,2023-11-05
55.4,61.3,666.0,8.03,66865.041,2023-11-05
51.38,55.92,666.0,13.26,66865.079,2023-11-05
38.83,47.64,666.0,12.71,66865.108,2023-11-05
27.93,39.42,666.0,13.71,66865.14,2023-11-05
20.15,27.9,666.0,15.95,66865.172,2023-11-05
16.58,17.92,666.0,14.71,66865.205,2023-11-05
14.81,8.29,666.0,9.86,66865.239,2023-11-05
13.56,-10.62,666.0,9.59,66865.274,2023-11-05
13.87,-25.88,666.0,7.36,66865.307,2023-11-05
14.92,-37.82,666.0,5.8,66865.342,2023-11-05
16.54,-47.45,666.0,7.69,66865.374,2023-11-05
17.77,-52.68,666.0,8.74,66865.41,2023-11-05
18.92,-56.69,666.0,2.72,66865.438,2023-11-05
19.83,-59.04,666.0,6.75,66865.472,2023-11-05
20.38,-60.26,666.0,7.85,66865.505,2023-11-05
20.69,-61.07,666.0,8.5,66865.541,2023-11-05
20.8,-61.37,666.0,8.31,66865.574,2023-11-05
20.76,-61.49,666.0,6.99,66865.61,2023-11-05
19.81,-60.76,666.0,14.37,66865.648,2023-11-05
18.22,-58.96,666.0,20.39,66865.675,2023-11-05
15.16,-53.08,666.0,19.94,66865.708,2023-11-05
11.58,-40.89,666.0,15.93,66865.741,2023-11-05
9.13,-20.08,666.0,13.9,66865.775,2023-11-05
8.69,9.73,666.0,15.11,66865.804,2023-11-05
11.29,38.39,666.0,13.89,66865.838,2023-11-05
13.65,48.95,666.0,18.53,66865.874,2023-11-05
18.38,58.63,666.0,19.55,66865.908,2023-11-05
26.03,65.66,666.0,15.77,66865.942,2023-11-05
31.2,68.7,666.0,18.36,66865.975,2023-11-05
38.52,71.49,666.0,19.74,66866.005,2023-11-05
50.07,73.86,666.0,14.97,66866.042,2023-11-05
58.98,75.11,666.0,16.43,66866.075,2023-11-05
70.97,75.59,666.0,14.01,66866.112,2023-11-05
74.51,75.58,666.0,14.06,66866.138,2023-11-05
76.59,75.21,666.0,14.35,66866.176,2023-11-05
65.87,79.24,666.0,15.78,66866.206,2023-11-05
30.41,100.99,15.12,60.15,66866.242,2023-11-05
26.85,117.64,19.66,60.6,66866.275,2023-11-05
24.29,127.0,20.34,65.06,66866.305,2023-11-05
23.15,132.22,21.06,67.26,66866.342,2023-11-05
23.13,129.08,22.18,64.64,66866.374,2023-11-05
126.56,75.76,666.0,11.93,66866.412,2023-11-05
132.67,73.83,666.0,13.92,66866.439,2023-11-05
141.94,70.32,666.0,13.32,66866.473,2023-11-05
145.72,69.36,666.0,16.75,66866.507,2023-11-05
149.85,68.8,666.0,18.29,66866.537,2023-11-05
153.91,69.38,666.0,19.36,66866.571,2023-11-05
160.0,68.12,666.0,17.41,66866.607,2023-11-05
163.57,68.62,666.0,18.55,66866.641,2023-11-05
165.86,69.63,666.0,23.01,66866.674,2023-11-05
168.79,68.2,666.0,23.02,66866.706,2023-11-05
174.6,66.55,666.0,18.07,66866.739,2023-11-05
169.28,128.06,666.0,20.47,66866.772,2023-11-05
170.62,139.57,666.0,17.92,66866.808,2023-11-05
171.4,150.94,666.0,15.69,66866.836,2023-11-05
171.77,158.86,666.0,14.77,66866.877,2023-11-05
171.85,163.15,666.0,14.3,66866.904,2023-11-05
176.13,-75.64,666.0,9.85,66866.937,2023-11-05
177.7,-47.55,666.0,10.2,66866.971,2023-11-05
178.02,-1.57,666.0,9.23,66867.005,2023-11-05
172.65,70.27,666.0,15.23,66867.041,2023-11-05
168.56,77.1,666.0,17.01,66867.075,2023-11-05
166.61,78.94,666.0,15.89,66867.108,2023-11-05
164.98,80.4,666.0,10.87,66867.138,2023-11-05
162.52,82.33,666.0,8.54,66867.178,2023-11-05
154.88,83.26,666.0,13.26,66867.209,2023-11-05
150.0,82.37,666.0,11.78,66867.238,2023-11-05
146.11,93.62,666.0,7.87,66867.274,2023-11-05
138.04,80.62,666.0,10.19,66867.309,2023-11-05
130.21,80.49,666.0,12.73,66867.34,2023-11-05
124.95,79.97,666.0,10.62,66867.374,2023-11-05
117.66,79.41,666.0,12.12,66867.408,2023-11-05
112.2,79.28,666.0,9.09,66867.441,2023-11-05
106.06,76.91,666.0,8.11,66867.477,2023-11-05
104.64,75.31,666.0,7.12,66867.505,2023-11-05
82.88,74.27,666.0,26.68,66867.542,2023-11-05
66.63,74.04,-0.54,43.43,66867.574,2023-11-05
61.04,73.23,1.76,50.9,66867.607,2023-11-05
76.77,62.35,-22.65,45.19,66867.64,2023-11-05
62.02,62.42,-7.32,44.08,66867.672,2023-11-05
54.4,59.35,666.0,18.34,66867.704,2023-11-05
48.47,55.96,666.0,10.37,66867.743,2023-11-05
35.59,52.06,666.0,8.13,66867.783,2023-11-05
26.64,47.4,666.0,7.72,66867.806,2023-11-05
18.63,34.77,666.0,10.96,66867.839,2023-11-05
14.11,19.36,666.0,11.21,66867.875,2023-11-05
12.01,6.43,666.0,7.33,66867.907,2023-11-05
11.02,-17.45,666.0,3.97,66867.939,2023-11-05
12.75,-42.75,666.0,2.88,66867.976,2023-11-05
17.69,-61.7,666.0,5.13,66868.012,2023-11-05
20.34,-66.49,666.0,5.59,66868.041,2023-11-05
22.6,-68.83,666.0,6.61,66868.082,2023-11-05
24.56,-70.17,666.0,3.31,66868.108,2023-11-05
25.65,-70.43,666.0,6.59,66868.139,2023-11-05
32.32,-75.26,666.0,5.76,66868.174,2023-11-05
33.73,-75.51,666.0,8.12,66868.206,2023-11-05
34.2,-75.09,666.0,9.49,66868.24,2023-11-05
32.99,-73.73,666.0,9.92,66868.274,2023-11-05
27.55,-68.7,666.0,2.76,66868.309,2023-11-05
22.89,-62.97,666.0,10.55,66868.34,2023-11-05
18.3,-54.99,666.0,12.45,66868.374,2023-11-05
13.25,-43.07,666.0,15.8,66868.407,2023-11-05
9.06,-20.06,666.0,18.66,66868.44,2023-11-05
8.57,33.53,666.0,13.99,66868.472,2023-11-05
11.43,54.87,666.0,15.17,66868.506,2023-11-05
16.94,69.1,666.0,15.11,66868.543,2023-11-05
24.61,77.58,666.0,10.97,66868.573,2023-11-05
29.81,81.24,666.0,15.84,66868.607,2023-11-05
39.48,86.4,666.0,14.85,66868.638,2023-11-05
49.77,87.9,666.0,16.72,66868.676,2023-11-05
64.32,85.97,666.0,8.09,66868.708,2023-11-05
78.54,83.62,666.0,3.74,66868.742,2023-11-05
82.51,81.96,666.0,5.44,66868.771,2023-11-05
89.08,79.94,666.0,12.63,66868.804,2023-11-05
86.5,73.68,666.0,17.4,66868.845,2023-11-05
85.43,71.21,666.0,20.42,66868.872,2023-11-05
83.75,69.82,666.0,20.99,66868.906,2023-11-05
81.5,68.92,-9.56,66.7,66868.941,2023-11-05
119.65,69.82,666.0,16.81,66868.971,2023-11-05
132.49,71.38,666.0,13.62,66869.009,2023-11-05
142.14,66.45,666.0,14.01,66869.04,2023-11-05
145.15,68.85,666.0,11.12,66869.075,2023-11-05
149.86,69.76,666.0,9.5,66869.104,2023-11-05
151.98,70.83,666.0,11.2,66869.147,2023-11-05
153.4,71.19,666.0,17.55,66869.173,2023-11-05
157.0,70.83,666.0,18.42,66869.203,2023-11-05
159.97,70.19,666.0,21.04,66869.24,2023-11-05
162.93,68.61,666.0,22.7,66869.273,2023-11-05
167.23,61.92,666.0,19.85,66869.308,2023-11-05
169.45,56.15,666.0,19.83,66869.34,2023-11-05
170.85,50.99,666.0,25.61,66869.371,2023-11-05
174.16,3.5,666.0,16.49,66869.405,2023-11-05
173.78,-19.37,666.0,14.79,66869.439,2023-11-05
173.19,-29.95,666.0,16.69,66869.47,2023-11-05
172.87,-32.71,666.0,17.74,66869.505,2023-11-05
172.81,-31.9,666.0,19.16,66869.539,2023-11-05
173.65,-14.81,666.0,21.04,66869.578,2023-11-05
176.75,122.23,666.0,22.77,66869.616,2023-11-05
172.93,18.68,666.0,22.66,66869.642,2023-11-05
170.13,42.09,666.0,22.83,66869.676,2023-11-05
167.98,50.5,666.0,22.44,66869.707,2023-11-05
165.56,55.72,666.0,19.75,66869.74,2023-11-05
162.05,60.89,666.0,18.28,66869.775,2023-11-05
159.34,63.84,666.0,15.52,66869.808,2023-11-05
154.32,68.5,666.0,16.46,66869.838,2023-11-05
150.71,70.64,666.0,14.97,66869.875,2023-11-05
145.79,72.71,666.0,13.63,66869.912,2023-11-05
138.85,74.65,666.0,14.08,66869.938,2023-11-05
131.4,76.44,666.0,16.14,66869.974,2023-11-05
127.06,77.44,666.0,13.84,66870.008,2023-11-05
121.19,77.95,666.0,14.79,66870.041,2023-11-05
113.99,77.16,666.0,17.33,66870.074,2023-11-05
110.78,76.12,666.0,11.2,66870.105,2023-11-05
101.73,75.83,666.0,12.17,66870.137,2023-11-05
97.85,76.45,666.0,15.44,66870.173,2023-11-05
63.3,80.84,-0.89,32.05,66870.213,2023-11-05
40.86,84.77,7.67,66.23,66870.238,2023-11-05
34.33,86.05,8.68,79.65,66870.275,2023-11-05
61.27,72.33,666.0,11.78,66870.308,2023-11-05
53.0,69.83,666.0,9.25,66870.341,2023-11-05
50.8,66.32,666.0,6.99,66870.375,2023-11-05
45.04,60.13,666.0,12.29,66870.413,2023-11-05
36.43,53.7,666.0,13.49,66870.439,2023-11-05
26.32,45.85,666.0,12.84,66870.474,2023-11-05
18.57,34.14,666.0,14.39,66870.516,2023-11-05
14.88,22.16,666.0,14.13,66870.539,2023-11-05
12.5,7.45,666.0,13.97,66870.578,2023-11-05
11.22,-6.92,666.0,14.37,66870.608,2023-11-05
10.64,-20.26,666.0,14.32,66870.64,2023-11-05
10.96,-34.77,666.0,7.58,66870.678,2023-11-05
11.97,-44.25,666.0,3.23,66870.705,2023-11-05
13.93,-52.43,666.0,8.0,66870.74,2023-11-05
16.05,-57.84,666.0,3.96,66870.774,2023-11-05
17.37,-60.38,666.0,1.02,66870.807,2023-11-05
18.2,-61.73,666.0,5.55,66870.839,2023-11-05
18.72,-62.44,666.0,11.15,66870.877,2023-11-05
19.07,-62.83,666.0,12.38,66870.905,2023-11-05
19.3,-62.94,666.0,2.24,66870.942,2023-11-05
19.37,-62.85,666.0,8.92,66870.979,2023-11-05
19.11,-62.46,666.0,14.31,66871.006,2023-11-05
17.0,-60.93,666.0,21.16,66871.04,2023-11-05
13.5,-56.44,666.0,20.26,66871.075,2023-11-05
9.19,-42.79,666.0,21.98,66871.108,2023-11-05
6.57,9.88,666.0,16.81,66871.139,2023-11-05
8.32,40.38,666.0,18.56,66871.172,2023-11-05
14.56,64.84,666.0,14.33,66871.206,2023-11-05
19.53,71.34,666.0,19.14,66871.247,2023-11-05
26.47,77.35,666.0,20.08,66871.28,2023-11-05
35.12,81.44,666.0,19.41,66871.306,2023-11-05
48.35,83.12,666.0,13.87,66871.34,2023-11-05
61.36,81.88,666.0,5.58,66871.374,2023-11-05
72.6,80.59,666.0,1.99,66871.404,2023-11-05
82.15,80.66,666.0,5.06,66871.44,2023-11-05
72.49,81.26,666.0,7.0,66871.474,2023-11-05
76.79,85.11,666.0,7.38,66871.505,2023-11-05
68.77,82.89,666.0,1.84,66871.538,2023-11-05
67.35,82.49,666.0,1.98,66871.583,2023-11-05
66.37,81.87,666.0,1.79,66871.608,2023-11-05
65.9,81.11,666.0,1.69,66871.64,2023-11-05
65.5,80.31,666.0,1.5,66871.671,2023-11-05
124.16,72.45,666.0,18.11,66871.705,2023-11-05
133.5,69.42,666.0,14.47,66871.741,2023-11-05
143.26,66.16,666.0,14.46,66871.774,2023-11-05
147.76,64.04,666.0,14.83,66871.808,2023-11-05
155.67,61.81,666.0,15.13,66871.841,2023-11-05
156.06,61.94,666.0,18.36,66871.883,2023-11-05
158.06,60.17,666.0,20.96,66871.907,2023-11-05
159.99,58.27,666.0,23.32,66871.94,2023-11-05
162.18,57.04,666.0,27.15,66871.974,2023-11-05
163.86,53.04,666.0,25.93,66872.007,2023-11-05
165.21,39.4,666.0,23.05,66872.038,2023-11-05
166.21,33.37,666.0,22.67,66872.073,2023-11-05
168.04,32.89,666.0,22.08,66872.108,2023-11-05
169.77,30.77,666.0,21.51,66872.138,2023-11-05
170.46,30.98,666.0,21.76,66872.185,2023-11-05
167.8,31.0,666.0,24.59,66872.206,2023-11-05
166.06,32.96,666.0,26.28,66872.24,2023-11-05
166.65,38.05,666.0,24.08,66872.273,2023-11-05
166.77,41.86,666.0,22.6,66872.306,2023-11-05
166.53,44.48,666.0,18.62,66872.339,2023-11-05
166.09,48.0,666.0,14.33,66872.376,2023-11-05
163.87,58.6,666.0,14.04,66872.41,2023-11-05
162.09,63.52,666.0,10.42,66872.44,2023-11-05
158.53,68.83,666.0,10.68,66872.477,2023-11-05
154.53,72.15,666.0,9.25,66872.509,2023-11-05
147.18,74.58,666.0,11.56,66872.539,2023-11-05
142.18,75.62,666.0,10.19,66872.575,2023-11-05
135.14,76.64,666.0,11.67,66872.608,2023-11-05
126.39,77.08,666.0,15.48,66872.646,2023-11-05
119.31,76.77,666.0,18.42,66872.67,2023-11-05
111.48,75.24,666.0,22.54,66872.709,2023-11-05
111.39,74.4,666.0,14.08,66872.74,2023-11-05
106.24,73.93,666.0,10.63,66872.771,2023-11-05
104.77,72.92,666.0,8.02,66872.809,2023-11-05
103.84,72.12,666.0,9.05,66872.839,2023-11-05
103.74,71.01,666.0,9.88,66872.874,2023-11-05
103.75,69.7,666.0,8.54,66872.913,2023-11-05
99.35,65.76,666.0,10.22,66872.946,2023-11-05
94.56,63.39,-170.94,38.3,66872.97,2023-11-05
68.6,60.06,666.0,15.72,66873.007,2023-11-05
48.45,56.74,666.0,7.76,66873.038,2023-11-05
33.11,51.32,666.0,18.95,66873.07,2023-11-05
24.53,44.81,666.0,19.49,66873.107,2023-11-05
18.33,37.01,666.0,17.04,66873.142,2023-11-05
14.46,27.55,666.0,9.65,66873.172,2023-11-05
11.12,9.39,666.0,7.13,66873.21,2023-11-05
9.89,-7.3,666.0,3.14,66873.251,2023-11-05
10.88,-37.26,666.0,4.91,66873.273,2023-11-05
13.82,-54.67,666.0,2.45,66873.307,2023-11-05
16.79,-63.31,666.0,2.88,66873.339,2023-11-05
19.33,-67.71,666.0,13.11,66873.373,2023-11-05
21.4,-70.19,666.0,10.05,66873.405,2023-11-05
22.75,-71.27,666.0,9.1,66873.439,2023-11-05
23.47,-71.61,666.0,1.52,66873.474,2023-11-05
23.78,-71.59,666.0,4.44,66873.507,2023-11-05
23.91,-71.43,666.0,12.35,66873.541,2023-11-05
23.42,-70.85,666.0,19.66,66873.576,2023-11-05
20.65,-67.88,666.0,19.42,66873.603,2023-11-05
17.35,-63.87,666.0,19.99,66873.639,2023-11-05
11.72,-47.26,666.0,15.21,66873.675,2023-11-05
8.91,-26.24,666.0,16.32,66873.71,2023-11-05
8.75,17.91,666.0,14.77,66873.74,2023-11-05
12.14,44.57,666.0,15.79,66873.774,2023-11-05
15.32,54.75,666.0,20.48,66873.807,2023-11-05
23.9,64.74,666.0,14.98,66873.842,2023-11-05
32.68,69.63,666.0,11.64,66873.873,2023-11-05
41.66,72.29,666.0,7.62,66873.906,2023-11-05
52.81,73.46,666.0,3.89,66873.941,2023-11-05
62.42,73.33,666.0,1.88,66873.973,2023-11-05
70.59,72.71,666.0,2.92,66874.012,2023-11-05
80.76,72.46,666.0,5.09,66874.045,2023-11-05
83.53,70.57,666.0,1.45,66874.079,2023-11-05
78.2,72.16,666.0,22.15,66874.107,2023-11-05
75.31,71.39,666.0,6.12,66874.149,2023-11-05
35.81,89.1,36.81,52.19,66874.178,2023-11-05
28.34,97.79,40.58,56.52,66874.206,2023-11-05
21.11,102.51,38.14,58.21,66874.241,2023-11-05
21.03,97.75,39.22,50.94,66874.273,2023-11-05
127.55,62.5,666.0,9.09,66874.305,2023-11-05
136.23,60.2,666.0,10.18,66874.338,2023-11-05
142.87,57.57,666.0,12.06,66874.374,2023-11-05
145.82,57.36,666.0,15.27,66874.408,2023-11-05
150.3,58.06,666.0,18.63,66874.439,2023-11-05
154.26,58.25,666.0,15.35,66874.478,2023-11-05
159.09,57.48,666.0,15.37,66874.508,2023-11-05
162.22,57.32,666.0,18.83,66874.539,2023-11-05
164.27,57.72,666.0,18.42,66874.573,2023-11-05
166.07,57.91,666.0,19.51,66874.611,2023-11-05
168.24,57.93,666.0,19.05,66874.637,2023-11-05
169.48,58.49,666.0,19.11,66874.674,2023-11-05
170.91,59.0,666.0,18.7,66874.708,2023-11-05
172.3,58.01,666.0,21.86,66874.738,2023-11-05
174.57,48.6,666.0,19.76,66874.782,2023-11-05
170.59,117.12,666.0,22.33,66874.807,2023-11-05
176.32,32.4,666.0,18.62,66874.841,2023-11-05
176.69,26.2,666.0,17.16,66874.874,2023-11-05
176.91,21.61,666.0,12.51,66874.908,2023-11-05
177.0,23.31,666.0,10.68,66874.94,2023-11-05
176.14,44.2,666.0,9.6,66874.977,2023-11-05
173.72,64.39,666.0,8.8,66875.005,2023-11-05
170.32,74.16,666.0,9.9,66875.038,2023-11-05
166.05,81.23,666.0,10.07,66875.083,2023-11-05
163.55,83.06,666.0,6.34,66875.106,2023-11-05
157.47,82.93,666.0,9.55,66875.136,2023-11-05
154.01,82.42,666.0,8.13,66875.175,2023-11-05
148.13,93.0,666.0,8.15,66875.209,2023-11-05
141.36,81.35,666.0,10.2,66875.241,2023-11-05
132.4,80.8,666.0,12.61,66875.273,2023-11-05
125.62,79.38,666.0,12.19,66875.309,2023-11-05
120.1,77.83,666.0,8.83,66875.343,2023-11-05
110.84,76.55,666.0,9.87,66875.382,2023-11-05
101.5,75.58,666.0,13.7,66875.408,2023-11-05
100.18,73.63,666.0,9.52,66875.442,2023-11-05
99.7,72.33,666.0,7.99,66875.473,2023-11-05
77.14,83.93,15.07,30.7,66875.509,2023-11-05
56.56,73.68,7.12,53.66,66875.545,2023-11-05
51.06,73.04,9.55,59.8,66875.57,2023-11-05
48.91,72.84,10.88,64.77,66875.608,2023-11-05
58.6,65.41,666.0,16.92,66875.647,2023-11-05
53.24,60.5,666.0,10.29,66875.672,2023-11-05
48.05,56.97,666.0,10.54,66875.703,2023-11-05
40.81,51.57,666.0,12.31,66875.739,2023-11-05
28.72,42.24,666.0,12.22,66875.773,2023-11-05
21.12,33.31,666.0,12.02,66875.806,2023-11-05
14.86,18.27,666.0,12.59,66875.843,2023-11-05
12.12,0.81,666.0,11.44,66875.873,2023-11-05
11.38,-13.25,666.0,6.25,66875.906,2023-11-05
11.8,-27.88,666.0,2.2,66875.937,2023-11-05
13.45,-42.61,666.0,0.98,66875.973,2023-11-05
16.65,-55.35,666.0,4.19,66876.007,2023-11-05
18.72,-60.23,666.0,5.77,66876.037,2023-11-05
20.72,-63.56,666.0,1.88,66876.073,2023-11-05
21.88,-65.11,666.0,8.19,66876.107,2023-11-05
22.86,-66.3,666.0,9.6,66876.141,2023-11-05
23.29,-66.35,666.0,10.5,66876.174,2023-11-05
23.51,-66.04,666.0,9.23,66876.206,2023-11-05
23.55,-65.6,666.0,11.01,66876.243,2023-11-05
23.08,-64.91,666.0,17.79,66876.276,2023-11-05
20.07,-60.86,666.0,23.88,66876.307,2023-11-05
16.31,-53.36,666.0,22.64,66876.341,2023-11-05
11.33,-32.38,666.0,12.65,66876.375,2023-11-05
9.26,-9.13,666.0,13.89,66876.407,2023-11-05
9.28,23.75,666.0,13.84,66876.457,2023-11-05
11.88,48.38,666.0,13.69,66876.476,2023-11-05
17.2,66.57,666.0,10.01,66876.507,2023-11-05
22.07,73.57,666.0,11.94,66876.539,2023-11-05
30.37,78.66,666.0,8.62,66876.571,2023-11-05
36.08,82.1,666.0,13.98,66876.607,2023-11-05
48.21,82.73,666.0,9.16,66876.641,2023-11-05
62.13,80.5,666.0,3.3,66876.674,2023-11-05
74.07,78.97,666.0,14.4,66876.706,2023-11-05
83.78,78.34,666.0,27.15,66876.748,2023-11-05
75.81,85.08,666.0,20.32,66876.773,2023-11-05
75.41,87.39,666.0,22.02,66876.808,2023-11-05
63.85,80.75,666.0,9.55,66876.841,2023-11-05
61.74,79.36,666.0,7.42,66876.872,2023-11-05
105.14,74.66,666.0,13.54,66876.908,2023-11-05
116.76,72.75,666.0,9.78,66876.939,2023-11-05
134.42,68.03,666.0,12.91,66876.973,2023-11-05
140.3,68.81,666.0,11.49,66877.008,2023-11-05
143.17,67.82,666.0,13.55,66877.049,2023-11-05
147.58,68.6,666.0,12.78,66877.074,2023-11-05
150.73,83.19,666.0,8.93,66877.114,2023-11-05
153.04,68.04,666.0,18.02,66877.137,2023-11-05
154.5,68.6,666.0,22.61,66877.174,2023-11-05
159.8,65.44,666.0,19.38,66877.207,2023-11-05
162.6,63.33,666.0,19.43,66877.239,2023-11-05
169.49,60.98,666.0,13.15,66877.275,2023-11-05
172.38,58.55,666.0,12.85,66877.307,2023-11-05
174.26,56.02,666.0,12.2,66877.34,2023-11-05
175.83,50.08,666.0,16.47,66877.376,2023-11-05
176.88,43.79,666.0,16.5,66877.407,2023-11-05
177.93,24.22,666.0,15.3,66877.441,2023-11-05
170.92,135.11,666.0,20.32,66877.473,2023-11-05
178.26,-23.42,666.0,13.99,66877.508,2023-11-05
178.16,-27.75,666.0,13.62,66877.537,2023-11-05
177.75,-11.1,666.0,11.1,66877.576,2023-11-05
177.15,10.63,666.0,10.05,66877.607,2023-11-05
175.15,39.36,666.0,11.5,66877.641,2023-11-05
171.97,56.65,666.0,10.92,66877.672,2023-11-05
169.7,63.48,666.0,9.8,66877.709,2023-11-05
166.46,70.79,666.0,8.97,66877.739,2023-11-05
161.93,74.94,666.0,9.68,66877.775,2023-11-05
157.2,99.59,666.0,10.18,66877.812,2023-11-05
152.34,96.43,666.0,10.25,66877.84,2023-11-05
146.67,95.96,666.0,11.58,66877.873,2023-11-05
142.46,94.39,666.0,7.87,66877.909,2023-11-05
126.12,81.18,666.0,19.18,66877.942,2023-11-05
119.31,80.64,666.0,17.56,66877.971,2023-11-05
112.98,80.51,666.0,16.28,66878.004,2023-11-05
107.68,79.21,666.0,13.54,66878.04,2023-11-05
111.06,75.58,666.0,7.34,66878.074,2023-11-05
111.17,73.77,666.0,17.06,66878.113,2023-11-05
111.16,72.65,666.0,20.34,66878.141,2023-11-05
93.61,82.46,666.0,7.66,66878.175,2023-11-05
82.18,86.3,666.0,16.83,66878.206,2023-11-05
76.02,67.84,666.0,21.97,66878.241,2023-11-05
63.59,64.14,666.0,16.98,66878.274,2023-11-05
58.8,59.7,666.0,9.95,66878.307,2023-11-05
48.5,55.91,666.0,9.48,66878.34,2023-11-05
39.46,51.72,666.0,9.97,66878.374,2023-11-05
27.78,47.5,666.0,14.69,66878.415,2023-11-05
20.87,43.06,666.0,14.14,66878.446,2023-11-05
17.05,38.09,666.0,6.01,66878.473,2023-11-05
12.86,21.16,666.0,7.49,66878.508,2023-11-05
11.27,10.61,666.0,7.03,66878.54,2023-11-05
10.25,-11.18,666.0,4.03,66878.575,2023-11-05
11.45,-36.55,666.0,3.74,66878.606,2023-11-05
14.26,-52.84,666.0,3.03,66878.641,2023-11-05
18.27,-62.99,666.0,6.05,66878.675,2023-11-05
20.87,-66.18,666.0,6.73,66878.707,2023-11-05
22.31,-67.17,666.0,8.95,66878.742,2023-11-05
23.01,-67.36,666.0,10.28,66878.777,2023-11-05
23.32,-67.14,666.0,10.32,66878.805,2023-11-05
23.41,-66.7,666.0,9.33,66878.841,2023-11-05
23.23,-66.09,666.0,7.37,66878.879,2023-11-05
22.85,-65.27,666.0,10.47,66878.906,2023-11-05
21.75,-63.53,666.0,20.64,66878.941,2023-11-05
19.8,-61.19,666.0,28.85,66878.975,2023-11-05
14.23,-51.01,666.0,23.84,66879.007,2023-11-05
9.53,-28.64,666.0,19.28,66879.038,2023-11-05
7.95,1.6,666.0,14.09,66879.074,2023-11-05
9.2,31.04,666.0,11.84,66879.107,2023-11-05
11.41,46.33,666.0,12.6,66879.142,2023-11-05
14.5,56.4,666.0,17.19,66879.171,2023-11-05
20.17,65.39,666.0,17.04,66879.208,2023-11-05
27.52,71.14,666.0,13.86,66879.237,2023-11-05
35.82,73.98,666.0,11.29,66879.275,2023-11-05
48.09,75.63,666.0,3.16,66879.306,2023-11-05
56.84,76.71,666.0,2.76,66879.339,2023-11-05
68.95,74.75,666.0,6.48,66879.374,2023-11-05
81.54,72.97,666.0,20.87,66879.41,2023-11-05
75.06,71.13,666.0,12.18,66879.436,2023-11-05
65.31,67.92,666.0,8.3,66879.476,2023-11-05
60.09,65.15,666.0,12.22,66879.509,2023-11-05
58.11,64.81,666.0,13.06,66879.539,2023-11-05
56.95,64.26,666.0,13.59,66879.573,2023-11-05
56.26,63.84,666.0,13.69,66879.612,2023-11-05
55.75,63.25,666.0,13.64,66879.645,2023-11-05
55.4,62.66,666.0,13.37,66879.676,2023-11-05
130.22,68.35,666.0,11.53,66879.708,2023-11-05
138.11,68.97,666.0,9.63,66879.74,2023-11-05
148.49,70.44,666.0,5.86,66879.778,2023-11-05
151.58,71.03,666.0,8.96,66879.807,2023-11-05
155.07,69.49,666.0,11.94,66879.837,2023-11-05
158.25,65.62,666.0,14.85,66879.872,2023-11-05
163.17,58.64,666.0,13.1,66879.909,2023-11-05
166.29,57.45,666.0,14.52,66879.947,2023-11-05
168.97,55.36,666.0,13.61,66879.976,2023-11-05
170.51,55.23,666.0,16.86,66880.008,2023-11-05
172.46,55.94,666.0,16.43,66880.039,2023-11-05
173.72,57.48,666.0,15.92,66880.075,2023-11-05
175.35,53.58,666.0,14.92,66880.109,2023-11-05
176.26,45.17,666.0,16.86,66880.139,2023-11-05
176.74,37.85,666.0,16.17,66880.174,2023-11-05
177.49,24.99,666.0,13.92,66880.205,2023-11-05
177.65,20.12,666.0,11.4,66880.238,2023-11-05
177.56,20.39,666.0,9.28,66880.273,2023-11-05
176.78,49.47,666.0,8.36,66880.305,2023-11-05
175.52,63.94,666.0,6.93,66880.338,2023-11-05
171.71,79.53,666.0,5.96,66880.373,2023-11-05
167.49,82.98,666.0,5.71,66880.411,2023-11-05
163.45,83.71,666.0,5.95,66880.441,2023-11-05
156.03,82.27,666.0,10.86,66880.472,2023-11-05
150.57,82.01,666.0,10.15,66880.508,2023-11-05
145.08,82.13,666.0,9.52,66880.541,2023-11-05
140.94,92.83,666.0,6.15,66880.575,2023-11-05
129.55,82.39,666.0,12.08,66880.605,2023-11-05
125.26,82.5,666.0,7.75,66880.641,2023-11-05
118.33,82.93,666.0,8.15,66880.675,2023-11-05
114.4,84.08,666.0,5.39,66880.71,2023-11-05
106.82,84.04,666.0,6.77,66880.741,2023-11-05
105.24,83.37,666.0,6.99,66880.775,2023-11-05
104.72,81.73,666.0,7.14,66880.807,2023-11-05
102.26,85.17,666.0,5.4,66880.838,2023-11-05
103.56,79.62,666.0,10.83,66880.872,2023-11-05
83.07,75.55,-15.9,40.36,66880.906,2023-11-05
66.5,70.23,666.0,9.57,66880.94,2023-11-05
51.6,64.78,666.0,13.51,66880.974,2023-11-05
41.14,60.9,666.0,13.07,66881.013,2023-11-05
33.43,55.52,666.0,16.66,66881.038,2023-11-05
21.7,48.37,666.0,23.42,66881.074,2023-11-05
17.43,43.11,666.0,19.04,66881.106,2023-11-05
14.21,34.67,666.0,14.36,66881.141,2023-11-05
12.23,26.14,666.0,7.28,66881.173,2023-11-05
10.72,14.16,666.0,3.65,66881.207,2023-11-05
9.89,-8.14,666.0,4.17,66881.244,2023-11-05
11.42,-37.96,666.0,4.68,66881.274,2023-11-05
13.7,-50.93,666.0,2.25,66881.313,2023-11-05
16.05,-59.42,666.0,3.08,66881.34,2023-11-05
17.62,-63.94,666.0,1.73,66881.374,2023-11-05
18.62,-66.54,666.0,5.77,66881.405,2023-11-05
19.16,-68.2,666.0,6.72,66881.441,2023-11-05
19.19,-69.14,666.0,7.34,66881.475,2023-11-05
18.77,-69.49,666.0,7.34,66881.506,2023-11-05
17.63,-69.14,666.0,7.15,66881.541,2023-11-05
16.04,-67.84,666.0,0.74,66881.572,2023-11-05
13.92,-65.11,666.0,10.6,66881.614,2023-11-05
11.22,-57.71,666.0,18.65,66881.639,2023-11-05
9.04,-46.48,666.0,20.66,66881.673,2023-11-05
7.66,-31.1,666.0,21.5,66881.707,2023-11-05
7.2,-14.37,666.0,21.31,66881.74,2023-11-05
7.73,6.95,666.0,20.14,66881.774,2023-11-05
9.65,28.37,666.0,20.2,66881.809,2023-11-05
13.02,44.23,666.0,21.22,66881.839,2023-11-05
18.29,55.99,666.0,19.88,66881.874,2023-11-05
22.81,61.3,666.0,21.92,66881.906,2023-11-05
29.26,64.93,666.0,21.72,66881.94,2023-11-05
34.39,66.97,666.0,26.08,66881.974,2023-11-05
45.47,68.8,666.0,19.45,66882.007,2023-11-05
54.03,69.79,666.0,19.26,66882.039,2023-11-05
62.29,72.04,666.0,17.83,66882.078,2023-11-05
73.76,73.25,666.0,9.16,66882.107,2023-11-05
74.22,74.8,666.0,14.31,66882.139,2023-11-05
66.26,78.91,12.27,37.26,66882.172,2023-11-05
33.64,88.51,17.31,76.49,66882.205,2023-11-05
17.67,117.23,16.13,101.74,66882.24,2023-11-05
14.86,127.32,14.78,121.04,66882.273,2023-11-05
16.08,112.99,14.22,130.42,66882.307,2023-11-05
17.15,108.08,14.51,135.14,66882.342,2023-11-05
20.08,98.61,14.82,134.61,66882.379,2023-11-05
91.68,77.53,6.62,67.47,66882.407,2023-11-05
129.45,67.61,666.0,24.39,66882.443,2023-11-05
139.23,64.13,666.0,16.62,66882.473,2023-11-05
144.45,62.63,666.0,14.08,66882.506,2023-11-05
150.06,61.04,666.0,12.33,66882.541,2023-11-05
153.43,60.34,666.0,13.07,66882.574,2023-11-05
158.47,58.98,666.0,11.29,66882.607,2023-11-05
162.4,58.15,666.0,11.73,66882.651,2023-11-05
164.36,58.23,666.0,13.69,66882.681,2023-11-05
168.28,58.82,666.0,10.38,66882.706,2023-11-05
170.03,61.63,666.0,12.8,66882.753,2023-11-05
171.08,66.77,666.0,13.2,66882.776,2023-11-05
172.16,69.9,666.0,13.62,66882.821,2023-11-05
172.85,72.44,666.0,15.55,66882.841,2023-11-05
173.49,74.27,666.0,16.38,66882.873,2023-11-05
174.03,75.1,666.0,16.68,66882.907,2023-11-05
174.4,74.33,666.0,17.05,66882.943,2023-11-05
174.36,69.23,666.0,17.73,66882.975,2023-11-05
174.15,64.56,666.0,18.31,66883.005,2023-11-05
173.7,60.45,666.0,18.41,66883.042,2023-11-05
172.73,58.12,666.0,16.31,66883.077,2023-11-05
171.58,57.07,666.0,11.92,66883.109,2023-11-05
169.81,57.82,666.0,7.9,66883.148,2023-11-05
167.2,61.24,666.0,5.1,66883.174,2023-11-05
160.44,66.44,666.0,9.7,66883.207,2023-11-05
155.67,68.51,666.0,9.49,66883.24,2023-11-05
152.02,70.07,666.0,8.4,66883.277,2023-11-05
145.37,72.62,666.0,9.36,66883.304,2023-11-05
137.4,74.79,666.0,12.63,66883.338,2023-11-05
132.46,75.57,666.0,11.42,66883.374,2023-11-05
123.81,76.17,666.0,15.91,66883.406,2023-11-05
119.81,74.97,666.0,13.69,66883.448,2023-11-05
117.2,73.75,666.0,7.69,66883.474,2023-11-05
110.06,73.64,666.0,7.39,66883.507,2023-11-05
101.82,74.4,666.0,6.74,66883.537,2023-11-05
98.84,73.75,666.0,7.32,66883.575,2023-11-05
97.68,72.59,666.0,7.34,66883.607,2023-11-05
99.28,70.52,666.0,6.28,66883.64,2023-11-05
99.26,69.71,666.0,7.77,66883.673,2023-11-05
86.05,63.58,666.0,29.21,66883.706,2023-11-05
68.82,58.68,-11.33,43.64,66883.738,2023-11-05
54.95,56.0,666.0,27.94,66883.774,2023-11-05
46.32,54.82,666.0,13.77,66883.806,2023-11-05
40.46,50.31,666.0,14.79,66883.838,2023-11-05
35.12,48.39,666.0,10.94,66883.876,2023-11-05
25.07,42.57,666.0,16.56,66883.909,2023-11-05
21.26,39.45,666.0,9.63,66883.94,2023-11-05
18.01,33.18,666.0,7.21,66883.974,2023-11-05
15.3,22.43,666.0,10.35,66884.007,2023-11-05
13.64,8.09,666.0,7.38,66884.04,2023-11-05
12.93,-6.29,666.0,6.84,66884.071,2023-11-05
13.19,-24.07,666.0,7.56,66884.105,2023-11-05
14.19,-36.08,666.0,3.27,66884.139,2023-11-05
16.44,-47.6,666.0,6.74,66884.176,2023-11-05
18.53,-54.65,666.0,9.47,66884.208,2023-11-05
19.86,-58.01,666.0,10.14,66884.239,2023-11-05
20.7,-59.52,666.0,5.49,66884.272,2023-11-05
21.21,-60.15,666.0,3.03,66884.308,2023-11-05
21.5,-60.38,666.0,1.82,66884.34,2023-11-05
21.64,-60.34,666.0,11.55,66884.373,2023-11-05
21.6,-59.97,666.0,18.18,66884.408,2023-11-05
21.17,-59.05,666.0,21.33,66884.44,2023-11-05
19.59,-56.64,666.0,20.88,66884.475,2023-11-05
17.64,-53.58,666.0,24.39,66884.514,2023-11-05
15.17,-49.27,666.0,25.45,66884.538,2023-11-05
11.97,-40.08,666.0,26.8,66884.575,2023-11-05
8.89,-15.2,666.0,20.8,66884.606,2023-11-05
8.7,17.04,666.0,15.61,66884.641,2023-11-05
10.71,41.42,666.0,14.66,66884.673,2023-11-05
16.78,62.37,666.0,7.27,66884.706,2023-11-05
20.81,68.44,666.0,9.48,66884.74,2023-11-05
26.58,72.67,666.0,13.69,66884.773,2023-11-05
35.94,76.21,666.0,8.66,66884.815,2023-11-05
42.09,77.34,666.0,13.47,66884.839,2023-11-05
55.67,78.21,666.0,5.7,66884.873,2023-11-05
64.26,78.12,666.0,3.82,66884.91,2023-11-05
62.99,78.7,666.0,4.03,66884.937,2023-11-05
61.34,81.55,666.0,8.35,66884.973,2023-11-05
59.19,83.5,666.0,10.95,66885.007,2023-11-05
67.77,83.79,666.0,14.07,66885.04,2023-11-05
51.19,77.95,666.0,12.1,66885.073,2023-11-05
49.15,75.07,666.0,12.42,66885.122,2023-11-05
48.22,73.19,666.0,12.57,66885.141,2023-11-05
47.72,71.6,666.0,12.58,66885.175,2023-11-05
47.16,69.2,15.27,103.39,66885.203,2023-11-05
47.23,67.17,15.94,113.23,66885.241,2023-11-05
47.02,66.54,14.12,119.52,66885.274,2023-11-05
135.86,72.87,666.0,24.56,66885.306,2023-11-05
151.35,76.3,666.0,7.2,66885.34,2023-11-05
162.43,80.13,666.0,9.58,66885.374,2023-11-05
165.32,82.82,666.0,5.64,66885.407,2023-11-05
168.96,84.12,666.0,4.58,66885.439,2023-11-05
173.61,86.78,666.0,4.69,66885.474,2023-11-05
177.23,87.33,666.0,2.15,66885.508,2023-11-05
179.75,-86.53,666.0,2.17,66885.542,2023-11-05
177.42,-90.42,666.0,2.05,66885.576,2023-11-05
175.98,-90.02,666.0,3.5,66885.608,2023-11-05
174.95,-88.81,666.0,3.59,66885.639,2023-11-05
174.29,-87.61,666.0,3.83,66885.673,2023-11-05
173.85,-86.18,666.0,3.73,66885.706,2023-11-05
172.41,151.08,666.0,15.76,66885.74,2023-11-05
176.24,-95.74,666.0,3.57,66885.776,2023-11-05
174.42,163.25,666.0,9.22,66885.803,2023-11-05
177.59,-88.39,666.0,1.94,66885.841,2023-11-05
177.08,-53.75,666.0,4.58,66885.878,2023-11-05
177.34,4.57,666.0,8.72,66885.906,2023-11-05
175.06,47.75,666.0,10.84,66885.944,2023-11-05
170.28,65.27,666.0,10.85,66885.975,2023-11-05
155.49,68.52,666.0,10.13,66886.006,2023-11-05
146.68,69.47,666.0,18.45,66886.041,2023-11-05
138.8,71.33,666.0,23.63,66886.076,2023-11-05
134.24,72.45,666.0,20.93,66886.106,2023-11-05
124.74,73.65,666.0,23.56,66886.139,2023-11-05
119.47,74.34,666.0,21.4,66886.182,2023-11-05
112.42,75.8,666.0,20.12,66886.207,2023-11-05
110.3,75.71,666.0,10.16,66886.238,2023-11-05
109.55,75.36,666.0,14.35,66886.272,2023-11-05
110.87,74.49,666.0,27.59,66886.306,2023-11-05
94.4,75.02,666.0,15.93,66886.342,2023-11-05
78.65,76.6,666.0,4.67,66886.373,2023-11-05
72.83,76.55,666.0,12.1,66886.406,2023-11-05
67.92,76.86,666.0,19.29,66886.439,2023-11-05
66.11,70.04,666.0,9.74,66886.48,2023-11-05
56.17,66.47,666.0,11.24,66886.504,2023-11-05
49.83,63.03,666.0,6.45,66886.538,2023-11-05
38.17,58.91,666.0,10.35,66886.574,2023-11-05
30.86,53.99,666.0,10.11,66886.605,2023-11-05
19.92,43.91,666.0,18.44,66886.638,2023-11-05
15.11,33.98,666.0,17.63,66886.671,2023-11-05
11.82,19.24,666.0,13.64,66886.704,2023-11-05
10.21,5.93,666.0,6.18,66886.74,2023-11-05
9.41,-7.92,666.0,3.35,66886.784,2023-11-05
9.39,-25.95,666.0,2.55,66886.807,2023-11-05
11.07,-46.64,666.0,0.96,66886.837,2023-11-05
13.0,-56.16,666.0,1.51,66886.873,2023-11-05
14.63,-60.45,666.0,2.99,66886.907,2023-11-05
15.72,-62.17,666.0,3.27,66886.938,2023-11-05
16.54,-62.32,666.0,3.66,66886.973,2023-11-05
16.93,-61.8,666.0,4.0,66887.007,2023-11-05
17.08,-60.8,666.0,5.73,66887.037,2023-11-05
17.08,-59.37,666.0,9.49,66887.074,2023-11-05
16.81,-56.95,666.0,15.28,66887.109,2023-11-05
15.64,-51.79,666.0,19.09,66887.14,2023-11-05
13.65,-43.99,666.0,22.51,66887.174,2023-11-05
10.8,-29.44,666.0,19.13,66887.209,2023-11-05
8.67,-1.68,666.0,14.94,66887.243,2023-11-05
8.9,25.88,666.0,16.63,66887.274,2023-11-05
10.54,45.17,666.0,19.7,66887.303,2023-11-05
13.62,58.52,666.0,24.05,66887.337,2023-11-05
20.91,68.29,666.0,22.59,66887.374,2023-11-05
29.74,72.95,666.0,17.4,66887.408,2023-11-05
38.84,74.65,666.0,15.96,66887.438,2023-11-05
51.62,78.16,666.0,4.29,66887.474,2023-11-05
64.75,78.41,666.0,3.87,66887.507,2023-11-05
78.37,75.82,666.0,5.01,66887.547,2023-11-05
61.14,79.34,666.0,20.17,66887.574,2023-11-05
26.63,113.64,21.06,59.59,66887.614,2023-11-05
22.21,133.38,20.19,66.41,66887.639,2023-11-05
20.7,145.58,19.52,70.99,66887.671,2023-11-05
19.96,142.52,19.16,67.94,66887.706,2023-11-05
19.51,139.43,19.71,66.47,66887.741,2023-11-05
19.16,140.05,21.32,68.51,66887.774,2023-11-05
127.68,74.21,666.0,9.85,66887.805,2023-11-05
132.48,72.5,666.0,16.63,66887.839,2023-11-05
142.21,69.28,666.0,12.59,66887.873,2023-11-05
145.25,67.52,666.0,16.02,66887.906,2023-11-05
149.68,65.45,666.0,13.84,66887.938,2023-11-05
154.4,63.09,666.0,13.49,66887.976,2023-11-05
157.77,60.53,666.0,14.7,66888.009,2023-11-05
160.34,58.82,666.0,16.95,66888.04,2023-11-05
162.27,56.91,666.0,16.55,66888.074,2023-11-05
163.42,55.52,666.0,19.42,66888.107,2023-11-05
165.22,51.48,666.0,19.66,66888.137,2023-11-05
166.19,49.09,666.0,22.31,66888.174,2023-11-05
167.0,45.82,666.0,22.84,66888.204,2023-11-05
167.56,44.15,666.0,24.28,66888.24,2023-11-05
168.14,37.84,666.0,23.31,66888.273,2023-11-05
168.24,31.28,666.0,22.13,66888.31,2023-11-05
168.12,27.76,666.0,21.38,66888.339,2023-11-05
167.85,25.82,666.0,17.71,66888.374,2023-11-05
167.44,26.77,666.0,15.7,66888.406,2023-11-05
166.71,29.89,666.0,12.33,66888.438,2023-11-05
165.59,34.39,666.0,9.75,66888.472,2023-11-05
163.74,41.35,666.0,8.24,66888.508,2023-11-05
159.79,51.72,666.0,9.22,66888.539,2023-11-05
156.46,57.38,666.0,9.22,66888.575,2023-11-05
152.44,62.01,666.0,8.51,66888.614,2023-11-05
147.77,65.77,666.0,8.55,66888.637,2023-11-05
140.74,68.62,666.0,11.5,66888.677,2023-11-05
136.28,70.38,666.0,8.6,66888.706,2023-11-05
131.78,71.81,666.0,8.45,66888.737,2023-11-05
126.73,72.68,666.0,6.72,66888.772,2023-11-05
119.37,73.27,666.0,7.62,66888.805,2023-11-05
116.97,72.91,666.0,6.43,66888.843,2023-11-05
115.34,72.15,666.0,16.99,66888.872,2023-11-05
110.67,71.56,666.0,22.62,66888.918,2023-11-05
107.59,70.78,179.86,30.48,66888.943,2023-11-05
105.61,70.01,179.75,31.17,66888.972,2023-11-05
78.96,67.55,666.0,6.06,66889.007,2023-11-05
64.77,65.72,666.0,24.68,66889.04,2023-11-05
51.47,64.65,4.82,31.83,66889.071,2023-11-05
50.21,62.44,666.0,18.34,66889.108,2023-11-05
47.0,60.46,666.0,8.77,66889.138,2023-11-05
42.43,56.17,666.0,6.25,66889.172,2023-11-05
37.89,50.31,666.0,5.04,66889.216,2023-11-05
31.55,41.6,666.0,7.1,66889.24,2023-11-05
26.23,32.88,666.0,9.92,66889.273,2023-11-05
21.84,22.99,666.0,10.73,66889.306,2023-11-05
18.32,9.72,666.0,11.08,66889.34,2023-11-05
16.16,-5.22,666.0,10.31,66889.375,2023-11-05
15.3,-15.53,666.0,10.1,66889.406,2023-11-05
14.81,-25.03,666.0,7.44,66889.441,2023-11-05
14.79,-34.97,666.0,6.94,66889.474,2023-11-05
15.47,-45.83,666.0,5.07,66889.505,2023-11-05
16.17,-53.02,666.0,4.05,66889.54,2023-11-05
16.69,-57.39,666.0,4.08,66889.573,2023-11-05
17.08,-60.37,666.0,5.66,66889.606,2023-11-05
17.14,-62.22,666.0,7.23,66889.641,2023-11-05
17.1,-63.3,666.0,8.73,66889.672,2023-11-05
17.0,-63.95,666.0,11.9,66889.707,2023-11-05
16.67,-64.07,666.0,17.56,66889.741,2023-11-05
15.89,-63.35,666.0,19.25,66889.774,2023-11-05
13.82,-59.31,666.0,19.34,66889.809,2023-11-05
11.07,-50.46,666.0,19.19,66889.841,2023-11-05
8.35,-29.75,666.0,20.15,66889.872,2023-11-05
7.73,6.09,666.0,16.72,66889.905,2023-11-05
10.62,37.31,666.0,14.22,66889.94,2023-11-05
15.99,54.78,666.0,12.74,66889.977,2023-11-05
23.13,65.09,666.0,9.98,66890.007,2023-11-05
29.72,69.0,666.0,10.57,66890.039,2023-11-05
40.75,73.15,666.0,3.45,66890.073,2023-11-05
46.92,74.71,666.0,3.88,66890.108,2023-11-05
51.75,75.01,666.0,10.76,66890.139,2023-11-05
62.21,76.26,666.0,5.85,66890.174,2023-11-05
65.17,74.82,666.0,6.85,66890.209,2023-11-05
65.12,75.4,666.0,6.65,66890.238,2023-11-05
63.04,77.26,666.0,8.97,66890.283,2023-11-05
56.75,78.11,666.0,12.95,66890.308,2023-11-05
52.98,76.74,666.0,15.36,66890.336,2023-11-05
50.69,74.77,666.0,16.64,66890.375,2023-11-05
48.63,72.45,666.0,17.42,66890.407,2023-11-05
47.28,70.49,666.0,17.89,66890.438,2023-11-05
46.38,68.67,666.0,18.12,66890.474,2023-11-05
45.81,67.04,666.0,18.24,66890.507,2023-11-05
129.49,60.32,666.0,14.26,66890.538,2023-11-05
137.74,58.0,666.0,12.94,66890.58,2023-11-05
145.85,56.45,666.0,11.41,66890.607,2023-11-05
149.97,55.87,666.0,14.09,66890.641,2023-11-05
153.77,55.48,666.0,12.04,66890.674,2023-11-05
158.17,54.03,666.0,11.85,66890.708,2023-11-05
161.07,53.12,666.0,11.69,66890.737,2023-11-05
162.2,53.11,666.0,17.75,66890.775,2023-11-05
163.16,52.63,666.0,19.61,66890.807,2023-11-05
164.45,51.67,666.0,20.61,66890.842,2023-11-05
165.87,49.96,666.0,21.05,66890.881,2023-11-05
169.17,43.28,666.0,18.9,66890.908,2023-11-05
169.91,40.97,666.0,20.52,66890.941,2023-11-05
170.2,39.62,666.0,20.98,66890.973,2023-11-05
170.12,39.7,666.0,21.42,66891.008,2023-11-05
171.13,34.75,666.0,17.89,66891.041,2023-11-05
169.19,40.34,666.0,17.88,66891.073,2023-11-05
167.79,46.44,666.0,18.81,66891.106,2023-11-05
166.11,52.91,666.0,17.07,66891.14,2023-11-05
164.55,56.54,666.0,13.93,66891.176,2023-11-05
162.1,61.94,666.0,12.03,66891.205,2023-11-05
158.49,66.07,666.0,13.17,66891.241,2023-11-05
156.18,68.05,666.0,11.2,66891.274,2023-11-05
152.16,70.43,666.0,10.92,66891.306,2023-11-05
146.55,72.81,666.0,12.04,66891.346,2023-11-05
141.01,74.54,666.0,11.7,66891.384,2023-11-05
135.18,75.33,666.0,10.91,66891.409,2023-11-05
127.49,75.67,666.0,14.57,66891.445,2023-11-05
119.38,75.46,666.0,19.09,66891.478,2023-11-05
115.14,75.62,666.0,15.38,66891.507,2023-11-05
107.97,75.77,666.0,13.04,66891.537,2023-11-05
102.03,75.45,666.0,11.32,66891.574,2023-11-05
94.57,75.33,666.0,13.26,66891.603,2023-11-05
95.65,74.33,666.0,10.63,66891.652,2023-11-05
95.72,73.44,666.0,9.86,66891.672,2023-11-05
95.58,72.13,666.0,11.75,66891.706,2023-11-05
96.33,71.12,666.0,13.73,66891.738,2023-11-05
83.77,65.21,-18.73,36.36,66891.774,2023-11-05
68.03,58.79,666.0,17.25,66891.805,2023-11-05
53.96,55.92,666.0,16.64,66891.84,2023-11-05
44.02,51.07,666.0,16.7,66891.873,2023-11-05
35.69,47.86,666.0,15.46,66891.904,2023-11-05
27.79,43.35,666.0,13.84,66891.951,2023-11-05
21.09,36.29,666.0,14.11,66891.973,2023-11-05
16.94,27.93,666.0,11.03,66892.006,2023-11-05
14.11,17.25,666.0,9.0,66892.039,2023-11-05
12.44,4.74,666.0,5.55,66892.075,2023-11-05
11.96,-20.7,666.0,5.65,66892.106,2023-11-05
12.69,-34.93,666.0,5.71,66892.141,2023-11-05
13.53,-43.31,666.0,4.07,66892.175,2023-11-05
14.61,-51.01,666.0,5.87,66892.208,2023-11-05
15.05,-54.52,666.0,6.9,66892.24,2023-11-05
15.09,-56.57,666.0,7.6,66892.273,2023-11-05
14.91,-58.37,666.0,8.25,66892.307,2023-11-05
14.69,-60.21,666.0,9.19,66892.34,2023-11-05
14.29,-61.29,666.0,9.92,66892.375,2023-11-05
13.88,-62.03,666.0,10.69,66892.409,2023-11-05
13.4,-62.31,666.0,11.44,66892.44,2023-11-05
12.95,-62.22,666.0,16.86,66892.473,2023-11-05
12.44,-61.83,666.0,19.3,66892.507,2023-11-05
11.71,-60.67,666.0,22.13,66892.54,2023-11-05
10.61,-57.94,666.0,23.27,66892.575,2023-11-05
8.77,-49.14,666.0,21.47,66892.607,2023-11-05
6.33,-20.93,666.0,16.39,66892.637,2023-11-05
6.04,11.43,666.0,13.94,66892.673,2023-11-05
8.03,42.67,666.0,16.65,66892.71,2023-11-05
11.94,61.61,666.0,17.51,66892.739,2023-11-05
15.18,68.49,666.0,22.41,66892.771,2023-11-05
21.17,74.18,666.0,21.96,66892.806,2023-11-05
32.25,77.8,666.0,14.02,66892.839,2023-11-05
41.9,78.98,666.0,11.93,66892.875,2023-11-05
54.3,79.6,666.0,5.63,66892.907,2023-11-05
64.74,79.35,666.0,3.63,66892.939,2023-11-05
29.4,115.15,28.06,51.64,66892.973,2023-11-05
32.92,123.88,34.13,51.7,66893.011,2023-11-05
28.53,142.42,31.19,63.82,66893.04,2023-11-05
24.95,141.22,28.6,63.33,66893.072,2023-11-05
21.6,133.55,25.59,60.54,66893.106,2023-11-05
21.4,120.14,25.69,55.73,66893.143,2023-11-05
24.25,105.92,27.09,49.74,66893.172,2023-11-05
121.45,69.27,666.0,10.5,66893.205,2023-11-05
129.13,66.09,666.0,14.56,66893.242,2023-11-05
139.95,65.6,666.0,11.75,66893.273,2023-11-05
145.1,65.28,666.0,12.23,66893.32,2023-11-05
149.39,65.23,666.0,12.35,66893.341,2023-11-05
154.81,64.27,666.0,13.2,66893.371,2023-11-05
161.12,64.95,666.0,9.97,66893.407,2023-11-05
162.46,68.09,666.0,16.1,66893.442,2023-11-05
165.69,68.92,666.0,17.6,66893.473,2023-11-05
168.03,69.53,666.0,22.81,66893.508,2023-11-05
171.58,68.6,666.0,19.32,66893.54,2023-11-05
174.4,70.35,666.0,18.17,66893.571,2023-11-05
176.59,70.66,666.0,19.79,66893.608,2023-11-05
177.97,67.02,666.0,19.71,66893.638,2023-11-05
179.04,11.02,666.0,17.83,66893.674,2023-11-05
178.04,-69.07,666.0,14.38,66893.708,2023-11-05
178.71,-34.62,666.0,15.46,66893.74,2023-11-05
178.79,-8.45,666.0,15.79,66893.776,2023-11-05
178.48,33.89,666.0,13.63,66893.806,2023-11-05
176.57,60.02,666.0,15.64,66893.84,2023-11-05
173.47,69.35,666.0,17.72,66893.872,2023-11-05
168.27,78.58,666.0,24.61,66893.907,2023-11-05
163.47,80.96,666.0,24.76,66893.94,2023-11-05
159.62,83.59,666.0,23.81,66893.974,2023-11-05
157.76,84.67,666.0,18.48,66894.006,2023-11-05
155.02,85.57,666.0,17.57,66894.04,2023-11-05
147.14,86.73,666.0,21.41,66894.084,2023-11-05
142.29,86.86,666.0,19.46,66894.105,2023-11-05
136.29,86.96,666.0,18.44,66894.139,2023-11-05
131.39,86.22,666.0,16.06,66894.174,2023-11-05
123.21,84.86,666.0,18.77,66894.208,2023-11-05
116.48,84.21,666.0,20.56,66894.238,2023-11-05
115.91,82.78,666.0,12.63,66894.274,2023-11-05
111.64,81.38,666.0,10.16,66894.305,2023-11-05
108.07,79.1,666.0,7.85,66894.339,2023-11-05
101.89,77.53,666.0,9.05,66894.381,2023-11-05
100.47,76.14,666.0,7.19,66894.405,2023-11-05
99.72,75.26,666.0,14.08,66894.439,2023-11-05
94.45,72.94,666.0,6.99,66894.474,2023-11-05
78.74,67.15,-18.35,34.89,66894.507,2023-11-05
62.44,62.03,-10.02,46.6,66894.542,2023-11-05
51.1,59.13,666.0,27.11,66894.572,2023-11-05
43.16,57.25,666.0,16.57,66894.605,2023-11-05
37.88,55.33,666.0,13.32,66894.636,2023-11-05
34.02,54.03,666.0,9.92,66894.672,2023-11-05
28.55,51.48,666.0,8.6,66894.708,2023-11-05
20.59,43.96,666.0,11.74,66894.739,2023-11-05
15.64,34.85,666.0,14.13,66894.773,2023-11-05
13.29,27.49,666.0,11.98,66894.806,2023-11-05
12.02,21.99,666.0,10.34,66894.841,2023-11-05
11.15,15.45,666.0,8.57,66894.875,2023-11-05
10.66,8.75,666.0,6.8,66894.907,2023-11-05
10.42,-2.09,666.0,7.09,66894.939,2023-11-05
10.5,-10.88,666.0,6.91,66894.974,2023-11-05
10.83,-18.49,666.0,6.21,66895.008,2023-11-05
11.66,-28.48,666.0,7.8,66895.039,2023-11-05
12.18,-32.67,666.0,8.0,66895.073,2023-11-05
12.53,-34.64,666.0,8.08,66895.108,2023-11-05
12.73,-35.51,666.0,8.07,66895.146,2023-11-05
12.82,-35.69,666.0,7.94,66895.174,2023-11-05
12.84,-35.57,666.0,7.83,66895.207,2023-11-05
12.82,-35.32,666.0,7.82,66895.242,2023-11-05
12.76,-34.81,666.0,7.9,66895.274,2023-11-05
12.68,-34.28,666.0,9.43,66895.308,2023-11-05
12.51,-33.67,666.0,11.29,66895.341,2023-11-05
12.03,-33.06,666.0,13.87,66895.371,2023-11-05
11.3,-31.83,666.0,16.08,66895.405,2023-11-05
10.29,-29.48,666.0,16.72,66895.444,2023-11-05
9.27,-26.11,666.0,17.01,66895.475,2023-11-05
8.46,-22.45,666.0,17.34,66895.504,2023-11-05
7.83,-18.78,666.0,17.54,66895.539,2023-11-05
7.37,-15.44,666.0,17.72,66895.574,2023-11-05
7.06,-12.38,666.0,17.76,66895.607,2023-11-05
6.84,-9.72,666.0,17.7,66895.641,2023-11-05
6.69,-7.56,666.0,17.6,66895.676,2023-11-05
6.58,-5.57,666.0,17.45,66895.707,2023-11-05
6.5,-3.91,666.0,17.3,66895.749,2023-11-05
6.48,-2.61,666.0,17.15,66895.775,2023-11-05
6.47,-1.53,666.0,17.0,66895.807,2023-11-05
6.49,-0.61,666.0,16.85,66895.841,2023-11-05
6.52,0.21,666.0,16.68,66895.875,2023-11-05
6.55,0.95,666.0,16.5,66895.906,2023-11-05
6.61,1.83,666.0,16.27,66895.939,2023-11-05
6.67,2.94,666.0,16.0,66895.976,2023-11-05
6.76,4.0,666.0,15.74,66896.007,2023-11-05
6.87,5.09,666.0,15.5,66896.04,2023-11-05
6.97,6.38,666.0,15.27,66896.073,2023-11-05
7.07,7.57,666.0,15.06,66896.107,2023-11-05
7.15,8.61,666.0,14.86,66896.139,2023-11-05
7.21,9.52,666.0,14.69,66896.172,2023-11-05
7.26,10.37,666.0,14.48,66896.208,2023-11-05
7.3,10.85,666.0,14.4,66896.241,2023-11-05
7.33,11.26,666.0,14.34,66896.277,2023-11-05
7.34,11.83,666.0,14.27,66896.305,2023-11-05
7.34,12.5,666.0,14.21,66896.34,2023-11-05
7.32,13.11,666.0,14.22,66896.377,2023-11-05
7.3,13.4,666.0,14.3,66896.407,2023-11-05
7.26,13.54,666.0,14.42,66896.443,2023-11-05
7.21,13.67,666.0,14.54,66896.478,2023-11-05
7.16,13.64,666.0,14.69,66896.513,2023-11-05
7.09,13.62,666.0,14.79,66896.541,2023-11-05
7.02,13.4,666.0,14.88,66896.574,2023-11-05
6.94,12.71,666.0,14.96,66896.606,2023-11-05
6.88,12.15,666.0,14.83,66896.637,2023-11-05
6.84,11.68,666.0,14.71,66896.672,2023-11-05
6.84,11.0,666.0,14.7,66896.709,2023-11-05
6.85,10.46,666.0,14.66,66896.739,2023-11-05
6.89,9.82,666.0,14.6,66896.773,2023-11-05
6.92,9.31,666.0,14.15,66896.808,2023-11-05
6.94,8.84,666.0,13.9,66896.836,2023-11-05
6.97,8.3,666.0,13.81,66896.877,2023-11-05
6.99,7.83,666.0,13.79,66896.904,2023-11-05
7.02,7.33,666.0,13.81,66896.941,2023-11-05
7.06,6.89,666.0,13.86,66896.978,2023-11-05
7.09,6.55,666.0,13.9,66897.006,2023-11-05
7.12,6.23,666.0,13.94,66897.037,2023-11-05
7.14,5.94,666.0,13.99,66897.073,2023-11-05
7.17,5.69,666.0,14.06,66897.105,2023-11-05
7.2,5.45,666.0,14.12,66897.137,2023-11-05
7.23,5.19,666.0,14.18,66897.175,2023-11-05
7.26,4.92,666.0,14.25,66897.21,2023-11-05
7.29,4.7,666.0,14.31,66897.24,2023-11-05
7.31,4.51,666.0,14.37,66897.282,2023-11-05
7.35,4.3,666.0,14.43,66897.308,2023-11-05
7.39,4.07,666.0,14.5,66897.338,2023-11-05
7.43,3.87,666.0,14.58,66897.374,2023-11-05
7.47,3.74,666.0,14.67,66897.409,2023-11-05
7.51,3.65,666.0,14.77,66897.445,2023-11-05
7.56,3.57,666.0,14.86,66897.484,2023-11-05
7.6,3.47,666.0,14.94,66897.51,2023-11-05
7.64,3.21,666.0,15.05,66897.548,2023-11-05
7.68,2.89,666.0,15.14,66897.589,2023-11-05
7.67,2.23,666.0,15.34,66897.61,2023-11-05
7.66,1.74,666.0,15.5,66897.64,2023-11-05
7.64,1.25,666.0,15.65,66897.675,2023-11-05
7.62,0.85,666.0,15.75,66897.709,2023-11-05
7.6,0.4,666.0,15.86,66897.747,2023-11-05
7.58,0.05,666.0,15.88,66897.775,2023-11-05
7.56,-0.34,666.0,15.88,66897.816,2023-11-05
7.55,-0.72,666.0,15.88,66897.852,2023-11-05
7.53,-0.91,666.0,15.87,66897.884,2023-11-05
7.52,-1.05,666.0,15.87,66897.92,2023-11-05
7.52,-1.3,666.0,15.91,66897.94,2023-11-05
7.52,-1.45,666.0,15.94,66897.976,2023-11-05
7.51,-2.02,666.0,16.06,66898.007,2023-11-05
7.52,-2.52,666.0,16.17,66898.045,2023-11-05
7.52,-2.87,666.0,16.24,66898.073,2023-11-05
7.53,-3.08,666.0,16.32,66898.104,2023-11-05
7.54,-3.05,666.0,16.43,66898.136,2023-11-05
7.55,-3.12,666.0,16.58,66898.172,2023-11-05
7.55,-3.32,666.0,16.74,66898.208,2023-11-05
7.53,-3.28,666.0,16.87,66898.239,2023-11-05
7.52,-3.1,666.0,16.96,66898.273,2023-11-05
7.51,-2.88,666.0,17.04,66898.307,2023-11-05
7.5,-2.36,666.0,17.08,66898.34,2023-11-05
7.51,-1.73,666.0,17.09,66898.378,2023-11-05
7.51,-1.0,666.0,17.08,66898.411,2023-11-05
