elev,shp,rie,elb,time,date,images
0.0,85.31,-3.19,2.66,66734.062,2023-11-05,11-05-2023-18-32-14-062.jpg
0.0,85.31,-3.19,2.66,66734.166,2023-11-05,11-05-2023-18-32-14-166.jpg
0.0,85.32,-3.18,2.66,66734.264,2023-11-05,11-05-2023-18-32-14-264.jpg
0.0,85.33,-3.17,2.66,66734.361,2023-11-05,11-05-2023-18-32-14-361.jpg
0.0,85.34,-3.16,2.66,66734.464,2023-11-05,11-05-2023-18-32-14-464.jpg
0.0,85.35,-3.15,2.67,66734.564,2023-11-05,11-05-2023-18-32-14-564.jpg
0.0,85.35,-3.15,2.66,66734.666,2023-11-05,11-05-2023-18-32-14-666.jpg
0.0,85.34,-3.19,2.61,66734.763,2023-11-05,11-05-2023-18-32-14-763.jpg
0.0,85.33,-3.22,2.57,66734.864,2023-11-05,11-05-2023-18-32-14-864.jpg
0.0,85.3,-3.27,2.54,66734.965,2023-11-05,11-05-2023-18-32-14-965.jpg
0.0,85.29,-3.29,2.51,66735.067,2023-11-05,11-05-2023-18-32-15-067.jpg
0.0,85.28,-3.31,2.48,66735.176,2023-11-05,11-05-2023-18-32-15-176.jpg
0.0,85.28,-3.32,2.47,66735.285,2023-11-05,11-05-2023-18-32-15-285.jpg
0.0,85.27,-3.34,2.45,66735.384,2023-11-05,11-05-2023-18-32-15-384.jpg
0.0,85.28,-3.34,2.45,66735.484,2023-11-05,11-05-2023-18-32-15-484.jpg
0.0,85.28,-3.34,2.43,66735.579,2023-11-05,11-05-2023-18-32-15-579.jpg
0.0,85.29,-3.34,2.42,66735.685,2023-11-05,11-05-2023-18-32-15-685.jpg
0.0,85.3,-3.35,2.39,66735.797,2023-11-05,11-05-2023-18-32-15-797.jpg
0.0,85.29,-3.37,2.37,66735.898,2023-11-05,11-05-2023-18-32-15-898.jpg
0.0,85.32,-3.34,2.37,66736.003,2023-11-05,11-05-2023-18-32-16-003.jpg
0.0,85.32,-3.35,2.35,66736.097,2023-11-05,11-05-2023-18-32-16-097.jpg
0.0,85.38,-3.29,2.36,66736.203,2023-11-05,11-05-2023-18-32-16-203.jpg
0.0,85.41,-3.25,2.37,66736.304,2023-11-05,11-05-2023-18-32-16-304.jpg
0.0,85.46,-3.22,2.36,66736.413,2023-11-05,11-05-2023-18-32-16-413.jpg
0.0,85.31,-3.56,1.98,66736.515,2023-11-05,11-05-2023-18-32-16-515.jpg
0.0,84.29,-5.62,0.06,66736.614,2023-11-05,11-05-2023-18-32-16-614.jpg
0.0,83.83,-6.57,1.02,66736.714,2023-11-05,11-05-2023-18-32-16-714.jpg
0.0,83.59,-7.07,1.52,66736.815,2023-11-05,11-05-2023-18-32-16-815.jpg
0.0,82.58,-9.19,3.48,66736.92,2023-11-05,11-05-2023-18-32-16-920.jpg
0.0,77.35,-18.36,10.36,66737.014,2023-11-05,11-05-2023-18-32-17-014.jpg
15.03,67.13,-31.79,13.89,66737.114,2023-11-05,11-05-2023-18-32-17-114.jpg
45.76,44.57,-52.95,12.68,66737.216,2023-11-05,11-05-2023-18-32-17-216.jpg
78.52,44.57,-52.95,8.56,66737.325,2023-11-05,11-05-2023-18-32-17-325.jpg
111.72,15.35,-61.72,14.0,66737.432,2023-11-05,11-05-2023-18-32-17-432.jpg
126.78,39.3,-43.78,8.17,66737.54,2023-11-05,11-05-2023-18-32-17-540.jpg
147.1,61.08,-13.54,25.8,66737.649,2023-11-05,11-05-2023-18-32-17-649.jpg
163.98,79.77,-4.37,28.06,66737.752,2023-11-05,11-05-2023-18-32-17-752.jpg
165.57,87.91,-12.34,28.26,66737.878,2023-11-05,11-05-2023-18-32-17-878.jpg
166.22,81.55,-2.38,20.75,66737.984,2023-11-05,11-05-2023-18-32-17-984.jpg
146.84,67.32,-17.97,7.72,66738.097,2023-11-05,11-05-2023-18-32-18-097.jpg
141.2,56.8,-30.0,2.9,66738.198,2023-11-05,11-05-2023-18-32-18-198.jpg
125.74,28.27,-55.52,5.22,66738.299,2023-11-05,11-05-2023-18-32-18-299.jpg
92.75,28.27,-55.52,1.57,66738.402,2023-11-05,11-05-2023-18-32-18-402.jpg
59.34,28.27,-55.52,9.72,66738.522,2023-11-05,11-05-2023-18-32-18-522.jpg
45.06,32.49,-56.96,6.11,66738.615,2023-11-05,11-05-2023-18-32-18-615.jpg
22.6,51.41,-39.85,3.7,66738.719,2023-11-05,11-05-2023-18-32-18-719.jpg
7.35,65.43,-25.11,2.41,66738.835,2023-11-05,11-05-2023-18-32-18-835.jpg
7.35,79.48,-5.93,7.98,66738.933,2023-11-05,11-05-2023-18-32-18-933.jpg
7.35,83.57,-2.48,7.07,66739.046,2023-11-05,11-05-2023-18-32-19-046.jpg
7.35,82.83,-3.95,5.73,66739.151,2023-11-05,11-05-2023-18-32-19-151.jpg
7.35,82.24,-5.45,3.87,66739.266,2023-11-05,11-05-2023-18-32-19-266.jpg
7.35,80.58,-8.74,0.92,66739.366,2023-11-05,11-05-2023-18-32-19-366.jpg
7.35,77.34,-13.57,1.98,66739.463,2023-11-05,11-05-2023-18-32-19-463.jpg
7.35,69.52,-28.62,15.28,66739.572,2023-11-05,11-05-2023-18-32-19-572.jpg
20.96,58.14,-41.72,15.87,66739.683,2023-11-05,11-05-2023-18-32-19-683.jpg
35.32,47.23,-51.59,17.43,66739.785,2023-11-05,11-05-2023-18-32-19-785.jpg
58.7,26.15,-75.32,12.62,66739.888,2023-11-05,11-05-2023-18-32-19-888.jpg
60.66,23.63,-75.22,8.7,66739.998,2023-11-05,11-05-2023-18-32-19-998.jpg
68.19,11.56,-75.22,9.77,66740.104,2023-11-05,11-05-2023-18-32-20-104.jpg
103.91,11.56,-78.4,5.03,66740.218,2023-11-05,11-05-2023-18-32-20-218.jpg
127.29,36.24,-32.39,14.49,66740.324,2023-11-05,11-05-2023-18-32-20-324.jpg
153.01,64.8,-15.61,16.15,66740.434,2023-11-05,11-05-2023-18-32-20-434.jpg
167.17,78.06,-1.98,18.65,66740.542,2023-11-05,11-05-2023-18-32-20-542.jpg
167.17,86.85,-9.28,23.61,66740.651,2023-11-05,11-05-2023-18-32-20-651.jpg
170.08,87.66,-9.66,23.2,66740.766,2023-11-05,11-05-2023-18-32-20-766.jpg
172.03,81.81,-1.83,18.75,66740.863,2023-11-05,11-05-2023-18-32-20-863.jpg
158.89,76.27,-6.58,13.23,66740.969,2023-11-05,11-05-2023-18-32-20-969.jpg
138.35,55.52,-31.49,2.12,66741.073,2023-11-05,11-05-2023-18-32-21-073.jpg
121.98,40.89,-45.83,1.06,66741.182,2023-11-05,11-05-2023-18-32-21-182.jpg
105.34,10.0,-66.52,7.0,66741.287,2023-11-05,11-05-2023-18-32-21-287.jpg
74.09,10.0,-66.52,10.36,66741.398,2023-11-05,11-05-2023-18-32-21-398.jpg
47.38,30.64,-50.24,0.33,66741.518,2023-11-05,11-05-2023-18-32-21-518.jpg
22.69,53.7,-35.28,2.77,66741.613,2023-11-05,11-05-2023-18-32-21-613.jpg
9.42,68.65,-20.16,0.23,66741.728,2023-11-05,11-05-2023-18-32-21-728.jpg
9.42,75.22,-14.28,0.17,66741.832,2023-11-05,11-05-2023-18-32-21-832.jpg
9.42,75.67,-14.52,1.5,66741.929,2023-11-05,11-05-2023-18-32-21-929.jpg
9.42,83.66,-3.79,4.31,66742.028,2023-11-05,11-05-2023-18-32-22-028.jpg
9.42,83.55,-4.09,4.09,66742.136,2023-11-05,11-05-2023-18-32-22-136.jpg
9.42,81.25,-8.78,0.25,66742.247,2023-11-05,11-05-2023-18-32-22-247.jpg
16.34,78.02,-13.15,3.72,66742.351,2023-11-05,11-05-2023-18-32-22-351.jpg
23.91,63.9,-34.13,14.54,66742.447,2023-11-05,11-05-2023-18-32-22-447.jpg
31.07,52.2,-44.83,11.35,66742.55,2023-11-05,11-05-2023-18-32-22-550.jpg
55.86,36.83,-61.3,13.8,66742.652,2023-11-05,11-05-2023-18-32-22-652.jpg
71.87,5.88,-61.3,13.09,66742.764,2023-11-05,11-05-2023-18-32-22-764.jpg
79.57,5.88,-61.3,6.82,66742.868,2023-11-05,11-05-2023-18-32-22-868.jpg
115.18,24.19,-60.45,4.39,66742.983,2023-11-05,11-05-2023-18-32-22-983.jpg
124.94,29.81,-60.14,0.13,66743.093,2023-11-05,11-05-2023-18-32-23-093.jpg
143.36,50.77,-32.42,10.12,66743.197,2023-11-05,11-05-2023-18-32-23-197.jpg
148.77,65.76,-17.83,13.41,66743.295,2023-11-05,11-05-2023-18-32-23-295.jpg
167.3,78.55,-4.66,12.72,66743.406,2023-11-05,11-05-2023-18-32-23-406.jpg
167.3,83.94,-1.94,14.58,66743.499,2023-11-05,11-05-2023-18-32-23-499.jpg
167.3,87.02,-6.31,17.66,66743.6,2023-11-05,11-05-2023-18-32-23-600.jpg
173.11,87.32,-7.04,18.66,66743.698,2023-11-05,11-05-2023-18-32-23-698.jpg
174.01,87.52,-7.5,19.14,66743.81,2023-11-05,11-05-2023-18-32-23-810.jpg
174.01,82.59,-0.02,13.67,66743.913,2023-11-05,11-05-2023-18-32-23-913.jpg
147.86,59.98,-29.37,1.74,66744.018,2023-11-05,11-05-2023-18-32-24-018.jpg
138.93,44.99,-37.74,1.19,66744.129,2023-11-05,11-05-2023-18-32-24-129.jpg
111.67,19.41,-61.86,7.91,66744.242,2023-11-05,11-05-2023-18-32-24-242.jpg
81.05,19.41,-61.86,9.35,66744.348,2023-11-05,11-05-2023-18-32-24-348.jpg
62.96,19.41,-61.86,12.09,66744.454,2023-11-05,11-05-2023-18-32-24-454.jpg
48.24,32.86,-55.94,5.76,66744.548,2023-11-05,11-05-2023-18-32-24-548.jpg
27.51,54.94,-35.45,3.42,66744.653,2023-11-05,11-05-2023-18-32-24-653.jpg
18.53,68.89,-21.37,2.97,66744.747,2023-11-05,11-05-2023-18-32-24-747.jpg
18.53,80.42,-7.66,2.85,66744.846,2023-11-05,11-05-2023-18-32-24-846.jpg
18.53,83.86,-4.16,3.3,66744.949,2023-11-05,11-05-2023-18-32-24-949.jpg
18.53,83.72,-4.64,2.58,66745.052,2023-11-05,11-05-2023-18-32-25-052.jpg
18.53,82.83,-5.96,1.74,66745.148,2023-11-05,11-05-2023-18-32-25-148.jpg
18.53,81.54,-8.09,0.13,66745.25,2023-11-05,11-05-2023-18-32-25-250.jpg
7.23,78.6,-12.43,2.9,66745.357,2023-11-05,11-05-2023-18-32-25-357.jpg
20.08,68.7,-29.53,15.98,66745.494,2023-11-05,11-05-2023-18-32-25-494.jpg
23.84,62.74,-37.18,16.98,66745.599,2023-11-05,11-05-2023-18-32-25-599.jpg
28.41,57.21,-42.24,15.32,66745.701,2023-11-05,11-05-2023-18-32-25-701.jpg
47.82,41.11,-59.58,15.25,66745.801,2023-11-05,11-05-2023-18-32-25-801.jpg
78.64,41.11,-59.58,2.77,66745.9,2023-11-05,11-05-2023-18-32-25-900.jpg
111.75,26.39,-57.16,0.73,66746.019,2023-11-05,11-05-2023-18-32-26-019.jpg
123.67,37.41,-48.1,2.39,66746.119,2023-11-05,11-05-2023-18-32-26-119.jpg
137.09,43.01,-41.01,4.57,66746.216,2023-11-05,11-05-2023-18-32-26-216.jpg
151.24,64.14,-18.43,14.78,66746.315,2023-11-05,11-05-2023-18-32-26-315.jpg
162.94,75.67,-6.23,16.02,66746.414,2023-11-05,11-05-2023-18-32-26-414.jpg
174.27,86.01,-4.82,16.85,66746.534,2023-11-05,11-05-2023-18-32-26-534.jpg
174.27,87.25,-6.25,17.06,66746.646,2023-11-05,11-05-2023-18-32-26-646.jpg
174.27,81.92,-1.12,13.1,66746.75,2023-11-05,11-05-2023-18-32-26-750.jpg
158.23,78.12,-7.37,8.88,66746.866,2023-11-05,11-05-2023-18-32-26-866.jpg
142.48,59.18,-32.18,3.73,66746.968,2023-11-05,11-05-2023-18-32-26-968.jpg
119.41,38.55,-51.33,3.86,66747.08,2023-11-05,11-05-2023-18-32-27-080.jpg
105.93,18.15,-65.06,2.8,66747.182,2023-11-05,11-05-2023-18-32-27-182.jpg
87.61,18.15,-65.06,3.99,66747.28,2023-11-05,11-05-2023-18-32-27-280.jpg
77.35,18.15,-65.06,5.79,66747.382,2023-11-05,11-05-2023-18-32-27-382.jpg
76.75,18.15,-65.06,5.55,66747.485,2023-11-05,11-05-2023-18-32-27-485.jpg
53.55,22.38,-66.86,5.18,66747.612,2023-11-05,11-05-2023-18-32-27-612.jpg
25.95,55.91,-36.99,6.09,66747.718,2023-11-05,11-05-2023-18-32-27-718.jpg
25.95,74.75,-15.37,1.07,66747.831,2023-11-05,11-05-2023-18-32-27-831.jpg
25.95,82.21,-5.18,4.44,66747.936,2023-11-05,11-05-2023-18-32-27-936.jpg
25.95,81.62,-7.01,2.09,66748.061,2023-11-05,11-05-2023-18-32-28-061.jpg
13.75,73.94,-18.84,6.88,66748.169,2023-11-05,11-05-2023-18-32-28-169.jpg
23.72,70.47,-22.38,7.81,66748.284,2023-11-05,11-05-2023-18-32-28-284.jpg
34.75,56.35,-41.35,15.07,66748.394,2023-11-05,11-05-2023-18-32-28-394.jpg
46.27,39.34,-60.89,20.91,66748.497,2023-11-05,11-05-2023-18-32-28-497.jpg
63.25,19.29,-60.89,16.25,66748.607,2023-11-05,11-05-2023-18-32-28-607.jpg
86.61,19.29,-60.89,7.63,66748.715,2023-11-05,11-05-2023-18-32-28-715.jpg
103.34,19.29,-60.89,3.22,66748.812,2023-11-05,11-05-2023-18-32-28-812.jpg
117.91,4.22,-60.89,3.3,66748.928,2023-11-05,11-05-2023-18-32-28-928.jpg
136.36,48.63,-33.36,11.07,66749.035,2023-11-05,11-05-2023-18-32-29-035.jpg
146.43,64.08,-17.17,16.73,66749.148,2023-11-05,11-05-2023-18-32-29-148.jpg
153.43,69.18,-14.44,12.31,66749.247,2023-11-05,11-05-2023-18-32-29-247.jpg
153.0,69.91,-13.96,11.9,66749.353,2023-11-05,11-05-2023-18-32-29-353.jpg
175.46,80.45,-1.01,15.75,66749.449,2023-11-05,11-05-2023-18-32-29-449.jpg
173.54,91.62,14.04,24.12,66749.559,2023-11-05,11-05-2023-18-32-29-559.jpg
178.77,92.64,14.93,23.88,66749.671,2023-11-05,11-05-2023-18-32-29-671.jpg
178.77,86.61,-6.22,18.16,66749.771,2023-11-05,11-05-2023-18-32-29-771.jpg
154.22,72.34,-16.47,0.97,66749.869,2023-11-05,11-05-2023-18-32-29-869.jpg
142.87,54.41,-33.38,0.14,66749.99,2023-11-05,11-05-2023-18-32-29-990.jpg
124.75,43.92,-38.92,2.08,66750.098,2023-11-05,11-05-2023-18-32-30-098.jpg
107.5,14.2,-61.97,9.4,66750.205,2023-11-05,11-05-2023-18-32-30-205.jpg
88.81,14.2,-61.97,6.71,66750.301,2023-11-05,11-05-2023-18-32-30-301.jpg
65.14,14.2,-61.97,12.25,66750.432,2023-11-05,11-05-2023-18-32-30-432.jpg
52.62,29.73,-60.19,9.15,66750.535,2023-11-05,11-05-2023-18-32-30-535.jpg
33.18,48.15,-42.12,3.52,66750.629,2023-11-05,11-05-2023-18-32-30-629.jpg
19.21,62.87,-28.27,3.64,66750.731,2023-11-05,11-05-2023-18-32-30-731.jpg
19.21,78.01,-10.6,2.25,66750.833,2023-11-05,11-05-2023-18-32-30-833.jpg
19.21,81.02,-7.66,2.04,66750.93,2023-11-05,11-05-2023-18-32-30-930.jpg
19.21,83.8,-5.27,1.41,66751.034,2023-11-05,11-05-2023-18-32-31-034.jpg
19.21,83.5,-5.33,1.87,66751.13,2023-11-05,11-05-2023-18-32-31-130.jpg
19.21,83.4,-5.13,2.46,66751.229,2023-11-05,11-05-2023-18-32-31-229.jpg
19.21,79.71,-10.9,1.82,66751.341,2023-11-05,11-05-2023-18-32-31-341.jpg
22.57,67.83,-30.25,15.48,66751.455,2023-11-05,11-05-2023-18-32-31-455.jpg
43.91,42.85,-57.82,17.51,66751.546,2023-11-05,11-05-2023-18-32-31-546.jpg
69.41,42.85,-57.82,10.04,66751.654,2023-11-05,11-05-2023-18-32-31-654.jpg
87.82,42.85,-57.82,6.8,66751.751,2023-11-05,11-05-2023-18-32-31-751.jpg
112.73,19.68,-67.06,4.32,66751.865,2023-11-05,11-05-2023-18-32-31-865.jpg
124.92,33.93,-51.87,3.96,66751.966,2023-11-05,11-05-2023-18-32-31-966.jpg
136.18,41.77,-38.44,11.92,66752.066,2023-11-05,11-05-2023-18-32-32-066.jpg
151.53,63.33,-18.67,14.57,66752.18,2023-11-05,11-05-2023-18-32-32-180.jpg
170.1,80.76,-1.86,14.0,66752.284,2023-11-05,11-05-2023-18-32-32-284.jpg
170.1,89.01,-8.55,18.27,66752.389,2023-11-05,11-05-2023-18-32-32-389.jpg
170.1,94.4,16.92,23.87,66752.481,2023-11-05,11-05-2023-18-32-32-481.jpg
178.92,95.17,18.78,26.27,66752.579,2023-11-05,11-05-2023-18-32-32-579.jpg
178.92,94.16,17.82,26.08,66752.679,2023-11-05,11-05-2023-18-32-32-679.jpg
178.92,85.54,-4.62,17.14,66752.782,2023-11-05,11-05-2023-18-32-32-782.jpg
165.86,79.91,-4.34,10.87,66752.905,2023-11-05,11-05-2023-18-32-32-905.jpg
162.13,77.18,-7.7,9.74,66753.014,2023-11-05,11-05-2023-18-32-33-014.jpg
160.87,75.96,-8.59,10.22,66753.118,2023-11-05,11-05-2023-18-32-33-118.jpg
152.35,55.28,-31.26,4.81,66753.217,2023-11-05,11-05-2023-18-32-33-217.jpg
114.48,29.75,-53.46,4.68,66753.332,2023-11-05,11-05-2023-18-32-33-332.jpg
90.51,29.75,-53.46,4.14,66753.44,2023-11-05,11-05-2023-18-32-33-440.jpg
57.59,19.5,-81.13,11.99,66753.547,2023-11-05,11-05-2023-18-32-33-547.jpg
21.58,32.2,-81.13,13.24,66753.649,2023-11-05,11-05-2023-18-32-33-649.jpg
15.12,60.52,-33.06,8.21,66753.749,2023-11-05,11-05-2023-18-32-33-749.jpg
15.12,74.26,-16.9,3.28,66753.861,2023-11-05,11-05-2023-18-32-33-861.jpg
15.12,81.72,-6.4,2.65,66753.973,2023-11-05,11-05-2023-18-32-33-973.jpg
15.12,83.18,-4.92,3.01,66754.067,2023-11-05,11-05-2023-18-32-34-067.jpg
5.66,83.3,-4.79,3.15,66754.166,2023-11-05,11-05-2023-18-32-34-166.jpg
7.58,81.9,-7.5,0.5,66754.28,2023-11-05,11-05-2023-18-32-34-280.jpg
13.31,79.45,-10.77,1.41,66754.382,2023-11-05,11-05-2023-18-32-34-382.jpg
20.04,66.81,-31.33,14.71,66754.501,2023-11-05,11-05-2023-18-32-34-501.jpg
29.83,56.63,-42.29,14.63,66754.599,2023-11-05,11-05-2023-18-32-34-599.jpg
46.38,41.86,-55.95,13.09,66754.716,2023-11-05,11-05-2023-18-32-34-716.jpg
62.66,23.99,-74.73,9.49,66754.813,2023-11-05,11-05-2023-18-32-34-813.jpg
73.21,14.13,-81.43,7.29,66754.917,2023-11-05,11-05-2023-18-32-34-917.jpg
74.25,14.52,-77.74,5.61,66755.014,2023-11-05,11-05-2023-18-32-35-014.jpg
105.77,4.88,-79.35,2.51,66755.117,2023-11-05,11-05-2023-18-32-35-117.jpg
122.38,22.78,-66.06,0.81,66755.223,2023-11-05,11-05-2023-18-32-35-223.jpg
144.41,56.84,-25.71,11.35,66755.332,2023-11-05,11-05-2023-18-32-35-332.jpg
173.57,78.13,-2.91,16.1,66755.435,2023-11-05,11-05-2023-18-32-35-435.jpg
173.57,82.82,-0.74,14.72,66755.537,2023-11-05,11-05-2023-18-32-35-537.jpg
174.01,90.27,11.32,21.62,66755.63,2023-11-05,11-05-2023-18-32-35-630.jpg
173.32,91.39,12.72,22.27,66755.734,2023-11-05,11-05-2023-18-32-35-734.jpg
173.32,85.99,-4.86,16.79,66755.847,2023-11-05,11-05-2023-18-32-35-847.jpg
173.32,80.21,-2.53,13.22,66755.952,2023-11-05,11-05-2023-18-32-35-952.jpg
157.02,73.1,-15.66,1.12,66756.065,2023-11-05,11-05-2023-18-32-36-065.jpg
141.23,57.49,-33.49,6.22,66756.168,2023-11-05,11-05-2023-18-32-36-168.jpg
117.56,41.9,-48.06,7.64,66756.286,2023-11-05,11-05-2023-18-32-36-286.jpg
106.08,24.63,-58.39,1.68,66756.382,2023-11-05,11-05-2023-18-32-36-382.jpg
81.97,24.63,-58.39,2.65,66756.479,2023-11-05,11-05-2023-18-32-36-479.jpg
67.79,10.95,-74.55,7.56,66756.584,2023-11-05,11-05-2023-18-32-36-584.jpg
54.2,32.49,-54.81,6.34,66756.682,2023-11-05,11-05-2023-18-32-36-682.jpg
37.08,34.77,-61.37,10.61,66756.784,2023-11-05,11-05-2023-18-32-36-784.jpg
38.13,38.69,-59.94,12.55,66756.884,2023-11-05,11-05-2023-18-32-36-884.jpg
13.54,69.37,-23.04,6.25,66756.984,2023-11-05,11-05-2023-18-32-36-984.jpg
13.54,81.63,-8.15,0.4,66757.078,2023-11-05,11-05-2023-18-32-37-078.jpg
9.93,83.83,-5.03,1.6,66757.182,2023-11-05,11-05-2023-18-32-37-182.jpg
10.65,83.46,-5.59,1.24,66757.3,2023-11-05,11-05-2023-18-32-37-300.jpg
12.21,83.39,-6.04,0.66,66757.397,2023-11-05,11-05-2023-18-32-37-397.jpg
12.18,83.36,-7.15,1.34,66757.508,2023-11-05,11-05-2023-18-32-37-508.jpg
12.18,80.86,-12.12,6.03,66757.598,2023-11-05,11-05-2023-18-32-37-598.jpg
17.12,78.47,-15.53,8.86,66757.7,2023-11-05,11-05-2023-18-32-37-700.jpg
25.57,64.45,-35.53,17.49,66757.801,2023-11-05,11-05-2023-18-32-37-801.jpg
33.7,51.31,-47.63,14.37,66757.901,2023-11-05,11-05-2023-18-32-37-901.jpg
59.41,29.03,-64.9,6.71,66758.019,2023-11-05,11-05-2023-18-32-38-019.jpg
78.33,29.03,-64.9,2.73,66758.113,2023-11-05,11-05-2023-18-32-38-113.jpg
106.36,12.26,-67.57,5.35,66758.226,2023-11-05,11-05-2023-18-32-38-226.jpg
118.05,32.17,-50.37,5.37,66758.319,2023-11-05,11-05-2023-18-32-38-319.jpg
129.5,33.63,-50.48,3.32,66758.429,2023-11-05,11-05-2023-18-32-38-429.jpg
148.05,60.78,-21.86,12.86,66758.533,2023-11-05,11-05-2023-18-32-38-533.jpg
159.13,74.05,-9.31,12.05,66758.628,2023-11-05,11-05-2023-18-32-38-628.jpg
170.81,80.83,-3.43,10.35,66758.729,2023-11-05,11-05-2023-18-32-38-729.jpg
174.81,90.86,10.39,18.69,66758.837,2023-11-05,11-05-2023-18-32-38-837.jpg
174.81,94.51,13.6,17.87,66758.934,2023-11-05,11-05-2023-18-32-38-934.jpg
174.81,91.87,10.66,17.28,66759.029,2023-11-05,11-05-2023-18-32-39-029.jpg
174.81,85.06,-2.14,13.04,66759.131,2023-11-05,11-05-2023-18-32-39-131.jpg
152.32,70.54,-17.08,2.47,66759.269,2023-11-05,11-05-2023-18-32-39-269.jpg
141.53,57.83,-31.22,3.02,66759.365,2023-11-05,11-05-2023-18-32-39-365.jpg
116.36,37.5,-52.18,5.54,66759.465,2023-11-05,11-05-2023-18-32-39-465.jpg
103.29,14.73,-64.52,4.93,66759.579,2023-11-05,11-05-2023-18-32-39-579.jpg
73.35,14.73,-64.52,10.12,66759.684,2023-11-05,11-05-2023-18-32-39-684.jpg
53.53,23.02,-71.8,8.86,66759.78,2023-11-05,11-05-2023-18-32-39-780.jpg
26.68,42.61,-53.49,8.46,66759.888,2023-11-05,11-05-2023-18-32-39-888.jpg
15.39,68.63,-22.6,4.35,66760.001,2023-11-05,11-05-2023-18-32-40-001.jpg
15.39,78.31,-11.5,0.34,66760.102,2023-11-05,11-05-2023-18-32-40-102.jpg
15.39,82.98,-4.38,4.62,66760.21,2023-11-05,11-05-2023-18-32-40-210.jpg
9.51,83.91,-2.87,6.19,66760.317,2023-11-05,11-05-2023-18-32-40-317.jpg
8.03,83.24,-4.13,5.09,66760.416,2023-11-05,11-05-2023-18-32-40-416.jpg
5.92,83.3,-3.68,5.78,66760.513,2023-11-05,11-05-2023-18-32-40-513.jpg
5.92,82.71,-5.02,4.12,66760.613,2023-11-05,11-05-2023-18-32-40-613.jpg
5.92,80.82,-8.6,0.66,66760.714,2023-11-05,11-05-2023-18-32-40-714.jpg
16.77,69.8,-29.04,16.15,66760.834,2023-11-05,11-05-2023-18-32-40-834.jpg
22.94,56.33,-42.88,13.5,66760.946,2023-11-05,11-05-2023-18-32-40-946.jpg
50.72,39.95,-56.48,12.65,66761.058,2023-11-05,11-05-2023-18-32-41-058.jpg
66.51,19.45,-76.27,9.95,66761.165,2023-11-05,11-05-2023-18-32-41-165.jpg
90.15,19.45,-76.27,0.83,66761.266,2023-11-05,11-05-2023-18-32-41-266.jpg
106.77,19.45,-70.91,0.68,66761.37,2023-11-05,11-05-2023-18-32-41-370.jpg
121.89,20.56,-63.31,2.56,66761.481,2023-11-05,11-05-2023-18-32-41-481.jpg
138.11,50.08,-32.06,11.59,66761.584,2023-11-05,11-05-2023-18-32-41-584.jpg
148.84,63.63,-20.54,11.77,66761.701,2023-11-05,11-05-2023-18-32-41-701.jpg
163.85,76.83,-7.24,10.91,66761.806,2023-11-05,11-05-2023-18-32-41-806.jpg
163.85,84.37,-0.66,11.65,66761.914,2023-11-05,11-05-2023-18-32-41-914.jpg
163.85,89.49,-7.91,16.17,66762.014,2023-11-05,11-05-2023-18-32-42-014.jpg
163.85,87.45,-4.65,13.64,66762.138,2023-11-05,11-05-2023-18-32-42-138.jpg
175.09,84.18,-0.93,12.59,66762.233,2023-11-05,11-05-2023-18-32-42-233.jpg
175.09,83.49,-0.47,12.96,66762.327,2023-11-05,11-05-2023-18-32-42-327.jpg
175.09,80.86,-3.24,11.05,66762.431,2023-11-05,11-05-2023-18-32-42-431.jpg
153.02,67.38,-20.79,1.7,66762.555,2023-11-05,11-05-2023-18-32-42-555.jpg
118.72,38.23,-50.24,6.51,66762.667,2023-11-05,11-05-2023-18-32-42-667.jpg
87.94,13.19,-82.25,0.51,66762.783,2023-11-05,11-05-2023-18-32-42-783.jpg
64.09,13.81,-82.25,6.87,66762.898,2023-11-05,11-05-2023-18-32-42-898.jpg
42.86,40.35,-49.4,4.56,66763.017,2023-11-05,11-05-2023-18-32-43-017.jpg
28.8,46.34,-44.43,3.63,66763.117,2023-11-05,11-05-2023-18-32-43-117.jpg
14.05,66.92,-23.29,1.83,66763.24,2023-11-05,11-05-2023-18-32-43-240.jpg
14.05,78.52,-9.32,3.74,66763.346,2023-11-05,11-05-2023-18-32-43-346.jpg
14.05,81.85,-6.36,2.9,66763.446,2023-11-05,11-05-2023-18-32-43-446.jpg
14.05,81.99,-7.03,1.32,66763.546,2023-11-05,11-05-2023-18-32-43-546.jpg
14.05,81.66,-8.54,0.85,66763.646,2023-11-05,11-05-2023-18-32-43-646.jpg
14.05,78.13,-14.25,4.52,66763.747,2023-11-05,11-05-2023-18-32-43-747.jpg
12.4,75.0,-19.08,8.88,66763.854,2023-11-05,11-05-2023-18-32-43-854.jpg
19.61,65.69,-33.7,16.35,66763.951,2023-11-05,11-05-2023-18-32-43-951.jpg
31.09,50.2,-47.85,14.49,66764.048,2023-11-05,11-05-2023-18-32-44-048.jpg
44.83,41.18,-57.35,13.05,66764.164,2023-11-05,11-05-2023-18-32-44-164.jpg
47.64,40.07,-56.92,10.1,66764.264,2023-11-05,11-05-2023-18-32-44-264.jpg
72.94,11.97,-56.92,8.36,66764.365,2023-11-05,11-05-2023-18-32-44-365.jpg
110.96,12.04,-71.19,3.65,66764.464,2023-11-05,11-05-2023-18-32-44-464.jpg
128.98,21.49,-77.02,5.14,66764.567,2023-11-05,11-05-2023-18-32-44-567.jpg
152.77,66.02,-17.75,13.13,66764.664,2023-11-05,11-05-2023-18-32-44-664.jpg
174.79,81.04,-2.33,12.6,66764.78,2023-11-05,11-05-2023-18-32-44-780.jpg
174.79,92.74,12.79,19.37,66764.882,2023-11-05,11-05-2023-18-32-44-882.jpg
174.79,97.46,17.25,20.13,66764.98,2023-11-05,11-05-2023-18-32-44-980.jpg
174.79,95.71,16.1,20.72,66765.082,2023-11-05,11-05-2023-18-32-45-082.jpg
171.66,91.0,10.3,18.28,66765.181,2023-11-05,11-05-2023-18-32-45-181.jpg
176.14,85.44,-2.48,13.28,66765.29,2023-11-05,11-05-2023-18-32-45-290.jpg
146.92,65.97,-22.87,0.41,66765.396,2023-11-05,11-05-2023-18-32-45-396.jpg
137.69,50.63,-37.64,2.18,66765.496,2023-11-05,11-05-2023-18-32-45-496.jpg
118.63,37.66,-50.37,2.94,66765.606,2023-11-05,11-05-2023-18-32-45-606.jpg
97.25,6.49,-80.91,1.72,66765.714,2023-11-05,11-05-2023-18-32-45-714.jpg
78.18,6.49,-80.91,8.77,66765.816,2023-11-05,11-05-2023-18-32-45-816.jpg
50.4,27.98,-65.41,8.2,66765.935,2023-11-05,11-05-2023-18-32-45-935.jpg
42.47,38.41,-51.48,5.69,66766.034,2023-11-05,11-05-2023-18-32-46-034.jpg
43.11,41.34,-49.34,5.97,66766.149,2023-11-05,11-05-2023-18-32-46-149.jpg
20.25,59.97,-33.12,6.34,66766.247,2023-11-05,11-05-2023-18-32-46-247.jpg
20.25,79.27,-9.18,2.25,66766.348,2023-11-05,11-05-2023-18-32-46-348.jpg
1.69,81.54,-8.46,0.87,66766.446,2023-11-05,11-05-2023-18-32-46-446.jpg
1.69,81.18,-8.89,0.8,66766.548,2023-11-05,11-05-2023-18-32-46-548.jpg
1.69,78.81,-12.94,3.55,66766.647,2023-11-05,11-05-2023-18-32-46-647.jpg
19.04,78.72,-10.53,0.25,66766.75,2023-11-05,11-05-2023-18-32-46-750.jpg
24.57,64.19,-34.51,15.25,66766.85,2023-11-05,11-05-2023-18-32-46-850.jpg
39.21,43.66,-60.65,18.48,66766.945,2023-11-05,11-05-2023-18-32-46-945.jpg
58.51,21.89,-60.65,9.71,66767.056,2023-11-05,11-05-2023-18-32-47-056.jpg
86.88,21.89,-60.65,4.75,66767.17,2023-11-05,11-05-2023-18-32-47-170.jpg
111.5,10.02,-72.51,3.99,66767.279,2023-11-05,11-05-2023-18-32-47-279.jpg
121.66,28.02,-59.68,0.14,66767.383,2023-11-05,11-05-2023-18-32-47-383.jpg
138.77,47.05,-36.41,8.08,66767.506,2023-11-05,11-05-2023-18-32-47-506.jpg
147.5,63.21,-21.07,11.98,66767.599,2023-11-05,11-05-2023-18-32-47-599.jpg
159.81,74.24,-9.16,13.15,66767.698,2023-11-05,11-05-2023-18-32-47-698.jpg
167.58,85.83,-5.35,18.79,66767.814,2023-11-05,11-05-2023-18-32-47-814.jpg
178.27,89.67,-10.33,20.54,66767.912,2023-11-05,11-05-2023-18-32-47-912.jpg
178.27,90.74,12.26,21.85,66768.018,2023-11-05,11-05-2023-18-32-48-018.jpg
175.56,90.91,12.65,22.62,66768.118,2023-11-05,11-05-2023-18-32-48-118.jpg
172.95,82.52,-0.07,14.06,66768.225,2023-11-05,11-05-2023-18-32-48-225.jpg
145.75,61.56,-29.8,4.57,66768.334,2023-11-05,11-05-2023-18-32-48-334.jpg
143.44,46.97,-39.53,4.49,66768.437,2023-11-05,11-05-2023-18-32-48-437.jpg
116.89,34.86,-53.29,1.87,66768.531,2023-11-05,11-05-2023-18-32-48-531.jpg
93.47,34.86,-53.29,0.99,66768.629,2023-11-05,11-05-2023-18-32-48-629.jpg
66.22,34.86,-53.29,8.56,66768.731,2023-11-05,11-05-2023-18-32-48-731.jpg
49.13,31.53,-62.84,9.65,66768.833,2023-11-05,11-05-2023-18-32-48-833.jpg
24.78,49.79,-44.65,7.3,66768.938,2023-11-05,11-05-2023-18-32-48-938.jpg
16.45,65.53,-27.26,7.05,66769.05,2023-11-05,11-05-2023-18-32-49-050.jpg
16.45,79.5,-10.47,0.68,66769.17,2023-11-05,11-05-2023-18-32-49-170.jpg
5.05,82.73,-6.32,1.18,66769.271,2023-11-05,11-05-2023-18-32-49-271.jpg
5.15,83.8,-4.93,2.05,66769.367,2023-11-05,11-05-2023-18-32-49-367.jpg
11.31,83.79,-5.98,0.03,66769.469,2023-11-05,11-05-2023-18-32-49-469.jpg
2.6,80.74,-11.99,5.76,66769.58,2023-11-05,11-05-2023-18-32-49-580.jpg
9.13,78.95,-13.43,5.33,66769.683,2023-11-05,11-05-2023-18-32-49-683.jpg
18.57,69.71,-28.37,15.01,66769.778,2023-11-05,11-05-2023-18-32-49-778.jpg
22.37,62.97,-34.88,12.78,66769.884,2023-11-05,11-05-2023-18-32-49-884.jpg
53.34,35.59,-61.69,10.72,66769.982,2023-11-05,11-05-2023-18-32-49-982.jpg
86.17,35.59,-61.69,6.82,66770.098,2023-11-05,11-05-2023-18-32-50-098.jpg
115.29,14.05,-66.4,3.97,66770.196,2023-11-05,11-05-2023-18-32-50-196.jpg
127.04,35.69,-50.07,3.42,66770.296,2023-11-05,11-05-2023-18-32-50-296.jpg
144.69,57.25,-22.66,17.68,66770.398,2023-11-05,11-05-2023-18-32-50-398.jpg
158.34,71.24,-11.99,12.94,66770.497,2023-11-05,11-05-2023-18-32-50-497.jpg
158.34,83.49,-0.5,10.92,66770.6,2023-11-05,11-05-2023-18-32-50-600.jpg
158.34,92.72,13.24,20.54,66770.701,2023-11-05,11-05-2023-18-32-50-701.jpg
158.34,94.11,15.63,22.79,66770.815,2023-11-05,11-05-2023-18-32-50-815.jpg
158.34,87.81,-7.3,17.75,66770.916,2023-11-05,11-05-2023-18-32-50-916.jpg
165.02,86.04,-5.14,17.89,66771.029,2023-11-05,11-05-2023-18-32-51-029.jpg
151.0,68.64,-19.78,0.89,66771.132,2023-11-05,11-05-2023-18-32-51-132.jpg
139.6,51.28,-39.61,5.85,66771.257,2023-11-05,11-05-2023-18-32-51-257.jpg
115.91,36.45,-56.82,0.36,66771.378,2023-11-05,11-05-2023-18-32-51-378.jpg
81.68,36.45,-56.82,4.89,66771.483,2023-11-05,11-05-2023-18-32-51-483.jpg
73.42,36.45,-56.82,10.68,66771.578,2023-11-05,11-05-2023-18-32-51-578.jpg
73.74,36.45,-56.82,10.68,66771.686,2023-11-05,11-05-2023-18-32-51-686.jpg
74.73,36.45,-56.82,10.21,66771.786,2023-11-05,11-05-2023-18-32-51-786.jpg
51.75,23.08,-61.19,4.67,66771.881,2023-11-05,11-05-2023-18-32-51-881.jpg
37.62,45.91,-42.02,3.07,66771.991,2023-11-05,11-05-2023-18-32-51-991.jpg
19.21,69.42,-20.43,1.97,66772.079,2023-11-05,11-05-2023-18-32-52-079.jpg
19.21,82.15,-5.15,4.4,66772.181,2023-11-05,11-05-2023-18-32-52-181.jpg
19.21,85.55,-1.83,4.58,66772.284,2023-11-05,11-05-2023-18-32-52-284.jpg
19.21,82.79,-6.71,0.57,66772.388,2023-11-05,11-05-2023-18-32-52-388.jpg
19.21,77.48,-15.1,5.47,66772.506,2023-11-05,11-05-2023-18-32-52-506.jpg
21.1,76.98,-12.44,0.35,66772.62,2023-11-05,11-05-2023-18-32-52-620.jpg
28.74,64.63,-33.3,15.03,66772.753,2023-11-05,11-05-2023-18-32-52-753.jpg
48.17,41.62,-59.03,14.56,66772.848,2023-11-05,11-05-2023-18-32-52-848.jpg
64.17,23.25,-71.08,6.1,66772.957,2023-11-05,11-05-2023-18-32-52-957.jpg
81.54,23.25,-71.08,0.33,66773.062,2023-11-05,11-05-2023-18-32-53-062.jpg
106.57,11.79,-69.01,1.26,66773.184,2023-11-05,11-05-2023-18-32-53-184.jpg
123.75,33.25,-37.91,9.99,66773.301,2023-11-05,11-05-2023-18-32-53-301.jpg
141.21,56.74,-22.36,15.32,66773.396,2023-11-05,11-05-2023-18-32-53-396.jpg
141.32,58.88,-24.0,10.05,66773.501,2023-11-05,11-05-2023-18-32-53-501.jpg
147.66,64.37,-18.9,14.07,66773.6,2023-11-05,11-05-2023-18-32-53-600.jpg
167.79,82.42,-0.86,16.18,66773.709,2023-11-05,11-05-2023-18-32-53-709.jpg
176.93,91.11,12.97,22.8,66773.815,2023-11-05,11-05-2023-18-32-53-815.jpg
176.93,90.25,11.69,21.84,66773.933,2023-11-05,11-05-2023-18-32-53-933.jpg
169.48,82.62,-0.32,13.81,66774.041,2023-11-05,11-05-2023-18-32-54-041.jpg
153.36,70.33,-17.68,3.77,66774.15,2023-11-05,11-05-2023-18-32-54-150.jpg
140.42,50.19,-38.51,1.75,66774.267,2023-11-05,11-05-2023-18-32-54-267.jpg
117.09,35.84,-48.41,2.25,66774.367,2023-11-05,11-05-2023-18-32-54-367.jpg
103.93,9.55,-71.48,9.18,66774.481,2023-11-05,11-05-2023-18-32-54-481.jpg
74.75,9.55,-71.48,12.9,66774.58,2023-11-05,11-05-2023-18-32-54-580.jpg
57.74,25.05,-70.68,11.47,66774.685,2023-11-05,11-05-2023-18-32-54-685.jpg
33.75,38.05,-53.47,6.68,66774.78,2023-11-05,11-05-2023-18-32-54-780.jpg
23.55,60.25,-31.2,6.02,66774.888,2023-11-05,11-05-2023-18-32-54-888.jpg
8.24,73.04,-16.44,0.79,66774.99,2023-11-05,11-05-2023-18-32-54-990.jpg
8.24,82.21,-5.25,4.31,66775.097,2023-11-05,11-05-2023-18-32-55-097.jpg
8.24,84.78,-2.85,4.33,66775.214,2023-11-05,11-05-2023-18-32-55-214.jpg
8.24,85.06,-3.45,2.72,66775.317,2023-11-05,11-05-2023-18-32-55-317.jpg
8.24,85.2,-3.83,1.72,66775.429,2023-11-05,11-05-2023-18-32-55-429.jpg
8.24,84.55,-5.17,0.28,66775.531,2023-11-05,11-05-2023-18-32-55-531.jpg
11.14,81.21,-10.17,3.29,66775.629,2023-11-05,11-05-2023-18-32-55-629.jpg
20.78,70.35,-28.66,16.76,66775.733,2023-11-05,11-05-2023-18-32-55-733.jpg
51.8,37.4,-61.18,13.58,66775.832,2023-11-05,11-05-2023-18-32-55-832.jpg
92.79,37.4,-61.18,3.71,66775.947,2023-11-05,11-05-2023-18-32-55-947.jpg
119.01,23.05,-58.99,5.39,66776.06,2023-11-05,11-05-2023-18-32-56-060.jpg
129.07,37.72,-45.63,4.44,66776.175,2023-11-05,11-05-2023-18-32-56-175.jpg
143.39,52.91,-27.27,13.06,66776.28,2023-11-05,11-05-2023-18-32-56-280.jpg
158.44,71.99,-8.65,16.75,66776.39,2023-11-05,11-05-2023-18-32-56-390.jpg
171.23,82.32,-0.98,16.17,66776.506,2023-11-05,11-05-2023-18-32-56-506.jpg
176.97,89.44,-10.93,22.17,66776.612,2023-11-05,11-05-2023-18-32-56-612.jpg
173.95,90.67,12.4,22.89,66776.716,2023-11-05,11-05-2023-18-32-56-716.jpg
173.95,85.42,-4.31,16.53,66776.834,2023-11-05,11-05-2023-18-32-56-834.jpg
164.26,80.2,-3.17,12.73,66776.931,2023-11-05,11-05-2023-18-32-56-931.jpg
144.75,61.48,-27.13,0.44,66777.032,2023-11-05,11-05-2023-18-32-57-032.jpg
135.71,46.29,-36.85,4.86,66777.13,2023-11-05,11-05-2023-18-32-57-130.jpg
125.64,38.2,-44.16,1.46,66777.229,2023-11-05,11-05-2023-18-32-57-229.jpg
114.82,32.8,-51.3,1.57,66777.336,2023-11-05,11-05-2023-18-32-57-336.jpg
83.23,32.8,-51.3,6.85,66777.451,2023-11-05,11-05-2023-18-32-57-451.jpg
47.2,30.95,-61.39,8.06,66777.552,2023-11-05,11-05-2023-18-32-57-552.jpg
27.49,51.31,-40.74,5.45,66777.662,2023-11-05,11-05-2023-18-32-57-662.jpg
16.82,68.76,-21.21,2.18,66777.763,2023-11-05,11-05-2023-18-32-57-763.jpg
10.38,76.98,-11.41,2.07,66777.865,2023-11-05,11-05-2023-18-32-57-865.jpg
10.38,82.97,-4.11,5.16,66777.984,2023-11-05,11-05-2023-18-32-57-984.jpg
10.38,84.41,-3.3,4.22,66778.082,2023-11-05,11-05-2023-18-32-58-082.jpg
10.38,83.82,-5.08,1.76,66778.198,2023-11-05,11-05-2023-18-32-58-198.jpg
8.72,79.25,-12.82,5.12,66778.298,2023-11-05,11-05-2023-18-32-58-298.jpg
17.19,75.43,-19.18,10.5,66778.399,2023-11-05,11-05-2023-18-32-58-399.jpg
29.2,58.66,-38.13,12.29,66778.502,2023-11-05,11-05-2023-18-32-58-502.jpg
42.29,41.84,-54.51,10.33,66778.613,2023-11-05,11-05-2023-18-32-58-613.jpg
56.36,26.7,-71.75,7.48,66778.722,2023-11-05,11-05-2023-18-32-58-722.jpg
109.73,5.32,-74.4,4.28,66778.835,2023-11-05,11-05-2023-18-32-58-835.jpg
122.84,31.36,-52.84,3.25,66778.932,2023-11-05,11-05-2023-18-32-58-932.jpg
122.04,34.51,-50.35,3.21,66779.028,2023-11-05,11-05-2023-18-32-59-028.jpg
121.46,35.09,-49.79,3.51,66779.132,2023-11-05,11-05-2023-18-32-59-132.jpg
139.78,45.28,-38.73,8.48,66779.236,2023-11-05,11-05-2023-18-32-59-236.jpg
157.75,69.47,-14.01,11.2,66779.348,2023-11-05,11-05-2023-18-32-59-348.jpg
157.75,82.14,-1.56,11.28,66779.445,2023-11-05,11-05-2023-18-32-59-445.jpg
157.75,86.95,-4.81,14.8,66779.55,2023-11-05,11-05-2023-18-32-59-550.jpg
157.75,81.43,-2.96,10.04,66779.646,2023-11-05,11-05-2023-18-32-59-646.jpg
155.28,78.38,-4.73,13.23,66779.755,2023-11-05,11-05-2023-18-32-59-755.jpg
141.7,60.34,-28.72,2.33,66779.862,2023-11-05,11-05-2023-18-32-59-862.jpg
118.34,37.58,-53.35,6.68,66779.968,2023-11-05,11-05-2023-18-32-59-968.jpg
93.6,37.58,-86.66,1.92,66780.084,2023-11-05,11-05-2023-18-33-00-084.jpg
75.37,37.58,-86.66,9.5,66780.184,2023-11-05,11-05-2023-18-33-00-184.jpg
59.52,11.85,-86.66,8.45,66780.297,2023-11-05,11-05-2023-18-33-00-297.jpg
37.78,28.86,-64.92,6.69,66780.397,2023-11-05,11-05-2023-18-33-00-397.jpg
24.96,54.76,-36.51,4.71,66780.499,2023-11-05,11-05-2023-18-33-00-499.jpg
24.96,71.8,-17.23,1.15,66780.605,2023-11-05,11-05-2023-18-33-00-605.jpg
24.96,80.74,-6.48,4.57,66780.715,2023-11-05,11-05-2023-18-33-00-715.jpg
24.96,82.78,-4.77,4.1,66780.813,2023-11-05,11-05-2023-18-33-00-813.jpg
24.96,83.04,-4.76,3.72,66780.918,2023-11-05,11-05-2023-18-33-00-918.jpg
24.96,83.23,-4.77,3.37,66781.029,2023-11-05,11-05-2023-18-33-01-029.jpg
24.96,81.33,-8.56,0.09,66781.13,2023-11-05,11-05-2023-18-33-01-130.jpg
11.03,76.91,-16.07,7.01,66781.231,2023-11-05,11-05-2023-18-33-01-231.jpg
25.29,57.81,-39.65,12.94,66781.335,2023-11-05,11-05-2023-18-33-01-335.jpg
44.82,40.95,-58.62,12.84,66781.446,2023-11-05,11-05-2023-18-33-01-446.jpg
76.1,40.95,-58.62,7.15,66781.549,2023-11-05,11-05-2023-18-33-01-549.jpg
97.83,40.95,-58.62,0.39,66781.646,2023-11-05,11-05-2023-18-33-01-646.jpg
114.21,21.19,-63.0,2.63,66781.748,2023-11-05,11-05-2023-18-33-01-748.jpg
134.71,24.6,-66.16,1.57,66781.85,2023-11-05,11-05-2023-18-33-01-850.jpg
144.7,48.01,-37.5,6.06,66781.944,2023-11-05,11-05-2023-18-33-01-944.jpg
159.25,69.72,-14.74,10.0,66782.047,2023-11-05,11-05-2023-18-33-02-047.jpg
159.25,84.8,-2.28,13.99,66782.163,2023-11-05,11-05-2023-18-33-02-163.jpg
159.25,93.25,13.91,20.07,66782.264,2023-11-05,11-05-2023-18-33-02-264.jpg
174.62,95.27,15.82,21.19,66782.381,2023-11-05,11-05-2023-18-33-02-381.jpg
174.62,94.4,15.12,21.09,66782.483,2023-11-05,11-05-2023-18-33-02-483.jpg
174.62,86.34,-3.82,13.93,66782.581,2023-11-05,11-05-2023-18-33-02-581.jpg
174.62,83.29,-1.27,10.15,66782.69,2023-11-05,11-05-2023-18-33-02-690.jpg
153.56,68.28,-19.66,1.72,66782.797,2023-11-05,11-05-2023-18-33-02-797.jpg
147.33,59.32,-30.17,1.74,66782.903,2023-11-05,11-05-2023-18-33-02-903.jpg
124.17,36.81,-45.93,2.5,66782.999,2023-11-05,11-05-2023-18-33-02-999.jpg
97.73,36.81,-78.33,0.53,66783.101,2023-11-05,11-05-2023-18-33-03-101.jpg
67.67,36.81,-78.33,7.74,66783.193,2023-11-05,11-05-2023-18-33-03-193.jpg
42.77,39.78,-44.74,1.64,66783.296,2023-11-05,11-05-2023-18-33-03-296.jpg
25.92,49.13,-42.15,4.43,66783.399,2023-11-05,11-05-2023-18-33-03-399.jpg
8.9,69.09,-19.84,0.48,66783.503,2023-11-05,11-05-2023-18-33-03-503.jpg
8.9,78.75,-9.44,2.68,66783.611,2023-11-05,11-05-2023-18-33-03-611.jpg
8.9,83.86,-3.93,3.76,66783.715,2023-11-05,11-05-2023-18-33-03-715.jpg
8.9,83.87,-4.06,3.39,66783.815,2023-11-05,11-05-2023-18-33-03-815.jpg
8.9,82.29,-7.12,0.55,66783.925,2023-11-05,11-05-2023-18-33-03-925.jpg
8.9,80.15,-12.06,4.76,66784.032,2023-11-05,11-05-2023-18-33-04-032.jpg
11.1,78.73,-14.38,6.78,66784.138,2023-11-05,11-05-2023-18-33-04-138.jpg
17.6,72.14,-25.63,15.22,66784.247,2023-11-05,11-05-2023-18-33-04-247.jpg
27.36,56.08,-41.1,12.33,66784.347,2023-11-05,11-05-2023-18-33-04-347.jpg
47.37,39.99,-56.97,10.57,66784.448,2023-11-05,11-05-2023-18-33-04-448.jpg
87.96,39.99,-56.97,1.57,66784.566,2023-11-05,11-05-2023-18-33-04-566.jpg
99.57,39.99,-56.97,2.38,66784.67,2023-11-05,11-05-2023-18-33-04-670.jpg
108.3,39.99,-78.76,4.49,66784.785,2023-11-05,11-05-2023-18-33-04-785.jpg
135.25,21.8,-53.61,8.96,66784.893,2023-11-05,11-05-2023-18-33-04-893.jpg
155.42,67.15,-14.25,16.7,66785.0,2023-11-05,11-05-2023-18-33-05-000.jpg
178.06,79.09,-5.09,10.5,66785.099,2023-11-05,11-05-2023-18-33-05-099.jpg
178.06,89.39,-8.15,16.52,66785.199,2023-11-05,11-05-2023-18-33-05-199.jpg
178.06,90.97,10.18,17.36,66785.313,2023-11-05,11-05-2023-18-33-05-313.jpg
178.06,87.84,-6.12,15.67,66785.414,2023-11-05,11-05-2023-18-33-05-414.jpg
178.06,82.63,-1.53,10.64,66785.531,2023-11-05,11-05-2023-18-33-05-531.jpg
155.21,69.84,-17.87,3.39,66785.638,2023-11-05,11-05-2023-18-33-05-638.jpg
138.67,47.28,-38.03,3.25,66785.748,2023-11-05,11-05-2023-18-33-05-748.jpg
117.5,31.78,-50.16,7.27,66785.851,2023-11-05,11-05-2023-18-33-05-851.jpg
88.57,31.78,-50.16,5.81,66785.963,2023-11-05,11-05-2023-18-33-05-963.jpg
60.06,21.27,-81.67,11.13,66786.07,2023-11-05,11-05-2023-18-33-06-070.jpg
43.22,38.95,-52.26,6.59,66786.184,2023-11-05,11-05-2023-18-33-06-184.jpg
24.93,56.57,-33.76,4.44,66786.28,2023-11-05,11-05-2023-18-33-06-280.jpg
17.1,69.94,-20.03,2.45,66786.391,2023-11-05,11-05-2023-18-33-06-391.jpg
17.1,79.87,-9.09,0.99,66786.499,2023-11-05,11-05-2023-18-33-06-499.jpg
17.1,80.41,-9.61,0.89,66786.595,2023-11-05,11-05-2023-18-33-06-595.jpg
9.59,83.14,-7.01,1.02,66786.7,2023-11-05,11-05-2023-18-33-06-700.jpg
5.56,85.24,-3.22,2.67,66786.8,2023-11-05,11-05-2023-18-33-06-800.jpg
5.56,84.26,-5.09,0.88,66786.899,2023-11-05,11-05-2023-18-33-06-899.jpg
3.46,84.57,-5.39,0.26,66787.012,2023-11-05,11-05-2023-18-33-07-012.jpg
7.75,84.38,-6.77,2.87,66787.113,2023-11-05,11-05-2023-18-33-07-113.jpg
7.75,81.75,-10.68,5.08,66787.23,2023-11-05,11-05-2023-18-33-07-230.jpg
14.71,66.88,-33.33,17.17,66787.333,2023-11-05,11-05-2023-18-33-07-333.jpg
37.33,47.38,-52.22,14.43,66787.446,2023-11-05,11-05-2023-18-33-07-446.jpg
57.57,29.08,-67.29,7.4,66787.548,2023-11-05,11-05-2023-18-33-07-548.jpg
87.49,29.08,-67.29,2.99,66787.646,2023-11-05,11-05-2023-18-33-07-646.jpg
107.0,29.08,-73.93,3.05,66787.744,2023-11-05,11-05-2023-18-33-07-744.jpg
118.63,29.04,-52.54,6.19,66787.849,2023-11-05,11-05-2023-18-33-07-849.jpg
136.87,43.01,-33.52,18.69,66787.962,2023-11-05,11-05-2023-18-33-07-962.jpg
147.94,60.01,-22.0,16.04,66788.069,2023-11-05,11-05-2023-18-33-08-069.jpg
164.81,75.45,-8.46,11.03,66788.176,2023-11-05,11-05-2023-18-33-08-176.jpg
164.81,85.89,-3.97,14.9,66788.284,2023-11-05,11-05-2023-18-33-08-284.jpg
164.81,88.19,-6.44,15.39,66788.4,2023-11-05,11-05-2023-18-33-08-400.jpg
164.81,88.68,-6.88,15.29,66788.5,2023-11-05,11-05-2023-18-33-08-500.jpg
170.49,80.2,-4.85,9.19,66788.615,2023-11-05,11-05-2023-18-33-08-615.jpg
162.23,79.64,-6.22,7.55,66788.712,2023-11-05,11-05-2023-18-33-08-712.jpg
142.06,51.17,-37.98,0.08,66788.816,2023-11-05,11-05-2023-18-33-08-816.jpg
117.1,30.86,-55.95,0.77,66788.911,2023-11-05,11-05-2023-18-33-08-911.jpg
88.02,9.63,-55.95,0.88,66789.013,2023-11-05,11-05-2023-18-33-09-013.jpg
69.03,9.63,-55.95,9.54,66789.119,2023-11-05,11-05-2023-18-33-09-119.jpg
53.5,27.88,-66.86,8.89,66789.219,2023-11-05,11-05-2023-18-33-09-219.jpg
27.05,42.0,-52.49,5.6,66789.335,2023-11-05,11-05-2023-18-33-09-335.jpg
16.41,60.57,-29.35,2.33,66789.435,2023-11-05,11-05-2023-18-33-09-435.jpg
16.41,75.88,-12.88,1.45,66789.553,2023-11-05,11-05-2023-18-33-09-553.jpg
16.41,83.79,-4.01,3.7,66789.658,2023-11-05,11-05-2023-18-33-09-658.jpg
2.17,84.16,-3.89,3.45,66789.767,2023-11-05,11-05-2023-18-33-09-767.jpg
2.17,82.11,-6.42,2.38,66789.876,2023-11-05,11-05-2023-18-33-09-876.jpg
2.17,80.53,-9.0,0.2,66789.978,2023-11-05,11-05-2023-18-33-09-978.jpg
2.17,79.96,-10.85,2.23,66790.082,2023-11-05,11-05-2023-18-33-10-082.jpg
2.17,79.83,-11.44,2.85,66790.18,2023-11-05,11-05-2023-18-33-10-180.jpg
2.17,79.8,-11.53,2.92,66790.297,2023-11-05,11-05-2023-18-33-10-297.jpg
2.17,79.45,-12.53,3.75,66790.401,2023-11-05,11-05-2023-18-33-10-401.jpg
10.63,72.72,-23.27,11.33,66790.517,2023-11-05,11-05-2023-18-33-10-517.jpg
35.01,50.56,-48.68,13.12,66790.614,2023-11-05,11-05-2023-18-33-10-614.jpg
62.39,23.86,-78.34,8.88,66790.711,2023-11-05,11-05-2023-18-33-10-711.jpg
101.6,23.86,-78.34,4.66,66790.811,2023-11-05,11-05-2023-18-33-10-811.jpg
121.59,32.25,-52.27,2.53,66790.914,2023-11-05,11-05-2023-18-33-10-914.jpg
139.55,44.81,-35.05,12.99,66791.034,2023-11-05,11-05-2023-18-33-11-034.jpg
160.04,69.21,-10.6,17.96,66791.13,2023-11-05,11-05-2023-18-33-11-130.jpg
169.15,80.41,-3.46,11.26,66791.229,2023-11-05,11-05-2023-18-33-11-229.jpg
169.05,87.09,-4.86,15.13,66791.333,2023-11-05,11-05-2023-18-33-11-333.jpg
169.05,91.41,10.74,17.88,66791.446,2023-11-05,11-05-2023-18-33-11-446.jpg
169.05,89.88,-7.83,15.27,66791.551,2023-11-05,11-05-2023-18-33-11-551.jpg
169.05,83.56,-1.35,9.43,66791.649,2023-11-05,11-05-2023-18-33-11-649.jpg
158.86,77.69,-8.43,7.02,66791.748,2023-11-05,11-05-2023-18-33-11-748.jpg
141.5,58.4,-33.14,6.71,66791.848,2023-11-05,11-05-2023-18-33-11-848.jpg
136.05,51.92,-37.8,5.06,66791.963,2023-11-05,11-05-2023-18-33-11-963.jpg
134.18,52.15,-35.44,2.45,66792.061,2023-11-05,11-05-2023-18-33-12-061.jpg
133.4,51.6,-34.83,1.26,66792.17,2023-11-05,11-05-2023-18-33-12-170.jpg
112.79,33.49,-51.32,1.01,66792.267,2023-11-05,11-05-2023-18-33-12-267.jpg
77.84,33.49,-51.32,5.26,66792.382,2023-11-05,11-05-2023-18-33-12-382.jpg
47.81,32.52,-56.9,6.08,66792.483,2023-11-05,11-05-2023-18-33-12-483.jpg
22.81,58.3,-32.36,4.2,66792.597,2023-11-05,11-05-2023-18-33-12-597.jpg
22.81,75.71,-12.71,2.01,66792.698,2023-11-05,11-05-2023-18-33-12-698.jpg
9.12,81.85,-7.43,0.42,66792.796,2023-11-05,11-05-2023-18-33-12-796.jpg
9.12,83.19,-5.54,1.68,66792.914,2023-11-05,11-05-2023-18-33-12-914.jpg
9.12,81.52,-8.98,1.55,66793.015,2023-11-05,11-05-2023-18-33-13-015.jpg
9.17,77.13,-15.19,5.63,66793.131,2023-11-05,11-05-2023-18-33-13-131.jpg
16.17,70.36,-28.3,16.78,66793.229,2023-11-05,11-05-2023-18-33-13-229.jpg
26.73,60.18,-38.43,15.03,66793.33,2023-11-05,11-05-2023-18-33-13-330.jpg
28.05,58.57,-37.69,11.19,66793.432,2023-11-05,11-05-2023-18-33-13-432.jpg
28.2,58.34,-36.73,9.31,66793.534,2023-11-05,11-05-2023-18-33-13-534.jpg
27.98,58.25,-36.23,8.34,66793.638,2023-11-05,11-05-2023-18-33-13-638.jpg
31.19,53.47,-40.57,7.71,66793.748,2023-11-05,11-05-2023-18-33-13-748.jpg
64.07,24.3,-70.28,6.76,66793.846,2023-11-05,11-05-2023-18-33-13-846.jpg
90.56,24.3,-70.28,1.19,66793.954,2023-11-05,11-05-2023-18-33-13-954.jpg
117.29,25.1,-61.71,0.15,66794.045,2023-11-05,11-05-2023-18-33-14-045.jpg
135.79,41.23,-39.69,10.68,66794.152,2023-11-05,11-05-2023-18-33-14-152.jpg
157.48,71.6,-10.78,14.61,66794.262,2023-11-05,11-05-2023-18-33-14-262.jpg
170.98,86.58,-4.81,15.91,66794.366,2023-11-05,11-05-2023-18-33-14-366.jpg
170.98,93.1,12.51,18.2,66794.482,2023-11-05,11-05-2023-18-33-14-482.jpg
170.98,85.38,-1.29,10.93,66794.581,2023-11-05,11-05-2023-18-33-14-581.jpg
171.67,85.05,-1.75,12.6,66794.694,2023-11-05,11-05-2023-18-33-14-694.jpg
172.88,84.89,-1.92,13.2,66794.799,2023-11-05,11-05-2023-18-33-14-799.jpg
155.25,74.1,-13.74,3.04,66794.915,2023-11-05,11-05-2023-18-33-14-915.jpg
149.86,52.27,-36.23,5.78,66795.013,2023-11-05,11-05-2023-18-33-15-013.jpg
110.24,24.05,-58.09,8.6,66795.114,2023-11-05,11-05-2023-18-33-15-114.jpg
79.29,24.05,-58.09,7.14,66795.223,2023-11-05,11-05-2023-18-33-15-223.jpg
41.89,40.35,-45.87,3.28,66795.334,2023-11-05,11-05-2023-18-33-15-334.jpg
24.12,47.63,-45.62,6.13,66795.426,2023-11-05,11-05-2023-18-33-15-426.jpg
23.8,51.07,-44.26,8.65,66795.53,2023-11-05,11-05-2023-18-33-15-530.jpg
23.8,53.53,-41.89,8.63,66795.628,2023-11-05,11-05-2023-18-33-15-628.jpg
25.83,55.87,-38.81,8.26,66795.73,2023-11-05,11-05-2023-18-33-15-730.jpg
28.47,57.66,-36.09,8.1,66795.829,2023-11-05,11-05-2023-18-33-15-829.jpg
24.87,63.56,-28.08,5.33,66795.937,2023-11-05,11-05-2023-18-33-15-937.jpg
24.87,80.98,-5.68,5.88,66796.047,2023-11-05,11-05-2023-18-33-16-047.jpg
24.87,83.65,-3.76,4.64,66796.149,2023-11-05,11-05-2023-18-33-16-149.jpg
24.87,82.72,-6.12,1.83,66796.25,2023-11-05,11-05-2023-18-33-16-250.jpg
24.87,82.88,-6.98,0.03,66796.349,2023-11-05,11-05-2023-18-33-16-349.jpg
24.87,84.48,-5.72,0.8,66796.446,2023-11-05,11-05-2023-18-33-16-446.jpg
3.17,86.54,-2.94,0.78,66796.55,2023-11-05,11-05-2023-18-33-16-550.jpg
3.17,87.07,-2.09,1.42,66796.648,2023-11-05,11-05-2023-18-33-16-648.jpg
3.17,87.11,-1.83,1.85,66796.752,2023-11-05,11-05-2023-18-33-16-752.jpg
3.17,87.23,-1.31,2.64,66796.849,2023-11-05,11-05-2023-18-33-16-849.jpg
3.17,87.22,-1.19,2.89,66796.945,2023-11-05,11-05-2023-18-33-16-945.jpg
3.17,87.17,-1.14,3.09,66797.045,2023-11-05,11-05-2023-18-33-17-045.jpg
3.17,87.35,-0.6,3.77,66797.143,2023-11-05,11-05-2023-18-33-17-143.jpg
3.17,87.55,-0.05,4.47,66797.245,2023-11-05,11-05-2023-18-33-17-245.jpg
3.17,87.35,-0.06,5.05,66797.352,2023-11-05,11-05-2023-18-33-17-352.jpg
3.17,87.07,-0.13,5.24,66797.464,2023-11-05,11-05-2023-18-33-17-464.jpg
3.17,86.88,-0.11,5.61,66797.563,2023-11-05,11-05-2023-18-33-17-563.jpg
3.17,86.63,-0.24,5.83,66797.667,2023-11-05,11-05-2023-18-33-17-667.jpg
3.17,86.44,-0.45,5.79,66797.76,2023-11-05,11-05-2023-18-33-17-760.jpg
3.17,86.26,-0.76,5.52,66797.862,2023-11-05,11-05-2023-18-33-17-862.jpg
3.17,86.19,-0.91,5.36,66797.986,2023-11-05,11-05-2023-18-33-17-986.jpg
