13.81,79.73,17-35-35-547,5.55,-7.02
13.64,79.59,17-35-35-650,5.45,-7.20
13.66,79.52,17-35-35-762,5.40,-7.27
13.66,79.54,17-35-35-866,5.33,-7.29
13.74,79.61,17-35-35-963,5.28,-7.25
13.37,79.87,17-35-36-063,5.43,-6.92
13.10,79.65,17-35-36-164,5.12,-7.30
12.85,79.41,17-35-36-265,5.07,-7.57
12.81,79.20,17-35-36-364,5.01,-7.79
12.67,79.16,17-35-36-473,5.03,-7.83
12.57,79.13,17-35-36-583,5.04,-7.85
12.56,79.12,17-35-36-681,5.04,-7.86
12.60,79.09,17-35-36-784,5.06,-7.88
12.62,79.07,17-35-36-885,5.08,-7.88
12.86,79.05,17-35-36-981,5.12,-7.88
13.03,79.00,17-35-37-096,5.19,-7.89
13.14,78.98,17-35-37-195,5.23,-7.90
13.19,78.96,17-35-37-297,5.25,-7.91
13.24,79.03,17-35-37-400,5.33,-7.80
13.30,79.06,17-35-37-495,5.21,-7.83
12.81,78.79,17-35-37-600,4.95,-8.23
9.80,78.24,17-35-37-700,4.18,-9.26
9.77,77.71,17-35-37-818,3.51,-10.13
9.65,77.41,17-35-37-917,3.25,-10.57
9.88,77.10,17-35-38-030,2.80,-11.14
11.39,77.23,17-35-38-127,2.86,-10.97
21.84,77.92,17-35-38-230,3.46,-9.78
29.16,79.62,17-35-38-332,6.89,-6.32
41.85,80.40,17-35-38-431,7.02,-5.29
45.19,79.94,17-35-38-547,3.19,-6.94
49.67,78.12,17-35-38-647,7.49,-11.53
50.90,75.35,17-35-38-747,22.86,-18.40
52.15,68.07,17-35-38-866,41.32,-33.59
54.91,64.28,17-35-38-964,51.33,-41.86
55.29,63.39,17-35-39-060,52.45,-43.62
56.42,60.64,17-35-39-169,56.80,-50.63
59.44,52.96,17-35-39-282,62.25,-69.35
62.10,49.94,17-35-39-381,64.42,-76.51
64.51,48.20,17-35-39-482,66.01,-77.90
65.62,48.03,17-35-39-597,66.24,-72.73
66.33,47.38,17-35-39-695,66.55,-73.73
66.17,47.60,17-35-39-800,66.16,-71.47
65.56,48.29,17-35-39-898,65.15,-68.47
64.23,49.14,17-35-40-002,63.34,-67.18
63.75,54.41,17-35-40-098,64.21,-52.26
62.12,67.13,17-35-40-197,62.06,-28.51
61.59,77.21,17-35-40-296,26.44,-7.40
61.76,86.28,17-35-40-407,77.89,-10.95
61.79,93.16,17-35-40-516,92.64,24.36
62.64,101.71,17-35-40-615,97.83,42.92
62.23,107.06,17-35-40-715,97.97,57.53
61.97,108.85,17-35-40-815,97.52,62.39
61.73,109.46,17-35-40-915,96.68,63.02
61.57,107.79,17-35-41-031,95.13,54.95
61.50,107.21,17-35-41-132,94.22,52.11
61.71,103.30,17-35-41-228,93.24,40.93
61.67,105.99,17-35-41-333,94.23,48.33
61.28,111.42,17-35-41-428,95.49,69.02
61.19,110.94,17-35-41-529,95.15,65.92
61.22,108.66,17-35-41-635,94.81,56.99
62.50,103.31,17-35-41-747,97.42,42.00
63.20,91.01,17-35-41-844,99.87,15.15
65.49,85.76,17-35-41-944,141.55,-6.58
66.57,77.66,17-35-42-049,110.72,-11.40
67.12,67.62,17-35-42-144,90.88,-30.55
67.43,63.17,17-35-42-245,86.78,-39.24
67.95,58.10,17-35-42-346,84.41,-51.04
68.91,52.82,17-35-42-455,82.37,-63.51
69.93,50.01,17-35-42-547,80.76,-67.73
70.87,47.57,17-35-42-644,78.11,-69.10
71.10,47.12,17-35-42-747,77.00,-69.28
71.20,46.70,17-35-42-846,76.28,-70.34
70.85,47.02,17-35-42-949,75.65,-69.61
70.60,46.49,17-35-43-051,74.68,-71.30
70.46,46.69,17-35-43-147,74.35,-70.30
70.43,47.22,17-35-43-262,74.25,-68.21
71.10,47.78,17-35-43-368,75.57,-66.21
71.11,49.32,17-35-43-480,76.55,-61.93
70.31,57.56,17-35-43-579,79.35,-40.34
69.00,68.12,17-35-43-681,86.89,-21.28
68.63,76.59,17-35-43-796,127.43,-3.85
68.36,84.73,17-35-43-900,142.94,-12.94
67.11,89.40,17-35-43-996,124.07,-21.61
65.62,96.75,17-35-44-093,112.42,36.09
64.51,100.62,17-35-44-194,107.29,44.53
62.87,103.47,17-35-44-300,102.23,51.04
60.82,105.91,17-35-44-395,97.64,57.16
60.25,106.34,17-35-44-496,96.59,57.68
59.37,106.30,17-35-44-596,94.85,56.29
58.89,106.70,17-35-44-707,94.08,57.10
58.08,107.68,17-35-44-798,92.95,60.52
57.32,108.63,17-35-44-900,91.90,64.05
57.49,108.86,17-35-45-013,92.25,64.74
57.83,106.50,17-35-45-115,91.39,55.23
58.29,101.46,17-35-45-229,87.95,39.87
59.03,92.96,17-35-45-332,77.39,19.88
59.88,88.67,17-35-45-446,70.52,-10.70
60.43,78.60,17-35-45-546,40.43,-9.78
60.63,69.58,17-35-45-647,66.64,-28.74
60.96,63.48,17-35-45-745,73.02,-42.97
61.98,53.64,17-35-45-847,71.88,-66.40
62.81,50.15,17-35-45-946,69.37,-69.82
65.05,45.43,17-35-46-051,66.02,-75.41
65.80,44.52,17-35-46-163,63.62,-72.54
65.63,46.08,17-35-46-263,62.74,-68.60
65.56,47.06,17-35-46-363,62.90,-67.41
65.23,47.80,17-35-46-459,62.70,-66.10
64.97,48.00,17-35-46-561,62.34,-66.03
62.80,49.96,17-35-46-661,62.24,-64.97
60.74,60.75,17-35-46-770,62.04,-42.75
60.23,80.15,17-35-46-880,10.34,-3.48
60.31,85.39,17-35-46-983,51.56,-5.56
58.31,88.90,17-35-47-085,64.24,-13.04
57.14,93.79,17-35-47-181,72.79,22.51
56.62,99.63,17-35-47-283,81.86,35.45
56.54,102.37,17-35-47-407,84.79,42.05
56.25,105.80,17-35-47-514,86.31,50.97
56.11,106.02,17-35-47-614,85.70,51.08
56.16,104.65,17-35-47-712,84.87,47.12
56.15,103.28,17-35-47-810,83.40,43.58
55.92,104.13,17-35-47-913,83.95,46.19
55.96,105.85,17-35-48-016,85.78,51.49
56.06,103.71,17-35-48-131,84.11,44.78
57.92,97.12,17-35-48-233,82.46,29.04
60.89,86.89,17-35-48-345,79.27,-8.24
62.02,85.32,17-35-48-446,94.57,-6.01
61.89,72.41,17-35-48-545,71.06,-22.79
62.66,60.44,17-35-48-648,75.90,-50.23
64.52,52.22,17-35-48-746,75.03,-70.89
65.15,48.94,17-35-48-852,70.66,-75.13
65.70,48.45,17-35-48-947,68.18,-70.61
66.07,48.31,17-35-49-047,66.34,-65.88
66.58,48.44,17-35-49-150,67.85,-66.23
66.06,53.95,17-35-49-251,68.83,-50.95
65.84,58.87,17-35-49-378,75.90,-44.31
65.96,72.13,17-35-49-481,87.71,-22.24
67.31,86.04,17-35-49-598,159.65,-6.43
67.19,94.09,17-35-49-700,125.07,22.14
66.30,105.18,17-35-49-813,107.80,49.70
64.90,109.10,17-35-49-915,101.95,60.46
64.48,108.67,17-35-50-028,99.37,55.75
64.28,107.27,17-35-50-129,98.38,49.33
64.17,107.30,17-35-50-227,97.89,48.47
64.16,104.11,17-35-50-332,97.86,39.56
63.97,103.80,17-35-50-432,97.09,38.52
63.85,102.01,17-35-50-551,94.29,33.97
63.78,101.34,17-35-50-647,94.24,32.29
59.67,108.04,17-35-50-754,85.29,48.65
58.07,108.44,17-35-50-847,82.29,50.14
58.55,102.89,17-35-50-946,79.10,35.62
59.55,95.23,17-35-51-046,74.89,19.40
58.30,90.01,17-35-51-145,61.01,9.35
58.97,71.99,17-35-51-244,70.47,-29.20
59.72,64.19,17-35-51-346,73.06,-46.05
60.05,58.81,17-35-51-445,71.28,-57.32
60.20,54.14,17-35-51-547,68.73,-67.40
60.79,49.68,17-35-51-646,65.10,-74.94
61.18,49.23,17-35-51-748,64.27,-71.70
61.21,49.63,17-35-51-847,64.06,-68.34
61.25,52.33,17-35-51-957,65.55,-60.91
61.33,55.59,17-35-52-061,66.94,-52.64
61.35,56.36,17-35-52-164,68.01,-51.63
61.32,61.66,17-35-52-265,70.63,-41.92
61.16,77.03,17-35-52-364,57.25,-8.39
60.71,86.73,17-35-52-470,89.63,-11.15
59.86,97.56,17-35-52-584,95.78,33.27
59.67,105.42,17-35-52-696,95.24,52.04
59.11,107.34,17-35-52-799,93.72,56.93
59.47,103.56,17-35-52-913,91.33,44.61
58.97,103.97,17-35-53-013,89.85,45.43
58.38,104.78,17-35-53-110,89.53,48.20
58.00,105.41,17-35-53-215,89.55,50.50
57.86,104.42,17-35-53-312,88.61,47.53
57.39,104.86,17-35-53-417,87.96,48.93
57.11,106.47,17-35-53-524,88.67,54.20
57.21,106.06,17-35-53-616,88.50,53.01
57.96,104.98,17-35-53-718,89.82,50.77
61.76,97.58,17-35-53-833,94.09,29.91
62.37,90.98,17-35-53-929,94.67,15.55
63.13,84.27,17-35-54-029,86.75,-3.57
63.97,78.89,17-35-54-131,89.33,-8.61
64.74,65.85,17-35-54-229,82.15,-36.70
65.28,62.48,17-35-54-331,81.49,-44.11
65.97,55.21,17-35-54-429,79.94,-62.91
67.03,50.99,17-35-54-537,77.59,-71.15
67.76,49.13,17-35-54-632,75.70,-71.98
68.38,47.98,17-35-54-744,74.83,-73.35
68.64,49.41,17-35-54-845,75.06,-66.23
68.34,52.08,17-35-54-949,75.47,-58.12
67.35,57.93,17-35-55-047,78.21,-47.18
65.53,69.11,17-35-55-147,81.43,-27.28
65.63,83.89,17-35-55-258,159.02,-3.00
64.53,92.06,17-35-55-363,107.89,19.49
63.55,99.41,17-35-55-466,99.57,35.06
63.05,106.14,17-35-55-575,96.55,51.35
62.72,108.90,17-35-55-681,94.62,58.08
62.27,111.89,17-35-55-783,92.83,66.90
61.46,112.86,17-35-55-895,90.33,69.54
61.28,107.16,17-35-55-998,86.67,48.49
60.88,109.20,17-35-56-097,85.63,53.90
60.72,104.72,17-35-56-210,83.02,40.81
60.43,106.52,17-35-56-312,83.40,44.82
60.22,112.43,17-35-56-421,85.79,62.67
60.20,112.76,17-35-56-531,86.43,64.06
59.69,109.77,17-35-56-646,85.30,53.36
60.47,100.56,17-35-56-748,83.40,29.60
61.38,92.48,17-35-56-851,80.51,12.40
61.92,84.57,17-35-56-976,10.33,-0.11
63.23,71.92,17-35-57-081,79.03,-26.12
63.75,67.42,17-35-57-188,78.91,-34.24
64.01,59.44,17-35-57-280,74.98,-50.09
64.62,54.66,17-35-57-381,72.53,-59.03
65.38,49.34,17-35-57-499,69.59,-70.15
66.21,47.57,17-35-57-597,68.73,-72.57
66.69,47.95,17-35-57-695,68.97,-70.41
66.68,50.56,17-35-57-800,69.83,-62.18
66.83,56.47,17-35-57-914,73.84,-47.33
67.10,64.18,17-35-58-016,81.18,-33.43
67.57,83.18,17-35-58-114,168.40,-5.23
66.67,89.80,17-35-58-209,130.45,-15.44
65.46,99.77,17-35-58-310,106.47,35.15
64.31,104.44,17-35-58-413,98.08,43.59
63.79,108.69,17-35-58-513,92.57,49.80
63.45,113.05,17-35-58-610,89.98,60.17
63.32,110.77,17-35-58-715,89.93,52.69
63.15,106.69,17-35-58-847,87.95,40.43
63.10,106.67,17-35-58-950,88.21,40.07
62.96,105.64,17-35-59-066,87.81,37.43
62.84,105.53,17-35-59-166,87.69,37.14
60.77,111.26,17-35-59-285,85.43,53.20
58.54,111.20,17-35-59-384,81.62,53.79
56.25,106.79,17-35-59-478,80.14,47.47
55.69,104.52,17-35-59-577,79.97,44.03
55.59,103.28,17-35-59-680,80.13,42.02
56.68,89.64,17-35-59-782,57.28,-13.43
59.83,79.58,17-35-59-882,2.77,-4.00
61.83,64.12,17-35-59-995,64.46,-36.63
62.25,52.44,17-36-00-098,65.54,-64.48
62.68,49.42,17-36-00-201,64.39,-71.42
63.67,49.10,17-36-00-326,65.45,-69.69
64.15,52.94,17-36-00-437,66.70,-56.82
64.35,57.37,17-36-00-532,69.77,-45.70
63.99,59.67,17-36-00-637,74.43,-46.03
64.18,80.18,17-36-00-734,100.11,-2.24
64.30,87.43,17-36-00-837,112.78,-11.62
64.15,94.90,17-36-00-958,107.30,26.41
63.85,102.54,17-36-01-062,101.85,42.59
63.50,107.31,17-36-01-163,98.08,53.49
63.21,110.14,17-36-01-264,95.76,59.34
63.89,113.92,17-36-01-363,94.99,70.22
64.18,113.94,17-36-01-463,95.33,68.82
64.31,112.21,17-36-01-565,94.90,59.91
63.84,110.15,17-36-01-679,93.85,54.27
62.81,108.77,17-36-01-781,91.37,50.48
62.22,107.39,17-36-01-901,90.01,46.90
61.96,110.54,17-36-01-996,91.67,57.80
60.70,108.34,17-36-02-116,91.05,54.08
60.76,98.75,17-36-02-220,87.12,30.34
61.82,87.85,17-36-02-329,71.29,-7.12
63.07,72.45,17-36-02-429,80.54,-25.01
64.64,64.00,17-36-02-541,81.29,-40.35
66.58,56.11,17-36-02-654,79.36,-55.41
67.73,48.09,17-36-02-765,71.83,-68.83
67.75,46.45,17-36-02-863,68.52,-69.65
67.57,47.02,17-36-02-962,67.31,-67.54
67.45,47.69,17-36-03-066,67.13,-66.53
67.44,49.98,17-36-03-162,67.81,-60.22
67.41,50.55,17-36-03-272,67.99,-59.33
67.43,54.29,17-36-03-364,70.41,-50.10
67.40,62.17,17-36-03-465,75.37,-34.08
67.36,81.14,17-36-03-583,170.76,-3.62
63.76,93.35,17-36-03-692,104.38,24.76
59.50,100.26,17-36-03-802,90.00,37.94
57.64,104.97,17-36-03-899,84.92,46.14
56.64,110.15,17-36-04-009,83.24,57.89
56.48,111.18,17-36-04-115,83.43,61.03
56.21,111.31,17-36-04-212,83.30,61.79
56.21,110.64,17-36-04-318,83.09,59.41
55.84,109.83,17-36-04-417,82.47,57.12
55.85,109.15,17-36-04-533,82.71,55.53
55.98,106.36,17-36-04-631,82.28,48.62
56.09,102.99,17-36-04-744,81.25,41.17
58.48,91.33,17-36-04-848,70.45,16.28
61.16,86.75,17-36-04-964,73.90,-7.53
62.18,86.05,17-36-05-064,87.88,-6.63
62.75,85.79,17-36-05-168,97.19,-6.46
62.97,74.96,17-36-05-272,69.00,-14.96
63.29,61.76,17-36-05-381,72.32,-42.74
63.47,54.14,17-36-05-484,71.24,-62.45
63.69,51.19,17-36-05-595,68.53,-66.94
64.16,52.70,17-36-05-696,68.98,-60.02
64.56,60.61,17-36-05-794,72.83,-40.61
64.52,63.28,17-36-05-897,77.24,-38.37
64.48,73.59,17-36-06-011,76.18,-16.78
64.55,86.85,17-36-06-117,117.35,-9.32
64.48,90.98,17-36-06-210,110.91,17.76
62.53,100.45,17-36-06-312,100.80,37.96
60.91,104.66,17-36-06-417,93.46,46.63
60.81,108.31,17-36-06-514,92.37,56.30
60.26,111.13,17-36-06-618,90.22,64.26
59.94,110.63,17-36-06-711,89.16,62.10
59.55,109.35,17-36-06-812,88.28,57.71
59.05,108.04,17-36-06-910,86.63,53.08
58.77,107.01,17-36-07-013,85.59,49.84
58.55,106.97,17-36-07-110,85.29,49.46
58.32,106.61,17-36-07-212,84.00,47.40
58.20,106.39,17-36-07-310,83.26,46.15
58.09,106.45,17-36-07-411,82.97,45.99
58.02,106.54,17-36-07-518,82.75,45.96
58.07,110.20,17-36-07-630,85.63,58.34
58.01,107.49,17-36-07-731,84.57,50.54
58.95,97.10,17-36-07-831,78.68,25.92
61.47,86.02,17-36-07-933,64.66,-6.08
65.01,67.32,17-36-08-048,79.67,-32.30
65.88,58.61,17-36-08-156,78.44,-52.17
65.74,51.37,17-36-08-264,74.34,-73.58
66.14,48.51,17-36-08-364,71.77,-77.49
66.58,52.25,17-36-08-463,73.23,-61.02
66.68,62.63,17-36-08-562,80.46,-35.11
66.22,70.30,17-36-08-662,83.02,-18.89
66.44,82.47,17-36-08-763,161.17,-3.77
66.36,84.33,17-36-08-877,143.11,-6.32
64.95,92.50,17-36-08-982,109.96,23.21
61.67,102.26,17-36-09-096,98.57,45.65
61.25,104.80,17-36-09-196,97.63,52.38
60.75,106.28,17-36-09-298,96.93,57.06
59.88,105.25,17-36-09-397,94.63,53.12
59.35,106.45,17-36-09-494,93.54,56.11
59.08,106.16,17-36-09-597,92.73,54.39
58.85,105.57,17-36-09-701,91.76,52.39
58.53,108.26,17-36-09-795,92.59,62.01
58.58,107.49,17-36-09-895,92.23,58.89
58.69,105.83,17-36-09-993,91.44,53.79
61.56,95.40,17-36-10-097,92.46,25.45
65.58,87.77,17-36-10-193,128.11,-9.64
66.68,86.62,17-36-10-295,148.23,-7.41
67.17,86.35,17-36-10-393,154.61,-6.86
66.84,81.27,17-36-10-495,138.16,-4.01
66.24,68.71,17-36-10-598,91.83,-31.01
65.37,57.46,17-36-10-695,81.28,-55.58
64.68,52.83,17-36-10-798,75.91,-63.85
63.47,51.88,17-36-10-895,72.28,-64.84
62.96,57.41,17-36-10-994,72.26,-48.41
62.66,60.88,17-36-11-099,71.66,-40.19
62.11,74.28,17-36-11-215,56.20,-11.95
62.21,82.70,17-36-11-314,36.51,-2.21
60.44,87.86,17-36-11-415,69.96,-12.85
59.44,98.88,17-36-11-511,88.96,36.03
59.11,105.02,17-36-11-614,90.81,49.50
59.03,111.87,17-36-11-714,89.87,68.78
58.85,114.49,17-36-11-816,87.68,76.98
58.70,115.70,17-36-11-939,86.04,79.32
59.14,115.42,17-36-12-045,86.50,75.26
59.55,110.37,17-36-12-146,85.77,53.59
59.44,110.06,17-36-12-245,85.95,52.62
59.26,111.71,17-36-12-349,87.01,58.87
59.22,112.67,17-36-12-448,87.77,63.18
59.51,112.61,17-36-12-545,88.70,63.63
59.63,112.96,17-36-12-662,89.26,65.58
59.97,110.93,17-36-12-762,91.50,61.17
60.38,100.80,17-36-12-865,90.24,34.16
61.30,91.38,17-36-12-962,91.06,17.50
61.94,78.16,17-36-13-065,37.99,-7.08
62.34,68.92,17-36-13-162,64.37,-26.22
63.45,60.39,17-36-13-282,69.70,-44.47
63.65,54.98,17-36-13-381,67.67,-56.11
63.64,49.82,17-36-13-498,64.79,-69.28
63.58,49.52,17-36-13-599,63.57,-68.56
63.68,50.30,17-36-13-697,63.40,-65.66
64.17,52.72,17-36-13-795,64.71,-58.26
64.35,55.36,17-36-13-899,65.75,-51.52
64.47,57.74,17-36-14-013,71.92,-51.32
64.72,68.78,17-36-14-112,77.64,-28.19
66.00,83.88,17-36-14-211,163.26,-3.67
65.81,90.12,17-36-14-327,122.56,16.59
65.19,95.77,17-36-14-430,111.14,28.26
63.62,100.95,17-36-14-536,101.36,39.83
63.25,106.97,17-36-14-652,97.20,52.41
62.88,113.23,17-36-14-748,93.50,68.81
62.93,110.03,17-36-14-847,92.70,55.38
62.70,107.77,17-36-14-948,92.18,49.43
62.56,104.61,17-36-15-050,91.09,41.10
62.61,102.55,17-36-15-167,90.77,36.08
62.58,105.27,17-36-15-262,92.25,43.00
62.26,111.23,17-36-15-365,92.05,59.95
62.28,111.18,17-36-15-463,91.46,59.45
65.25,110.12,17-36-15-562,97.80,56.14
65.73,99.32,17-36-15-666,100.62,27.54
66.20,91.39,17-36-15-763,122.59,12.15
66.55,81.25,17-36-15-880,116.52,-7.76
66.32,66.17,17-36-15-979,85.85,-36.92
66.06,59.95,17-36-16-097,80.84,-50.72
65.36,54.81,17-36-16-194,74.97,-61.08
65.00,54.31,17-36-16-297,72.60,-60.15
64.41,51.08,17-36-16-396,68.16,-64.61
64.31,48.64,17-36-16-498,64.56,-68.27
64.53,50.75,17-36-16-600,64.93,-60.56
64.81,56.02,17-36-16-697,65.81,-45.45
64.59,66.10,17-36-16-811,68.99,-27.87
64.93,77.74,17-36-16-913,63.06,-4.32
65.06,85.33,17-36-17-014,109.78,-8.68
64.58,93.33,17-36-17-115,104.41,23.32
63.05,98.76,17-36-17-213,96.77,33.83
62.46,104.89,17-36-17-330,93.99,46.39
61.68,108.76,17-36-17-428,92.29,55.71
61.13,112.58,17-36-17-528,91.06,66.54
60.96,107.61,17-36-17-633,88.79,48.17
60.87,103.72,17-36-17-745,86.25,37.05
60.87,103.56,17-36-17-847,86.50,36.52
60.17,108.54,17-36-17-946,88.06,50.04
59.73,110.99,17-36-18-053,88.70,58.73
59.88,110.00,17-36-18-160,88.67,55.74
60.06,107.78,17-36-18-268,87.88,49.74
62.14,99.20,17-36-18-365,89.93,29.66
62.85,85.85,17-36-18-480,60.58,-3.58
63.16,76.76,17-36-18-579,66.45,-14.30
62.74,67.77,17-36-18-678,74.87,-33.64
62.48,63.59,17-36-18-780,75.39,-42.69
62.25,59.29,17-36-18-886,75.14,-52.88
61.82,56.02,17-36-18-980,74.41,-61.97
61.77,50.64,17-36-19-080,70.06,-74.78
62.01,50.19,17-36-19-196,68.50,-71.77
62.13,55.64,17-36-19-296,69.18,-53.78
62.23,59.23,17-36-19-395,71.72,-47.53
62.53,69.21,17-36-19-497,74.13,-27.03
65.11,82.85,17-36-19-598,172.84,-1.94
64.98,88.68,17-36-19-696,121.56,-13.73
64.90,94.31,17-36-19-796,111.42,25.03
64.32,101.26,17-36-19-899,102.94,39.89
63.93,101.94,17-36-19-996,99.90,40.65
63.74,102.69,17-36-20-094,97.64,41.63
63.62,106.09,17-36-20-200,97.45,49.86
63.55,106.48,17-36-20-299,97.46,50.71
63.62,108.52,17-36-20-415,98.14,56.93
63.58,108.75,17-36-20-514,98.31,57.21
63.32,107.99,17-36-20-614,98.26,54.44
63.20,107.63,17-36-20-715,98.13,53.11
62.14,105.90,17-36-20-813,95.61,48.02
62.51,101.49,17-36-20-928,95.82,36.51
62.87,96.42,17-36-21-030,95.74,25.16
62.98,91.73,17-36-21-128,99.72,15.33
63.77,85.99,17-36-21-227,113.65,-3.35
64.60,79.96,17-36-21-331,111.03,-12.28
64.81,71.54,17-36-21-430,95.96,-30.62
64.96,65.83,17-36-21-532,91.08,-42.21
65.17,60.36,17-36-21-653,86.50,-54.31
65.50,57.37,17-36-21-751,84.43,-61.64
66.15,54.62,17-36-21-864,82.23,-67.76
66.56,54.25,17-36-21-967,81.24,-67.77
67.28,57.53,17-36-22-084,83.38,-56.20
67.25,59.87,17-36-22-181,84.90,-50.44
67.38,72.72,17-36-22-276,97.94,-24.30
67.40,78.26,17-36-22-381,111.16,-14.57
66.23,89.37,17-36-22-490,137.87,-8.61
65.77,96.76,17-36-22-594,109.04,24.56
65.54,101.91,17-36-22-695,102.17,36.15
64.56,105.48,17-36-22-797,98.09,44.92
64.33,106.88,17-36-22-895,97.03,48.63
64.13,108.91,17-36-23-007,97.06,54.75
63.99,111.14,17-36-23-112,97.15,62.71
63.78,109.40,17-36-23-212,96.10,55.99
63.58,105.92,17-36-23-310,95.59,45.76
63.46,105.23,17-36-23-413,95.69,44.02
63.45,109.49,17-36-23-510,96.87,57.59
63.42,109.93,17-36-23-614,96.94,59.51
63.43,108.20,17-36-23-713,97.16,54.34
64.13,102.40,17-36-23-845,99.26,38.84
65.11,91.76,17-36-23-945,108.66,17.29
66.75,85.47,17-36-24-045,147.58,-7.37
68.06,77.23,17-36-24-144,116.39,-9.49
68.12,68.95,17-36-24-247,93.54,-26.04
67.68,63.36,17-36-24-345,86.78,-37.73
66.64,60.00,17-36-24-448,81.47,-45.30
66.20,56.68,17-36-24-544,78.34,-53.80
66.15,53.54,17-36-24-644,76.40,-62.58
66.05,52.92,17-36-24-754,75.00,-62.83
65.98,52.66,17-36-24-864,74.42,-63.21
65.84,54.20,17-36-24-978,74.63,-58.43
64.83,56.44,17-36-25-082,76.07,-55.23
63.82,66.62,17-36-25-198,77.55,-32.85
64.17,83.30,17-36-25-295,158.72,-1.60
63.81,89.08,17-36-25-394,111.17,-12.72
62.00,96.34,17-36-25-495,96.42,27.46
61.23,97.16,17-36-25-595,92.54,28.55
60.76,106.29,17-36-25-696,93.75,50.42
60.61,109.92,17-36-25-797,93.50,61.22
60.50,111.46,17-36-25-925,92.97,66.30
59.89,112.03,17-36-26-028,92.00,68.26
59.19,111.93,17-36-26-131,90.72,67.07
59.33,109.92,17-36-26-226,90.20,58.51
59.38,108.57,17-36-26-331,89.71,53.82
60.65,108.00,17-36-26-434,92.49,52.39
61.64,99.87,17-36-26-526,92.24,31.91
62.86,90.17,17-36-26-629,95.00,13.43
64.73,85.78,17-36-26-729,123.88,-7.63
64.75,78.59,17-36-26-843,90.16,-7.35
64.57,68.48,17-36-26-954,79.61,-29.16
64.31,62.61,17-36-27-066,78.77,-43.02
63.85,55.93,17-36-27-162,76.49,-60.15
63.54,52.83,17-36-27-263,73.68,-67.56
63.43,53.59,17-36-27-363,72.32,-61.87
63.02,58.37,17-36-27-460,72.20,-48.03
62.43,62.87,17-36-27-561,72.37,-38.01
61.65,65.02,17-36-27-661,70.58,-33.93
62.00,78.25,17-36-27-762,55.31,-6.03
62.45,86.02,17-36-27-878,99.10,-8.83
62.53,90.34,17-36-27-981,101.41,17.68
62.25,96.00,17-36-28-097,100.61,29.56
61.67,102.93,17-36-28-195,97.86,45.99
61.34,106.28,17-36-28-302,96.26,54.68
61.20,107.30,17-36-28-393,95.47,56.80
61.08,106.68,17-36-28-496,94.34,53.48
60.94,103.92,17-36-28-614,92.83,44.61
60.74,102.50,17-36-28-715,91.55,40.37
60.32,102.91,17-36-28-831,90.74,41.17
60.21,104.93,17-36-28-930,91.78,46.82
60.14,105.79,17-36-29-028,93.01,50.29
60.52,104.78,17-36-29-132,96.30,51.17
62.24,98.01,17-36-29-230,98.19,33.62
62.75,94.60,17-36-29-332,99.00,27.14
63.00,91.57,17-36-29-431,98.61,21.70
65.05,80.92,17-36-29-546,121.86,-0.41
66.43,64.65,17-36-29-646,82.04,-33.98
66.54,58.65,17-36-29-745,80.34,-47.87
66.36,56.67,17-36-29-849,78.79,-52.26
66.39,50.56,17-36-29-963,74.53,-67.75
66.42,49.59,17-36-30-064,73.00,-68.75
66.93,49.81,17-36-30-162,73.04,-66.43
67.31,51.32,17-36-30-267,73.85,-61.01
67.53,56.38,17-36-30-366,76.80,-47.48
67.44,58.13,17-36-30-482,78.44,-45.28
67.85,74.61,17-36-30-577,104.49,-10.79
68.09,84.43,17-36-30-677,155.87,-7.95
66.21,89.87,17-36-30-776,122.27,-17.77
64.42,98.56,17-36-30-886,106.20,34.95
62.40,103.33,17-36-30-979,97.94,44.68
61.93,105.17,17-36-31-076,95.59,47.76
61.69,105.56,17-36-31-191,94.55,47.95
61.69,107.77,17-36-31-298,94.71,53.94
61.79,108.02,17-36-31-397,94.82,54.30
61.69,107.00,17-36-31-496,94.84,51.19
61.74,105.20,17-36-31-595,94.61,45.76
62.37,108.88,17-36-31-693,96.44,56.93
61.83,107.46,17-36-31-796,95.05,52.44
61.49,105.18,17-36-31-896,93.59,46.22
61.69,94.41,17-36-31-994,89.26,20.69
63.35,88.10,17-36-32-094,111.50,-7.90
63.78,81.48,17-36-32-199,104.67,-2.59
63.90,68.94,17-36-32-295,80.85,-28.81
63.14,59.78,17-36-32-394,75.63,-48.21
62.04,54.06,17-36-32-499,70.01,-60.76
61.76,50.93,17-36-32-611,66.59,-66.58
61.94,50.02,17-36-32-721,64.92,-66.19
62.36,50.32,17-36-32-827,64.98,-63.66
62.61,52.75,17-36-32-940,66.43,-57.25
62.76,53.23,17-36-33-046,67.33,-56.79
62.89,57.39,17-36-33-149,68.18,-46.09
63.51,62.09,17-36-33-248,73.38,-38.44
64.89,81.96,17-36-33-369,165.47,-3.68
66.01,87.68,17-36-33-463,137.83,-14.16
65.52,95.17,17-36-33-566,117.18,27.45
65.38,97.39,17-36-33-665,111.55,30.97
64.73,104.85,17-36-33-763,103.92,48.55
64.31,105.63,17-36-33-860,102.53,50.65
64.76,105.68,17-36-33-965,103.42,51.39
64.00,109.80,17-36-34-075,101.23,65.30
62.77,111.10,17-36-34-186,98.97,70.93
62.07,110.99,17-36-34-296,98.13,70.99
61.78,109.28,17-36-34-397,97.55,62.36
61.38,110.61,17-36-34-495,96.55,67.47
61.23,112.51,17-36-34-595,95.57,76.33
61.23,111.71,17-36-34-708,95.06,70.77
61.25,109.39,17-36-34-811,94.71,60.90
61.37,105.66,17-36-34-911,93.04,48.24
63.22,97.09,17-36-35-010,96.08,27.84
64.39,82.73,17-36-35-114,84.28,-2.15
64.61,69.23,17-36-35-210,71.40,-23.98
64.47,59.33,17-36-35-311,71.64,-45.17
63.96,54.35,17-36-35-413,71.10,-58.55
62.39,49.38,17-36-35-522,67.26,-75.30
62.37,48.89,17-36-35-609,66.20,-74.34
62.42,49.80,17-36-35-715,66.03,-70.24
62.49,54.44,17-36-35-835,66.99,-54.19
62.69,59.66,17-36-35-932,70.66,-44.15
63.38,64.07,17-36-36-045,75.74,-38.17
64.06,71.33,17-36-36-144,82.54,-26.77
65.51,83.23,17-36-36-244,137.38,-2.84
65.29,92.14,17-36-36-355,115.89,14.78
64.49,97.91,17-36-36-444,106.12,25.81
62.97,105.05,17-36-36-545,95.93,41.44
62.86,108.99,17-36-36-647,94.01,51.37
62.70,113.78,17-36-36-760,92.39,66.79
62.37,114.13,17-36-36-866,90.85,67.58
62.91,107.00,17-36-36-982,90.75,43.57
62.60,108.26,17-36-37-076,91.45,48.07
62.07,108.56,17-36-37-180,90.58,49.92
61.16,108.07,17-36-37-283,89.51,49.51
58.27,109.27,17-36-37-383,84.21,53.57
51.19,107.69,17-36-37-476,72.04,50.36
44.50,106.81,17-36-37-581,63.83,49.64
