16.86,83.21,17-02-18-409,9.81,-1.55
16.85,83.18,17-02-18-511,9.78,-1.60
16.99,83.10,17-02-18-627,9.86,-1.64
17.14,83.08,17-02-18-734,9.93,-1.64
17.07,83.11,17-02-18-842,10.00,-1.59
16.89,83.17,17-02-18-940,10.13,-1.49
16.82,83.20,17-02-19-047,10.19,-1.45
16.79,83.22,17-02-19-141,10.22,-1.42
16.72,83.23,17-02-19-237,10.17,-1.44
16.59,83.24,17-02-19-342,10.08,-1.48
16.52,83.30,17-02-19-443,10.08,-1.43
16.51,83.39,17-02-19-554,10.13,-1.31
16.48,83.40,17-02-19-656,10.11,-1.31
16.47,83.38,17-02-19-760,10.15,-1.30
16.43,83.37,17-02-19-853,10.15,-1.30
16.11,83.31,17-02-19-958,10.17,-1.34
15.60,83.33,17-02-20-063,10.21,-1.27
15.31,83.37,17-02-20-155,10.15,-1.24
14.85,83.40,17-02-20-254,10.15,-1.20
14.47,83.45,17-02-20-357,10.16,-1.13
13.28,83.65,17-02-20-461,10.25,-0.87
12.36,83.66,17-02-20-558,10.38,-0.78
12.00,83.69,17-02-20-657,10.49,-0.68
11.96,83.67,17-02-20-775,10.73,-0.57
11.78,83.54,17-02-20-878,10.93,-0.57
10.95,83.51,17-02-20-974,11.25,-0.47
10.98,83.39,17-02-21-071,11.80,-0.31
11.08,83.40,17-02-21-172,12.12,-0.15
12.25,83.37,17-02-21-278,12.05,-0.24
13.10,83.16,17-02-21-392,12.04,-0.48
13.67,82.88,17-02-21-491,12.24,-0.67
13.69,82.68,17-02-21-588,12.52,-0.72
13.67,82.71,17-02-21-697,12.75,-0.56
13.62,82.87,17-02-21-800,12.79,-0.38
13.59,82.97,17-02-21-904,12.82,-0.27
13.58,83.03,17-02-22-009,12.67,-0.29
13.54,83.07,17-02-22-107,12.48,-0.35
13.57,83.11,17-02-22-209,11.71,-0.70
13.63,83.13,17-02-22-316,10.72,-1.19
12.15,83.08,17-02-22-426,9.23,-2.03
12.97,82.87,17-02-22-531,8.10,-2.85
13.78,81.59,17-02-22-641,5.35,-5.55
23.11,80.64,17-02-22-746,1.60,-8.30
40.60,77.38,17-02-22-852,4.10,-13.25
46.64,74.93,17-02-22-959,6.85,-16.58
69.70,70.72,17-02-23-072,47.08,-18.14
70.47,69.61,17-02-23-177,43.24,-18.18
88.45,69.16,17-02-23-296,101.51,-19.59
119.53,68.05,17-02-23-390,37.67,-18.36
126.68,68.19,17-02-23-490,28.22,-16.99
133.30,68.32,17-02-23-591,20.22,-16.09
153.32,69.98,17-02-23-686,12.04,-16.12
162.75,74.33,17-02-23-791,9.97,-11.25
162.75,77.81,17-02-23-888,10.28,-7.37
162.75,81.90,17-02-23-989,8.73,-2.75
162.75,85.43,17-02-24-089,10.89,-1.83
164.08,87.52,17-02-24-189,13.17,-4.41
153.52,87.54,17-02-24-297,15.70,-5.15
151.73,87.34,17-02-24-396,16.03,-5.02
151.66,87.52,17-02-24-506,16.96,-5.64
151.93,86.88,17-02-24-604,15.47,-4.34
161.92,86.82,17-02-24-704,13.14,-3.58
165.69,87.01,17-02-24-807,13.41,-4.06
163.24,87.16,17-02-24-901,13.55,-4.22
163.53,87.17,17-02-25-007,13.48,-4.21
171.11,86.86,17-02-25-105,12.58,-3.56
171.11,86.78,17-02-25-202,11.72,-3.37
171.11,84.12,17-02-25-286,10.86,-0.19
140.40,78.12,17-02-25-399,15.16,-7.27
97.44,78.17,17-02-25-508,119.48,-11.36
83.77,75.89,17-02-25-618,115.10,-16.47
65.76,77.24,17-02-25-723,23.66,-14.11
46.46,77.86,17-02-25-827,6.63,-14.36
37.26,79.13,17-02-25-919,5.98,-13.59
23.18,80.31,17-02-26-026,1.56,-11.10
22.36,81.88,17-02-26-126,1.26,-9.14
16.61,82.41,17-02-26-235,1.94,-9.03
19.36,83.07,17-02-26-323,3.28,-8.87
18.17,82.86,17-02-26-429,3.40,-9.14
18.93,82.76,17-02-26-525,2.73,-8.94
19.90,82.87,17-02-26-631,2.08,-8.46
21.54,83.61,17-02-26-746,1.67,-7.37
21.88,84.24,17-02-26-844,0.55,-6.15
24.00,84.35,17-02-26-961,1.68,-4.97
27.50,84.91,17-02-27-062,3.23,-3.66
30.62,84.92,17-02-27-173,2.81,-3.84
46.04,84.70,17-02-27-275,0.36,-4.54
58.74,84.53,17-02-27-373,9.25,-6.06
68.39,83.54,17-02-27-490,91.75,-4.98
86.69,79.97,17-02-27-591,144.85,-8.79
105.65,77.04,17-02-27-713,109.94,-11.88
124.20,74.03,17-02-27-802,36.05,-12.92
125.17,73.54,17-02-27-902,36.11,-12.27
141.36,71.59,17-02-28-004,14.56,-13.74
151.06,71.51,17-02-28-106,12.52,-13.84
156.93,74.27,17-02-28-208,11.38,-10.47
172.13,76.39,17-02-28-309,11.95,-7.70
172.13,79.60,17-02-28-427,7.49,-6.58
174.36,82.82,17-02-28-525,9.47,-2.10
168.27,86.20,17-02-28-638,11.20,-2.19
158.14,87.12,17-02-28-739,14.04,-4.21
157.31,87.18,17-02-28-837,14.86,-4.64
156.32,86.80,17-02-28-942,15.17,-4.37
157.83,86.69,17-02-29-042,14.75,-4.16
165.70,86.91,17-02-29-141,13.23,-3.88
163.08,85.91,17-02-29-242,12.95,-2.64
164.25,85.96,17-02-29-360,13.29,-2.94
164.24,86.01,17-02-29-456,13.60,-3.14
168.15,85.95,17-02-29-558,13.32,-2.97
167.19,85.73,17-02-29-656,13.36,-2.72
137.17,81.18,17-02-29-760,17.08,-3.80
103.88,80.39,17-02-29-872,115.98,-6.92
93.86,79.12,17-02-29-970,129.62,-9.75
75.30,79.83,17-02-30-076,69.71,-7.30
68.34,79.19,17-02-30-171,7.36,-8.33
45.07,81.89,17-02-30-272,0.21,-7.69
28.39,82.82,17-02-30-385,0.17,-7.23
28.86,83.72,17-02-30-504,2.40,-5.38
25.11,84.14,17-02-30-617,0.83,-6.36
23.56,84.18,17-02-30-720,0.07,-6.01
23.54,84.04,17-02-30-818,0.35,-6.32
24.53,83.95,17-02-30-927,0.71,-6.63
21.55,83.38,17-02-31-040,1.04,-7.43
21.54,83.30,17-02-31-140,1.27,-7.59
24.48,83.48,17-02-31-236,0.70,-7.03
25.95,83.64,17-02-31-341,0.42,-6.68
26.75,83.79,17-02-31-439,0.19,-6.37
29.55,83.57,17-02-31-543,0.03,-6.54
26.22,82.55,17-02-31-638,2.18,-8.77
42.25,82.07,17-02-31-739,7.94,-9.94
76.35,80.58,17-02-31-862,151.56,-2.44
89.12,77.15,17-02-31-975,132.87,-8.09
126.65,74.68,17-02-32-108,35.04,-8.90
139.92,74.78,17-02-32-207,24.80,-7.34
132.18,75.08,17-02-32-322,31.12,-7.18
151.06,75.20,17-02-32-422,20.18,-7.74
160.72,75.22,17-02-32-529,17.10,-8.35
154.58,77.76,17-02-32-622,15.60,-5.66
154.43,79.18,17-02-32-723,16.20,-3.44
155.57,80.54,17-02-32-821,13.52,-3.20
149.79,82.82,17-02-32-926,17.78,-0.88
151.93,84.27,17-02-33-048,18.83,-3.01
150.40,84.15,17-02-33-157,20.37,-3.33
151.33,83.98,17-02-33-269,20.35,-3.12
154.31,83.81,17-02-33-374,19.30,-2.58
161.79,83.62,17-02-33-491,17.86,-2.08
168.98,83.30,17-02-33-587,16.95,-1.67
171.45,83.61,17-02-33-688,16.83,-2.15
169.11,83.42,17-02-33-792,16.77,-1.70
168.65,83.35,17-02-33-895,16.44,-1.42
169.50,83.16,17-02-33-988,16.28,-1.21
169.48,82.43,17-02-34-093,16.03,-0.38
147.83,80.15,17-02-34-210,16.53,-3.62
128.01,79.90,17-02-34-307,29.64,-3.59
83.41,79.75,17-02-34-414,140.79,-6.55
68.62,80.45,17-02-34-530,14.29,-6.57
50.01,81.51,17-02-34-641,1.43,-8.23
35.95,82.19,17-02-34-736,3.18,-8.92
26.85,80.33,17-02-34-846,2.07,-11.01
24.25,81.29,17-02-34-953,1.63,-10.03
23.48,81.70,17-02-35-059,1.89,-9.84
22.93,81.88,17-02-35-169,1.16,-9.27
24.46,82.05,17-02-35-268,0.72,-8.80
25.43,82.10,17-02-35-373,0.80,-8.67
26.01,81.91,17-02-35-470,0.90,-8.83
26.28,81.44,17-02-35-579,0.83,-9.26
26.40,81.42,17-02-35-687,1.86,-9.80
26.34,80.25,17-02-35-786,3.89,-12.11
33.57,75.05,17-02-35-887,14.73,-22.78
48.34,71.75,17-02-35-987,26.65,-27.44
74.77,69.26,17-02-36-094,78.46,-22.48
89.01,69.30,17-02-36-204,93.71,-20.53
105.14,69.65,17-02-36-308,69.13,-19.19
132.92,69.40,17-02-36-406,23.11,-17.23
140.53,69.98,17-02-36-512,18.08,-16.63
150.73,72.26,17-02-36-624,12.62,-13.43
156.32,69.49,17-02-36-723,21.92,-18.48
166.43,72.52,17-02-36-830,11.99,-13.99
153.04,77.40,17-02-36-941,10.29,-8.42
159.44,80.71,17-02-37-043,6.06,-6.69
149.94,80.12,17-02-37-155,1.89,-12.82
150.19,81.46,17-02-37-260,3.92,-7.24
149.01,82.09,17-02-37-372,7.14,-4.79
150.10,82.48,17-02-37-484,9.33,-3.15
154.05,82.40,17-02-37-593,10.12,-2.62
159.67,82.86,17-02-37-691,10.84,-1.75
164.47,82.78,17-02-37-787,10.86,-1.82
168.23,82.57,17-02-37-886,9.93,-2.12
169.37,82.86,17-02-37-989,10.64,-1.52
162.53,82.55,17-02-38-088,10.92,-2.04
162.03,82.39,17-02-38-189,10.98,-2.33
161.38,82.01,17-02-38-298,10.77,-2.78
142.98,78.69,17-02-38-411,14.27,-7.04
105.08,80.49,17-02-38-510,118.62,-8.85
76.82,81.91,17-02-38-622,127.36,-7.64
63.58,81.28,17-02-38-721,13.80,-9.63
39.16,81.65,17-02-38-821,6.26,-10.77
27.73,82.28,17-02-38-924,7.57,-11.50
25.08,82.78,17-02-39-019,5.67,-10.47
18.38,82.69,17-02-39-124,4.57,-10.22
25.14,82.87,17-02-39-224,3.64,-9.33
25.76,83.01,17-02-39-337,1.94,-8.32
24.79,83.10,17-02-39-437,1.67,-8.09
23.66,83.00,17-02-39-537,1.76,-8.25
23.65,82.93,17-02-39-634,1.71,-8.31
23.41,82.83,17-02-39-738,1.51,-8.33
24.81,82.71,17-02-39-839,1.69,-8.52
24.13,82.44,17-02-39-937,2.12,-8.99
24.68,82.16,17-02-40-045,2.06,-9.35
24.79,79.17,17-02-40-140,7.89,-15.78
49.85,76.69,17-02-40-241,21.46,-20.01
63.92,74.34,17-02-40-342,25.30,-18.39
83.23,72.93,17-02-40-440,102.32,-17.18
107.87,72.27,17-02-40-557,60.72,-16.15
125.07,70.49,17-02-40-658,27.66,-18.45
143.96,70.41,17-02-40-770,9.46,-17.98
150.20,69.31,17-02-40-877,6.89,-18.54
127.97,72.54,17-02-40-973,33.00,-11.64
153.81,71.66,17-02-41-086,15.91,-12.58
154.48,72.93,17-02-41-195,13.33,-11.71
152.23,75.04,17-02-41-307,14.56,-8.64
152.31,76.68,17-02-41-407,15.59,-6.17
150.91,78.69,17-02-41-530,17.13,-3.26
149.77,79.61,17-02-41-625,17.68,-2.25
149.56,79.88,17-02-41-740,17.38,-2.14
149.12,80.00,17-02-41-839,17.16,-2.18
149.90,80.28,17-02-41-937,16.34,-2.20
153.14,80.14,17-02-42-042,14.81,-2.87
158.21,79.80,17-02-42-140,11.10,-4.89
171.72,79.51,17-02-42-236,8.47,-6.18
164.23,79.52,17-02-42-344,9.03,-5.87
167.27,78.73,17-02-42-442,10.79,-5.84
163.95,78.00,17-02-42-541,12.28,-6.02
162.69,77.69,17-02-42-648,13.00,-6.08
145.83,76.84,17-02-42-767,16.29,-6.91
146.25,76.89,17-02-42-875,17.46,-6.05
105.42,78.63,17-02-42-990,94.62,-7.17
83.93,79.40,17-02-43-090,129.59,-6.78
60.63,81.43,17-02-43-191,5.00,-5.68
49.04,83.23,17-02-43-293,3.17,-5.36
31.45,86.04,17-02-43-390,0.53,-4.27
32.85,86.86,17-02-43-493,2.28,-4.21
33.12,87.28,17-02-43-591,3.02,-4.10
30.78,87.39,17-02-43-685,2.98,-4.00
30.07,87.29,17-02-43-772,3.37,-4.26
24.97,87.11,17-02-43-873,3.54,-4.61
18.69,86.50,17-02-43-997,3.41,-5.38
17.26,84.46,17-02-44-105,1.75,-6.70
16.60,83.33,17-02-44-223,2.30,-8.07
17.31,83.10,17-02-44-325,2.91,-8.57
17.58,83.23,17-02-44-440,2.98,-8.48
19.52,83.41,17-02-44-544,3.11,-8.31
19.95,83.54,17-02-44-637,2.97,-8.11
20.14,83.65,17-02-44-738,2.98,-8.00
20.35,83.70,17-02-44-839,3.00,-7.96
20.78,83.73,17-02-44-936,3.08,-7.95
20.95,83.72,17-02-45-038,3.08,-7.96
20.66,83.72,17-02-45-146,3.14,-8.00
20.61,83.65,17-02-45-254,3.23,-8.10
20.71,83.62,17-02-45-356,3.28,-8.16
20.76,83.57,17-02-45-459,3.31,-8.22
20.76,83.53,17-02-45-570,3.43,-8.31
19.68,83.53,17-02-45-676,3.31,-8.28
20.02,83.37,17-02-45-796,3.17,-8.36
19.58,83.09,17-02-45-899,3.15,-8.60
22.31,82.77,17-02-46-004,3.26,-8.96
49.32,80.39,17-02-46-111,13.93,-13.13
72.76,78.62,17-02-46-211,105.26,-6.88
100.99,75.65,17-02-46-325,104.30,-10.13
138.06,73.63,17-02-46-419,13.22,-12.06
149.87,73.39,17-02-46-529,9.57,-12.41
160.64,73.68,17-02-46-624,9.34,-12.93
170.17,77.73,17-02-46-726,12.41,-6.72
154.75,79.23,17-02-46-819,15.00,-4.05
159.53,80.00,17-02-46-928,10.70,-5.37
159.47,80.98,17-02-47-029,9.86,-3.68
157.40,80.85,17-02-47-123,11.06,-3.27
156.18,81.56,17-02-47-227,11.38,-2.53
154.47,81.90,17-02-47-320,12.71,-1.89
154.34,82.32,17-02-47-427,13.75,-1.10
160.47,83.27,17-02-47-526,14.17,-0.45
163.98,83.34,17-02-47-625,13.46,-0.29
173.69,82.96,17-02-47-743,12.26,-0.46
165.25,82.71,17-02-47-838,12.56,-0.89
165.42,82.30,17-02-47-942,12.09,-1.57
163.50,81.61,17-02-48-039,12.06,-2.43
154.70,79.79,17-02-48-140,13.48,-4.60
142.35,78.34,17-02-48-253,15.80,-6.68
109.38,79.76,17-02-48-354,66.55,-7.67
87.98,77.86,17-02-48-472,123.83,-11.34
72.30,78.11,17-02-48-570,49.94,-10.27
55.37,78.92,17-02-48-671,0.09,-9.95
42.16,79.73,17-02-48-774,0.84,-10.29
27.26,80.10,17-02-48-870,3.78,-12.02
13.61,81.10,17-02-48-973,5.22,-12.12
17.28,81.40,17-02-49-072,3.89,-11.21
21.39,81.48,17-02-49-168,2.11,-10.17
21.17,81.97,17-02-49-258,1.83,-9.37
21.06,82.12,17-02-49-358,2.03,-9.22
22.47,82.21,17-02-49-480,2.48,-9.28
22.30,82.13,17-02-49-586,2.75,-9.50
22.24,82.20,17-02-49-691,3.05,-9.55
25.20,82.22,17-02-49-786,3.48,-9.77
27.72,80.10,17-02-49-897,6.46,-13.48
36.94,78.55,17-02-49-988,13.41,-16.79
59.23,75.97,17-02-50-087,29.44,-18.08
79.14,74.70,17-02-50-190,104.72,-17.25
94.99,73.21,17-02-50-302,108.42,-17.51
128.93,71.13,17-02-50-406,21.22,-15.95
145.01,70.73,17-02-50-516,9.37,-16.28
152.39,72.64,17-02-50-618,7.96,-13.61
155.84,75.58,17-02-50-708,12.62,-9.21
160.42,77.82,17-02-50-806,12.66,-6.27
156.30,79.54,17-02-50-905,12.08,-4.83
157.39,80.33,17-02-51-010,11.93,-4.03
153.16,81.36,17-02-51-123,8.97,-4.15
152.68,81.40,17-02-51-220,9.35,-4.09
150.83,82.10,17-02-51-323,10.07,-3.11
153.87,82.63,17-02-51-436,9.88,-2.29
151.67,83.10,17-02-51-538,10.39,-1.77
160.12,83.27,17-02-51-656,9.25,-1.74
165.27,83.47,17-02-51-760,8.92,-1.68
165.27,83.12,17-02-51-879,8.90,-2.21
165.55,83.05,17-02-51-972,9.57,-1.98
157.84,80.86,17-02-52-074,13.82,-3.48
137.51,73.40,17-02-52-175,17.08,-12.96
105.83,71.75,17-02-52-285,72.93,-19.37
91.13,69.81,17-02-52-371,84.36,-24.06
71.48,70.57,17-02-52-479,42.20,-22.10
49.39,72.87,17-02-52-589,10.22,-19.47
36.21,75.33,17-02-52-690,7.27,-18.34
38.10,76.14,17-02-52-787,8.31,-17.76
38.86,76.47,17-02-52-888,10.03,-17.80
39.26,76.53,17-02-52-988,11.95,-18.22
25.69,77.10,17-02-53-111,8.68,-17.88
27.59,79.52,17-02-53-207,3.49,-12.90
24.22,80.53,17-02-53-322,1.68,-10.95
23.64,80.86,17-02-53-424,0.84,-10.11
23.52,81.17,17-02-53-527,0.49,-9.55
24.71,81.40,17-02-53-622,0.67,-9.32
24.19,81.54,17-02-53-721,0.11,-8.85
24.44,81.59,17-02-53-818,0.13,-8.67
24.26,81.62,17-02-53-922,0.20,-8.61
23.97,81.62,17-02-54-022,0.09,-8.67
23.80,81.62,17-02-54-119,0.02,-8.71
23.64,81.63,17-02-54-224,0.13,-8.76
23.34,81.63,17-02-54-338,0.28,-8.82
23.24,81.62,17-02-54-439,0.41,-8.89
23.28,81.65,17-02-54-543,0.49,-8.95
23.81,81.83,17-02-54-637,0.73,-8.83
23.50,78.73,17-02-54-751,6.53,-15.07
48.65,75.54,17-02-54-841,15.26,-18.91
73.70,74.31,17-02-54-939,78.70,-15.46
93.82,72.39,17-02-55-055,106.58,-16.47
138.97,70.19,17-02-55-159,9.87,-17.43
153.83,70.07,17-02-55-274,7.35,-17.05
156.09,73.34,17-02-55-373,11.04,-12.67
163.08,76.36,17-02-55-472,14.38,-7.55
155.98,78.54,17-02-55-574,14.07,-5.03
159.98,80.13,17-02-55-671,12.06,-3.50
156.81,81.03,17-02-55-775,14.15,-2.04
155.08,81.09,17-02-55-876,14.76,-1.75
156.34,81.19,17-02-55-995,14.54,-1.73
153.77,81.10,17-02-56-099,15.06,-1.77
155.63,81.16,17-02-56-208,16.23,-1.09
165.55,81.52,17-02-56-302,12.16,-2.01
169.94,81.24,17-02-56-404,11.74,-2.42
173.66,80.91,17-02-56-506,11.73,-2.82
171.43,80.73,17-02-56-603,11.31,-3.12
162.20,80.06,17-02-56-708,11.85,-3.26
109.18,81.90,17-02-56-803,126.36,-13.03
125.52,77.64,17-02-56-907,42.82,-1.67
104.14,79.60,17-02-57-009,88.36,-2.64
83.30,80.96,17-02-57-107,149.26,-4.21
74.15,82.06,17-02-57-212,127.60,-3.11
56.82,83.70,17-02-57-307,5.02,-4.24
36.20,85.74,17-02-57-420,2.63,-3.13
34.79,85.65,17-02-57-520,2.85,-3.13
34.53,86.17,17-02-57-622,0.66,-3.59
35.53,85.91,17-02-57-721,0.71,-4.41
34.84,85.70,17-02-57-830,1.28,-4.85
23.14,84.77,17-02-57-938,0.82,-5.86
23.26,84.17,17-02-58-043,3.90,-8.00
22.09,83.53,17-02-58-175,2.98,-8.30
20.68,83.03,17-02-58-269,3.10,-8.88
22.05,82.87,17-02-58-369,2.71,-8.84
21.78,82.88,17-02-58-482,2.37,-8.67
27.62,82.85,17-02-58-606,1.85,-8.40
30.48,80.82,17-02-58-705,5.68,-12.23
44.33,79.74,17-02-58-805,12.21,-13.59
70.03,78.63,17-02-58-908,71.09,-12.27
81.06,77.10,17-02-59-005,121.26,-12.29
96.68,76.39,17-02-59-114,120.65,-12.20
134.80,74.17,17-02-59-215,19.31,-11.27
145.27,73.84,17-02-59-318,13.17,-11.37
155.13,73.63,17-02-59-421,11.98,-11.92
155.37,74.20,17-02-59-529,11.07,-11.71
161.88,76.70,17-02-59-637,13.63,-7.54
171.53,79.77,17-02-59-741,13.88,-3.42
171.53,81.60,17-02-59-861,11.48,-1.60
160.85,83.79,17-02-59-971,14.40,-1.38
151.91,84.37,17-03-00-081,14.39,-1.45
150.67,84.02,17-03-00-191,12.80,-0.38
149.46,83.95,17-03-00-306,12.50,-0.04
151.88,84.43,17-03-00-414,12.26,-0.63
156.20,84.00,17-03-00-528,10.27,-0.63
162.09,83.83,17-03-00-622,8.98,-1.37
167.64,83.85,17-03-00-721,8.96,-1.42
168.44,84.11,17-03-00-831,8.76,-1.39
73.73,103.53,17-03-00-946,7.49,5.89
118.71,66.87,17-03-01-045,9.10,-42.93
120.52,72.89,17-03-01-138,29.40,-17.20
88.16,80.22,17-03-01-240,140.47,-10.77
70.53,88.68,17-03-01-342,105.57,-9.68
18.98,91.48,17-03-01-458,16.00,6.72
37.75,84.73,17-03-01-559,10.55,-9.88
26.73,83.54,17-03-01-659,7.33,-10.25
27.29,85.16,17-03-01-759,6.48,-8.05
23.75,84.97,17-03-01-860,4.62,-7.56
22.07,83.23,17-03-01-971,4.87,-9.42
21.42,82.29,17-03-02-070,5.29,-10.60
22.75,82.14,17-03-02-170,5.05,-10.58
24.19,82.00,17-03-02-271,4.57,-10.44
24.04,81.80,17-03-02-373,4.24,-10.47
24.19,81.74,17-03-02-497,5.43,-11.06
26.99,81.79,17-03-02-603,6.40,-11.51
27.54,80.48,17-03-02-704,10.58,-15.04
56.79,78.79,17-03-02-808,24.71,-16.53
73.54,78.06,17-03-02-920,100.92,-10.39
93.10,76.43,17-03-03-023,123.78,-12.62
99.26,75.59,17-03-03-128,110.63,-13.31
122.24,74.38,17-03-03-241,24.53,-11.27
138.96,73.62,17-03-03-340,16.54,-11.73
152.46,73.60,17-03-03-461,9.62,-12.22
157.76,77.07,17-03-03-561,15.15,-6.41
170.17,81.21,17-03-03-671,18.28,-0.15
149.92,81.09,17-03-03-769,4.56,-14.35
154.30,80.69,17-03-03-870,0.40,-9.98
155.24,80.67,17-03-03-976,0.49,-9.12
156.28,81.21,17-03-04-078,1.99,-7.86
153.87,81.40,17-03-04-189,5.74,-5.92
155.06,81.50,17-03-04-287,7.14,-5.31
157.21,82.28,17-03-04-392,6.55,-4.29
155.10,82.12,17-03-04-508,8.04,-4.06
155.70,82.59,17-03-04-603,8.35,-3.34
156.17,82.82,17-03-04-708,9.33,-2.71
156.94,83.01,17-03-04-806,10.49,-1.81
160.98,83.64,17-03-04-902,10.68,-1.02
163.42,83.88,17-03-05-011,12.01,-0.04
161.70,83.16,17-03-05-110,14.44,-0.13
141.79,81.04,17-03-05-225,19.96,-3.08
130.31,74.20,17-03-05-320,30.83,-8.89
101.16,77.81,17-03-05-422,117.13,-11.19
89.96,77.12,17-03-05-529,125.93,-13.40
71.31,79.65,17-03-05-640,87.01,-10.08
62.90,82.11,17-03-05-735,9.73,-7.91
48.39,84.05,17-03-05-840,3.03,-6.55
31.46,83.86,17-03-05-957,4.76,-8.32
30.33,83.68,17-03-06-056,5.97,-9.19
30.22,83.26,17-03-06-155,5.99,-9.64
21.50,82.66,17-03-06-256,4.26,-9.91
22.23,82.51,17-03-06-366,2.40,-9.20
20.02,82.96,17-03-06-476,2.83,-8.85
19.65,82.83,17-03-06-570,3.49,-9.26
21.61,82.46,17-03-06-675,3.79,-9.76
23.81,82.26,17-03-06-772,3.49,-9.83
27.55,81.83,17-03-06-874,3.20,-10.11
24.99,80.33,17-03-06-977,5.27,-13.02
41.18,78.60,17-03-07-071,15.18,-16.38
57.96,76.18,17-03-07-173,21.62,-17.68
73.20,75.09,17-03-07-270,86.53,-13.69
93.45,73.70,17-03-07-369,112.41,-14.30
100.77,73.22,17-03-07-473,98.05,-14.66
100.93,73.19,17-03-07-570,95.41,-14.66
129.45,71.54,17-03-07-684,17.67,-15.33
153.99,70.83,17-03-07-787,8.04,-16.43
155.80,71.19,17-03-07-889,8.93,-16.00
156.61,73.66,17-03-07-994,11.62,-12.29
153.87,77.20,17-03-08-104,14.17,-6.26
155.67,79.73,17-03-08-198,17.61,-2.10
154.87,80.94,17-03-08-305,18.51,-0.57
153.43,82.29,17-03-08-421,19.43,-1.48
149.68,82.65,17-03-08-527,20.16,-1.88
147.80,82.82,17-03-08-637,20.56,-2.00
146.81,82.66,17-03-08-738,20.57,-1.61
146.96,82.48,17-03-08-836,19.30,-1.15
147.26,82.32,17-03-08-936,19.04,-0.88
147.39,82.20,17-03-09-044,19.01,-0.73
151.93,82.06,17-03-09-152,17.53,-0.35
158.49,82.32,17-03-09-257,14.01,-0.57
165.76,82.42,17-03-09-356,11.53,-1.34
174.78,82.87,17-03-09-466,10.43,-1.34
163.47,82.12,17-03-09-574,10.03,-2.25
141.36,78.84,17-03-09-678,14.78,-5.97
126.08,78.14,17-03-09-778,23.14,-7.68
95.47,79.06,17-03-09-904,112.96,-8.08
77.37,81.03,17-03-10-003,130.42,-5.46
65.15,82.37,17-03-10-103,3.26,-4.73
46.76,84.59,17-03-10-207,7.31,-2.60
30.70,85.36,17-03-10-325,4.12,-2.87
25.52,85.04,17-03-10-422,1.87,-4.20
25.32,84.76,17-03-10-524,1.51,-4.70
24.71,84.69,17-03-10-640,1.49,-4.78
21.87,84.83,17-03-10-740,1.53,-6.22
26.01,83.76,17-03-10-860,4.14,-8.43
25.59,82.65,17-03-10-963,5.01,-10.12
25.83,82.01,17-03-11-074,5.31,-10.95
25.62,81.99,17-03-11-173,5.10,-10.88
27.12,81.94,17-03-11-271,4.76,-10.66
24.72,81.31,17-03-11-368,4.83,-11.47
27.27,80.20,17-03-11-471,6.41,-13.31
27.21,78.85,17-03-11-570,8.51,-15.92
41.50,77.87,17-03-11-669,15.64,-17.50
56.71,74.88,17-03-11-774,23.58,-21.01
72.76,73.33,17-03-11-870,73.45,-14.50
73.62,73.00,17-03-11-969,80.97,-12.31
89.99,71.87,17-03-12-075,108.15,-13.65
126.49,70.12,17-03-12-172,31.40,-14.89
144.02,69.82,17-03-12-281,14.90,-15.32
158.48,69.98,17-03-12-370,12.65,-15.64
153.13,71.93,17-03-12-478,13.93,-12.98
154.10,73.83,17-03-12-590,15.96,-9.60
148.75,76.14,17-03-12-686,20.74,-4.75
148.00,76.82,17-03-12-796,21.90,-3.89
149.41,79.46,17-03-12-905,21.25,-0.79
148.29,80.47,17-03-13-003,21.06,-0.24
147.89,80.92,17-03-13-102,20.51,-0.06
148.22,81.04,17-03-13-207,19.81,-0.33
150.36,80.96,17-03-13-321,18.31,-0.93
150.22,80.84,17-03-13-422,17.68,-1.40
151.11,80.58,17-03-13-523,17.41,-1.87
153.93,80.56,17-03-13-645,15.99,-2.23
163.54,80.73,17-03-13-768,13.94,-2.38
161.50,80.61,17-03-13-860,13.82,-2.60
163.14,80.03,17-03-13-959,13.72,-3.48
160.34,77.56,17-03-14-075,14.08,-6.54
134.26,77.36,17-03-14-173,19.35,-5.94
98.38,77.53,17-03-14-271,116.64,-8.69
83.01,76.91,17-03-14-381,126.09,-12.15
69.69,78.28,17-03-14-491,45.00,-10.44
50.36,80.13,17-03-14-590,5.47,-11.46
28.34,80.91,17-03-14-707,6.27,-12.15
23.03,81.66,17-03-14-821,6.12,-11.82
18.45,82.69,17-03-14-922,5.84,-10.89
22.37,83.46,17-03-15-023,7.16,-10.81
22.16,83.42,17-03-15-125,7.78,-11.06
17.81,82.94,17-03-15-236,7.13,-11.31
18.93,82.57,17-03-15-337,6.76,-11.46
18.75,82.37,17-03-15-439,6.45,-11.47
22.15,82.20,17-03-15-565,5.74,-11.23
22.26,82.13,17-03-15-672,5.37,-11.14
21.88,82.16,17-03-15-784,5.24,-11.04
21.64,82.18,17-03-15-897,5.13,-10.95
24.19,82.74,17-03-16-024,6.14,-10.54
42.32,81.67,17-03-16-126,13.75,-12.43
65.72,80.19,17-03-16-234,59.04,-10.61
66.84,79.76,17-03-16-341,56.52,-9.13
79.27,78.57,17-03-16-462,142.19,-4.85
97.86,76.67,17-03-16-571,126.77,-6.71
135.85,75.21,17-03-16-676,25.71,-6.94
147.64,74.55,17-03-16-773,18.85,-8.63
153.70,75.04,17-03-16-874,17.24,-7.87
156.03,76.72,17-03-16-988,18.16,-5.80
152.92,78.26,17-03-17-092,17.06,-3.96
155.75,78.91,17-03-17-207,16.82,-2.94
150.88,79.28,17-03-17-310,17.83,-2.47
148.98,79.62,17-03-17-419,18.64,-2.00
149.35,79.78,17-03-17-525,19.05,-1.76
150.21,79.75,17-03-17-617,18.50,-1.92
150.58,79.77,17-03-17-722,18.37,-1.98
150.89,79.80,17-03-17-820,18.24,-2.00
151.61,79.89,17-03-17-928,18.07,-1.90
155.45,80.23,17-03-18-052,15.10,-2.38
160.21,80.20,17-03-18-156,12.77,-3.23
160.96,80.15,17-03-18-255,13.25,-3.29
157.56,79.94,17-03-18-387,13.66,-3.60
150.14,79.03,17-03-18-499,16.69,-4.22
133.37,79.08,17-03-18-608,22.76,-3.76
104.11,79.26,17-03-18-705,101.96,-7.25
84.47,79.66,17-03-18-803,129.40,-7.15
65.62,80.95,17-03-18-906,5.53,-6.82
52.69,82.57,17-03-19-006,1.32,-7.15
44.57,83.87,17-03-19-118,3.16,-7.15
34.90,85.29,17-03-19-223,3.31,-6.25
36.04,86.16,17-03-19-318,5.16,-6.11
30.10,86.30,17-03-19-425,4.48,-5.86
22.78,86.42,17-03-19-532,5.47,-6.45
22.60,85.65,17-03-19-637,4.54,-6.82
23.49,85.07,17-03-19-738,4.60,-7.43
24.60,84.15,17-03-19-838,4.55,-8.37
24.42,83.49,17-03-19-947,4.41,-8.98
24.36,83.09,17-03-20-063,4.06,-9.24
24.86,83.03,17-03-20-156,3.89,-9.21
28.08,82.73,17-03-20-265,3.69,-9.40
27.69,80.95,17-03-20-378,7.42,-13.31
51.52,79.35,17-03-20-472,20.30,-15.84
65.47,78.83,17-03-20-575,38.10,-14.04
79.10,77.76,17-03-20-668,129.07,-8.83
89.69,76.51,17-03-20-775,131.80,-9.49
97.10,76.22,17-03-20-886,127.70,-10.81
130.69,75.08,17-03-20-983,23.98,-10.94
148.56,75.12,17-03-21-114,13.90,-10.67
155.67,74.54,17-03-21-227,12.70,-11.56
155.67,76.56,17-03-21-323,13.40,-7.97
162.02,78.59,17-03-21-424,16.55,-4.06
161.46,78.87,17-03-21-546,17.09,-3.06
159.06,79.93,17-03-21-652,18.21,-1.22
156.15,80.67,17-03-21-754,19.38,-0.09
152.92,80.58,17-03-21-860,18.47,-0.56
150.54,80.88,17-03-21-969,17.92,-0.67
150.07,81.29,17-03-22-072,18.56,-0.31
150.41,81.73,17-03-22-189,19.55,-0.57
150.90,81.78,17-03-22-289,19.47,-0.67
152.44,81.94,17-03-22-388,18.44,-0.44
158.15,82.15,17-03-22-496,14.49,-0.36
162.27,81.98,17-03-22-608,11.22,-2.30
161.87,82.16,17-03-22-704,11.56,-2.17
163.64,82.59,17-03-22-811,11.68,-1.69
150.26,82.46,17-03-22-926,13.24,-2.13
142.23,82.05,17-03-23-029,16.14,-2.47
106.66,81.26,17-03-23-134,85.00,-7.35
93.21,78.59,17-03-23-239,112.83,-12.28
87.06,76.68,17-03-23-342,108.06,-15.75
61.43,78.06,17-03-23-450,24.16,-15.47
43.02,78.75,17-03-23-549,10.01,-15.28
31.85,79.41,17-03-23-649,8.70,-14.84
32.27,80.03,17-03-23-766,8.81,-14.35
26.59,81.47,17-03-23-872,7.09,-12.59
25.35,81.89,17-03-23-968,6.35,-11.98
26.11,82.10,17-03-24-069,6.46,-11.76
25.96,82.11,17-03-24-170,5.81,-11.45
25.27,82.11,17-03-24-270,5.35,-11.19
24.97,82.02,17-03-24-372,5.23,-11.20
26.60,81.87,17-03-24-474,4.94,-11.24
28.53,81.73,17-03-24-592,4.77,-11.18
28.86,78.25,17-03-24-687,8.83,-16.97
41.14,77.03,17-03-24-787,17.99,-19.12
57.94,75.36,17-03-24-889,30.27,-20.54
78.51,74.44,17-03-24-987,108.19,-17.64
93.60,73.12,17-03-25-088,118.75,-19.93
94.30,72.83,17-03-25-190,115.98,-20.70
132.41,71.25,17-03-25-306,20.00,-14.08
139.30,71.16,17-03-25-406,16.58,-13.34
155.53,70.84,17-03-25-508,12.76,-13.81
166.40,70.91,17-03-25-604,10.04,-14.45
160.05,71.86,17-03-25-716,12.14,-14.08
152.89,73.15,17-03-25-813,12.07,-12.26
149.55,78.87,17-03-25-925,19.75,-2.67
153.42,82.25,17-03-26-045,20.02,-1.39
154.97,82.57,17-03-26-151,16.74,-0.04
156.38,82.92,17-03-26-257,16.76,-0.49
164.82,83.10,17-03-26-352,13.88,-0.15
158.18,83.44,17-03-26-462,16.32,-1.35
161.87,83.84,17-03-26-570,17.63,-2.44
157.94,83.61,17-03-26-670,18.22,-2.35
160.92,83.68,17-03-26-769,18.38,-2.65
163.89,83.94,17-03-26-868,16.99,-2.54
165.35,83.61,17-03-26-971,16.52,-1.93
162.12,83.22,17-03-27-075,16.44,-1.28
140.55,80.49,17-03-27-167,22.87,-1.91
120.81,80.61,17-03-27-271,51.85,-3.78
85.28,81.60,17-03-27-370,149.98,-4.25
73.52,82.69,17-03-27-468,130.91,-3.33
53.34,83.34,17-03-27-582,0.83,-5.77
44.94,83.28,17-03-27-673,4.15,-7.77
42.02,83.09,17-03-27-773,3.80,-8.27
27.59,82.09,17-03-27-874,2.81,-9.71
24.73,82.49,17-03-27-971,3.45,-9.68
25.31,82.35,17-03-28-070,1.60,-9.21
23.71,81.92,17-03-28-172,1.74,-9.69
22.87,81.52,17-03-28-275,2.08,-10.15
23.08,81.59,17-03-28-398,1.78,-9.94
20.05,81.68,17-03-28-498,2.26,-10.07
22.39,81.63,17-03-28-613,1.86,-9.93
25.59,81.67,17-03-28-710,2.12,-9.96
26.53,81.34,17-03-28-811,2.93,-10.63
27.83,80.37,17-03-28-922,5.24,-12.61
31.93,80.16,17-03-29-023,6.60,-13.03
57.95,79.97,17-03-29-139,21.95,-13.01
82.78,77.59,17-03-29-236,136.69,-12.36
95.74,76.52,17-03-29-333,135.46,-13.96
131.84,74.67,17-03-29-442,29.06,-8.91
132.96,74.87,17-03-29-542,31.78,-6.88
133.15,74.81,17-03-29-649,33.60,-6.31
132.20,74.91,17-03-29-753,33.54,-6.06
150.47,73.93,17-03-29-852,19.75,-7.69
175.76,72.52,17-03-29-966,14.61,-10.31
155.39,73.39,17-03-30-073,16.38,-10.06
155.81,75.14,17-03-30-174,15.47,-8.51
150.76,77.96,17-03-30-272,16.83,-4.71
151.19,79.66,17-03-30-371,18.49,-1.96
149.37,80.08,17-03-30-477,19.36,-1.12
148.96,80.04,17-03-30-591,18.93,-1.38
149.00,80.10,17-03-30-689,18.53,-1.52
149.90,80.09,17-03-30-784,18.17,-1.65
151.49,80.34,17-03-30-868,16.08,-1.97
151.06,74.83,17-03-30-971,19.30,-6.78
155.59,75.02,17-03-31-079,15.70,-8.10
164.77,75.15,17-03-31-170,13.47,-8.61
161.94,75.36,17-03-31-276,13.94,-8.40
161.44,72.45,17-03-31-371,13.58,-11.25
18.36,94.19,17-03-31-471,4.88,2.02
107.51,82.12,17-03-31-567,159.26,-11.04
104.58,82.18,17-03-31-688,132.32,-8.86
86.40,78.87,17-03-31-790,123.62,-11.02
71.03,79.83,17-03-31-888,16.32,-8.81
60.24,81.15,17-03-31-992,7.12,-9.18
48.87,81.72,17-03-32-096,2.68,-8.80
31.63,80.71,17-03-32-217,3.38,-11.02
26.87,82.11,17-03-32-324,3.59,-10.00
24.38,82.70,17-03-32-416,2.42,-8.96
22.62,83.41,17-03-32-522,2.98,-8.49
25.17,83.62,17-03-32-636,2.86,-8.14
25.93,83.00,17-03-32-737,2.63,-8.83
22.36,82.41,17-03-32-842,3.53,-9.93
23.57,82.11,17-03-32-937,4.30,-10.56
23.63,82.00,17-03-33-039,4.41,-10.71
26.77,81.84,17-03-33-138,3.96,-10.59
30.01,81.89,17-03-33-244,3.87,-10.37
27.86,80.75,17-03-33-350,6.05,-12.71
28.44,80.27,17-03-33-464,6.87,-13.63
49.89,79.55,17-03-33-571,13.53,-14.06
62.57,78.36,17-03-33-676,25.23,-14.57
78.83,77.28,17-03-33-792,127.45,-12.31
91.58,75.38,17-03-33-898,133.31,-15.61
91.81,75.19,17-03-34-003,132.19,-16.81
105.71,74.32,17-03-34-106,94.01,-16.26
139.76,71.59,17-03-34-208,18.05,-13.92
154.73,71.31,17-03-34-321,12.64,-13.00
160.60,71.69,17-03-34-422,11.15,-13.12
160.25,71.77,17-03-34-535,11.54,-13.43
152.10,72.48,17-03-34-646,13.50,-12.71
149.53,73.23,17-03-34-755,13.39,-11.79
147.63,74.43,17-03-34-864,16.15,-9.14
147.57,75.80,17-03-34-976,19.04,-6.48
146.84,76.34,17-03-35-071,20.32,-5.40
148.72,76.49,17-03-35-171,19.47,-5.08
149.54,76.39,17-03-35-287,18.38,-5.14
151.64,76.54,17-03-35-385,17.55,-4.98
153.37,76.66,17-03-35-489,16.86,-4.97
157.70,76.89,17-03-35-590,14.76,-5.62
157.70,76.94,17-03-35-707,12.11,-6.62
162.56,77.34,17-03-35-806,10.92,-7.38
148.11,75.56,17-03-35-907,14.34,-9.11
133.51,79.81,17-03-36-025,14.48,-3.31
107.42,80.84,17-03-36-148,122.58,-9.29
82.33,80.63,17-03-36-238,128.81,-10.17
70.87,80.29,17-03-36-335,42.13,-10.97
58.59,80.55,17-03-36-438,12.29,-11.20
47.76,80.78,17-03-36-536,11.70,-12.82
35.80,80.64,17-03-36-640,8.69,-13.44
23.48,80.72,17-03-36-744,8.84,-14.17
26.12,81.11,17-03-36-856,8.56,-13.63
28.17,80.94,17-03-36-951,6.24,-12.83
26.52,81.53,17-03-37-050,6.64,-12.28
26.51,81.79,17-03-37-156,5.15,-11.35
27.03,81.83,17-03-37-257,5.43,-11.33
27.35,81.73,17-03-37-387,5.12,-11.25
27.82,81.60,17-03-37-492,5.08,-11.33
28.67,81.52,17-03-37-605,4.92,-11.31
28.83,81.45,17-03-37-706,4.83,-11.34
26.73,81.15,17-03-37-801,5.23,-11.95
26.98,79.92,17-03-37-903,6.93,-14.10
29.77,77.65,17-03-38-004,10.41,-18.13
39.58,77.25,17-03-38-099,15.94,-18.69
47.68,76.66,17-03-38-205,21.08,-18.98
64.72,74.61,17-03-38-303,35.91,-18.61
65.69,74.18,17-03-38-406,32.21,-17.97
75.37,74.06,17-03-38-511,101.86,-14.65
95.23,72.37,17-03-38-610,110.71,-18.54
123.27,70.62,17-03-38-701,29.42,-15.14
139.46,69.28,17-03-38-812,17.43,-14.62
149.98,68.93,17-03-38-902,14.11,-15.87
160.18,68.47,17-03-39-002,12.45,-17.35
160.61,68.60,17-03-39-107,10.03,-18.16
153.66,71.59,17-03-39-211,13.15,-13.75
149.32,74.65,17-03-39-308,16.51,-7.92
149.15,76.43,17-03-39-407,19.09,-4.97
145.20,77.45,17-03-39-535,19.35,-3.91
145.36,78.51,17-03-39-636,18.51,-2.99
145.75,78.77,17-03-39-747,18.29,-2.95
146.06,78.95,17-03-39-851,18.23,-2.97
146.21,79.22,17-03-39-958,17.92,-2.78
146.93,79.63,17-03-40-078,17.86,-2.36
148.37,79.52,17-03-40-187,15.99,-3.19
148.45,79.85,17-03-40-287,14.94,-3.19
152.89,79.87,17-03-40-387,13.89,-3.87
151.82,78.73,17-03-40-504,12.74,-5.43
131.06,78.11,17-03-40-607,21.29,-6.70
84.45,75.44,17-03-40-721,116.71,-11.21
78.01,76.62,17-03-40-825,112.88,-10.23
56.82,71.80,17-03-40-937,3.17,-14.85
30.40,79.82,17-03-41-035,3.33,-11.64
26.36,80.53,17-03-41-136,8.46,-14.10
21.94,82.04,17-03-41-235,6.47,-11.88
23.48,82.76,17-03-41-334,7.25,-11.38
24.16,83.00,17-03-41-440,7.64,-11.21
23.72,82.24,17-03-41-547,6.47,-11.56
25.25,81.86,17-03-41-653,5.48,-11.38
26.19,81.66,17-03-41-751,3.91,-10.77
25.54,81.38,17-03-41-853,2.95,-10.59
24.84,80.84,17-03-41-953,2.20,-10.85
24.61,80.60,17-03-42-062,1.91,-10.98
24.23,80.48,17-03-42-177,2.42,-11.31
25.73,80.51,17-03-42-273,2.49,-11.30
24.48,80.21,17-03-42-385,3.77,-12.17
25.06,77.92,17-03-42-496,8.17,-16.71
43.71,76.11,17-03-42-609,18.89,-19.97
65.64,73.52,17-03-42-717,35.99,-17.68
66.85,72.62,17-03-42-817,30.78,-16.74
74.81,73.00,17-03-42-916,88.27,-12.68
98.71,72.37,17-03-43-019,100.33,-14.11
137.20,71.12,17-03-43-118,16.38,-14.10
146.06,71.26,17-03-43-225,14.49,-13.68
165.32,71.31,17-03-43-342,10.73,-14.24
156.78,72.22,17-03-43-434,10.54,-14.94
152.67,74.93,17-03-43-534,14.80,-9.95
152.72,77.57,17-03-43-636,15.81,-5.50
151.22,79.14,17-03-43-736,17.03,-3.05
150.72,79.97,17-03-43-853,16.37,-2.45
147.22,80.46,17-03-43-951,17.61,-1.75
146.46,80.05,17-03-44-058,17.28,-2.69
145.42,79.84,17-03-44-152,17.15,-3.13
145.60,79.87,17-03-44-257,16.96,-3.17
146.80,80.04,17-03-44-354,16.70,-2.97
147.29,80.55,17-03-44-453,15.93,-2.48
151.33,81.45,17-03-44-576,13.82,-2.15
152.48,81.87,17-03-44-673,12.53,-2.26
154.85,81.94,17-03-44-790,11.06,-2.63
156.91,82.47,17-03-44-884,10.37,-2.35
155.33,82.77,17-03-44-985,11.11,-1.85
155.28,82.73,17-03-45-098,11.38,-1.84
156.86,82.67,17-03-45-205,11.24,-1.99
162.05,82.41,17-03-45-320,11.40,-2.07
160.54,80.24,17-03-45-418,10.26,-4.94
142.00,76.71,17-03-45-524,14.15,-8.78
106.17,76.89,17-03-45-636,87.70,-10.51
72.66,78.98,17-03-45-735,7.20,-8.89
57.75,80.67,17-03-45-850,3.83,-9.69
58.41,80.78,17-03-45-957,7.24,-10.64
59.56,80.88,17-03-46-070,10.23,-11.11
60.04,80.78,17-03-46-167,11.17,-11.55
59.77,80.77,17-03-46-274,13.00,-11.75
50.26,81.98,17-03-46-367,6.00,-10.11
49.62,82.49,17-03-46-470,5.39,-9.46
47.35,83.29,17-03-46-588,5.63,-8.62
47.46,83.63,17-03-46-685,5.15,-8.15
43.69,84.13,17-03-46-783,3.52,-7.29
31.58,83.91,17-03-46-884,1.87,-7.34
28.94,83.39,17-03-46-983,2.08,-8.04
26.60,83.00,17-03-47-068,2.72,-8.80
25.34,83.02,17-03-47-178,1.43,-8.21
26.40,83.49,17-03-47-298,2.84,-8.12
22.97,83.15,17-03-47-401,4.22,-9.38
22.13,83.21,17-03-47-502,4.44,-9.51
21.45,82.93,17-03-47-599,4.79,-9.93
21.10,82.81,17-03-47-710,4.81,-10.07
22.07,82.89,17-03-47-819,4.72,-9.91
21.50,82.87,17-03-47-926,4.60,-9.88
20.70,82.70,17-03-48-051,4.36,-9.99
21.78,82.60,17-03-48-155,4.24,-9.97
22.66,82.33,17-03-48-266,4.35,-10.24
37.69,81.39,17-03-48-375,10.08,-12.15
62.44,79.57,17-03-48-498,25.82,-13.17
87.60,78.07,17-03-48-605,130.98,-12.93
105.98,78.70,17-03-48-702,37.14,-9.27
145.13,77.77,17-03-48-808,9.58,-8.32
159.32,77.43,17-03-48-921,8.10,-8.76
169.72,77.40,17-03-49-030,8.85,-9.19
163.80,78.17,17-03-49-134,8.65,-8.20
155.21,79.11,17-03-49-238,8.99,-6.28
155.36,79.68,17-03-49-337,9.67,-5.40
156.27,80.39,17-03-49-437,10.08,-4.35
154.59,80.26,17-03-49-542,10.54,-4.37
152.37,79.97,17-03-49-653,12.84,-3.87
150.82,80.14,17-03-49-760,15.15,-2.80
150.38,80.25,17-03-49-868,16.71,-2.12
150.94,80.37,17-03-49-970,17.22,-1.72
152.53,80.64,17-03-50-075,15.73,-1.80
154.06,81.12,17-03-50-185,15.23,-1.60
155.88,81.11,17-03-50-294,14.27,-2.16
161.69,81.85,17-03-50-402,13.56,-1.39
162.76,82.50,17-03-50-518,13.68,-0.58
174.50,83.02,17-03-50-625,11.93,-0.65
167.02,82.18,17-03-50-722,11.14,-1.87
155.36,81.80,17-03-50-834,12.22,-2.92
136.67,83.99,17-03-50-939,10.07,-1.45
103.26,84.34,17-03-51-038,142.93,-2.83
87.82,84.68,17-03-51-138,161.24,-3.65
74.61,86.40,17-03-51-243,37.76,-0.28
51.11,89.11,17-03-51-360,9.88,-2.47
31.19,89.74,17-03-51-475,4.74,-1.92
20.92,88.10,17-03-51-577,3.08,-0.51
17.59,86.12,17-03-51-689,0.14,-4.07
19.91,83.81,17-03-51-803,4.66,-8.85
18.41,81.84,17-03-51-905,6.21,-11.61
23.36,81.53,17-03-52-011,4.40,-11.07
23.18,81.21,17-03-52-124,2.30,-10.47
23.08,81.19,17-03-52-240,1.69,-10.11
21.72,81.17,17-03-52-337,2.23,-10.36
23.92,81.44,17-03-52-439,1.96,-9.82
24.09,81.53,17-03-52-544,3.42,-10.30
30.47,81.76,17-03-52-653,4.91,-10.46
50.41,81.85,17-03-52-752,15.73,-11.52
64.46,81.44,17-03-52-859,34.48,-10.45
80.40,79.50,17-03-52-953,129.68,-10.76
107.89,77.87,17-03-53-050,44.61,-10.93
132.74,75.91,17-03-53-152,14.61,-11.47
145.23,74.02,17-03-53-258,7.12,-13.83
156.39,73.04,17-03-53-372,6.84,-16.09
154.76,74.41,17-03-53-475,6.75,-14.28
155.74,74.71,17-03-53-588,7.75,-13.56
151.58,75.27,17-03-53-689,7.20,-11.98
151.85,76.16,17-03-53-786,9.76,-9.48
149.80,78.08,17-03-53-886,13.27,-5.77
150.46,79.04,17-03-53-985,15.61,-3.96
149.41,79.74,17-03-54-092,16.53,-2.93
150.66,80.17,17-03-54-190,16.24,-2.57
152.85,80.33,17-03-54-286,14.20,-2.87
152.34,80.61,17-03-54-383,12.85,-2.87
152.61,80.85,17-03-54-487,11.42,-3.10
155.47,81.20,17-03-54-583,10.66,-3.09
158.09,81.09,17-03-54-687,10.05,-3.46
157.15,80.37,17-03-54-786,9.35,-4.90
155.35,79.76,17-03-54-887,8.32,-5.97
153.56,77.95,17-03-54-989,10.04,-7.31
105.70,78.09,17-03-55-089,95.51,-11.37
89.89,75.38,17-03-55-203,104.21,-15.30
76.06,75.35,17-03-55-302,83.24,-13.32
65.00,76.28,17-03-55-403,17.11,-11.84
47.56,78.34,17-03-55-513,2.21,-11.39
35.96,80.57,17-03-55-625,1.45,-9.98
21.64,81.30,17-03-55-732,1.71,-9.90
18.71,81.90,17-03-55-837,1.87,-9.69
22.78,81.98,17-03-55-960,0.45,-8.87
25.87,82.10,17-03-56-060,2.28,-7.60
23.95,82.28,17-03-56-181,1.52,-7.60
25.61,81.53,17-03-56-292,0.84,-8.62
26.92,81.18,17-03-56-407,0.30,-9.28
27.93,81.22,17-03-56-508,0.64,-9.20
27.95,80.47,17-03-56-619,0.30,-10.07
28.04,79.89,17-03-56-719,0.55,-11.02
30.55,78.81,17-03-56-817,4.17,-13.54
46.56,78.08,17-03-56-922,10.20,-14.50
59.55,76.51,17-03-57-019,18.53,-15.07
74.67,76.13,17-03-57-121,103.52,-13.73
83.57,75.11,17-03-57-224,120.02,-14.41
95.84,75.05,17-03-57-323,122.60,-16.14
112.10,74.71,17-03-57-437,36.04,-14.49
113.00,75.12,17-03-57-538,31.35,-13.50
143.29,73.77,17-03-57-656,6.14,-14.30
160.21,73.58,17-03-57-772,5.29,-14.23
163.62,74.52,17-03-57-894,8.51,-13.08
154.86,77.46,17-03-57-996,11.34,-8.07
150.01,77.92,17-03-58-101,14.77,-6.81
152.39,78.23,17-03-58-201,16.97,-5.20
151.60,78.68,17-03-58-302,17.21,-4.37
34.24,98.07,17-03-58-398,3.83,6.27
57.69,90.00,17-03-58-507,13.84,3.38
26.56,102.68,17-03-58-620,4.97,15.21
64.51,92.39,17-03-58-717,11.06,3.10
31.30,99.64,17-03-58-817,0.95,8.72
20.34,105.05,17-03-58-916,5.78,18.46
18.36,103.83,17-03-59-016,5.42,16.99
20.36,104.35,17-03-59-141,5.75,17.61
35.29,100.87,17-03-59-237,4.11,11.99
53.51,89.12,17-03-59-335,7.02,-2.40
149.90,81.43,17-03-59-440,11.52,-4.24
105.99,86.88,17-03-59-539,48.01,-1.49
145.36,79.33,17-03-59-637,9.69,-7.92
126.32,77.09,17-03-59-736,17.89,-11.90
110.01,78.95,17-03-59-834,63.20,-14.49
89.73,75.07,17-03-59-941,105.18,-18.81
70.58,75.15,17-04-00-057,54.62,-16.58
59.02,77.62,17-04-00-159,21.20,-15.61
40.29,80.54,17-04-00-275,8.00,-12.51
32.61,80.60,17-04-00-370,6.29,-12.38
33.55,80.47,17-04-00-468,6.69,-12.62
35.05,80.74,17-04-00-574,7.58,-12.64
26.18,81.01,17-04-00-668,4.22,-11.69
22.71,82.02,17-04-00-785,5.16,-11.24
18.76,81.82,17-04-00-888,4.50,-11.16
23.85,82.20,17-04-00-987,4.84,-10.73
24.25,82.28,17-04-01-113,4.17,-10.31
25.00,82.02,17-04-01-224,3.62,-10.29
25.75,81.83,17-04-01-337,4.40,-10.71
28.52,80.20,17-04-01-440,7.61,-13.88
42.51,78.67,17-04-01-552,13.55,-15.78
60.07,77.42,17-04-01-655,23.65,-16.23
78.66,76.19,17-04-01-752,119.64,-17.61
84.06,75.40,17-04-01-849,122.96,-17.10
84.20,75.22,17-04-01-950,121.08,-16.41
117.06,75.19,17-04-02-055,30.98,-12.66
146.79,74.04,17-04-02-157,12.35,-11.57
156.97,74.50,17-04-02-268,10.34,-11.96
156.97,75.02,17-04-02-367,8.21,-11.93
167.40,76.46,17-04-02-484,8.42,-10.15
158.45,78.66,17-04-02-585,10.75,-6.67
155.13,80.59,17-04-02-689,14.62,-2.82
152.28,81.61,17-04-02-802,17.35,-0.79
152.12,82.64,17-04-02-914,19.20,-1.15
148.41,83.41,17-04-03-021,20.52,-2.34
148.14,83.58,17-04-03-119,20.89,-2.64
148.40,83.53,17-04-03-220,20.85,-2.54
148.37,83.45,17-04-03-316,20.85,-2.42
148.01,83.41,17-04-03-418,20.98,-2.38
149.52,83.36,17-04-03-525,19.60,-2.02
149.74,83.42,17-04-03-618,19.04,-1.86
152.79,83.34,17-04-03-721,18.23,-1.65
154.01,83.17,17-04-03-823,17.57,-1.32
154.79,82.92,17-04-03-920,17.05,-0.87
157.50,82.60,17-04-04-016,15.26,-0.01
159.40,82.16,17-04-04-122,13.91,-0.97
159.00,81.74,17-04-04-233,15.01,-1.70
147.13,81.70,17-04-04-332,17.26,-1.47
140.30,81.04,17-04-04-433,18.89,-2.33
128.54,81.25,17-04-04-545,17.86,-1.17
90.80,77.92,17-04-04-652,124.76,-10.85
76.60,77.50,17-04-04-752,109.52,-12.35
76.32,77.40,17-04-04-848,112.67,-10.51
65.94,77.86,17-04-04-953,31.82,-12.23
50.09,79.11,17-04-05-051,9.98,-13.82
29.10,81.23,17-04-05-150,5.58,-11.97
23.64,82.66,17-04-05-254,0.85,-8.49
24.04,82.95,17-04-05-352,2.82,-8.98
21.24,82.70,17-04-05-474,4.83,-10.34
19.58,82.96,17-04-05-586,6.29,-10.75
22.68,83.04,17-04-05-691,6.87,-10.91
22.51,82.97,17-04-05-788,6.39,-10.82
22.64,82.83,17-04-05-903,6.33,-10.87
22.26,82.87,17-04-06-003,6.37,-10.81
24.19,82.89,17-04-06-104,6.36,-10.69
25.64,82.24,17-04-06-201,8.10,-11.92
25.14,81.86,17-04-06-302,8.64,-12.55
28.06,81.45,17-04-06-411,10.00,-13.41
52.87,80.05,17-04-06-511,19.06,-14.61
78.63,76.44,17-04-06-624,117.36,-16.70
93.56,75.60,17-04-06-720,117.82,-16.18
128.55,73.56,17-04-06-819,20.91,-10.61
143.61,72.94,17-04-06-921,14.14,-11.62
158.92,72.43,17-04-07-021,12.12,-12.97
155.65,72.62,17-04-07-140,13.00,-12.94
164.26,73.33,17-04-07-239,13.07,-11.90
152.33,74.91,17-04-07-357,14.21,-9.29
151.62,76.34,17-04-07-456,11.55,-7.22
149.17,79.29,17-04-07-566,14.90,-3.61
151.89,80.16,17-04-07-660,12.14,-3.73
154.00,80.57,17-04-07-759,10.16,-4.09
151.89,80.13,17-04-07-873,10.22,-4.95
152.24,79.86,17-04-07-968,9.51,-5.46
150.57,80.16,17-04-08-067,10.68,-4.68
151.06,80.56,17-04-08-166,10.93,-4.14
152.46,81.11,17-04-08-275,10.86,-3.66
160.73,81.32,17-04-08-384,9.50,-3.76
167.69,81.94,17-04-08-492,10.22,-2.73
167.69,82.02,17-04-08-601,9.70,-2.66
167.69,82.28,17-04-08-702,9.38,-2.63
167.69,82.18,17-04-08-809,10.29,-2.84
158.12,81.77,17-04-08-900,12.07,-3.53
149.73,81.21,17-04-09-010,12.74,-4.12
136.47,81.25,17-04-09-119,15.19,-3.38
133.47,81.08,17-04-09-220,17.05,-3.95
135.27,80.89,17-04-09-334,17.17,-3.64
101.15,81.55,17-04-09-436,143.15,-8.04
81.37,81.42,17-04-09-541,143.84,-8.65
59.06,83.09,17-04-09-647,8.41,-7.16
37.31,84.51,17-04-09-763,1.02,-5.20
22.93,85.47,17-04-09-873,4.14,-2.84
21.46,85.43,17-04-09-969,3.54,-3.19
22.84,83.90,17-04-10-069,1.48,-7.28
23.34,83.29,17-04-10-187,2.89,-8.66
22.33,83.00,17-04-10-288,3.46,-9.22
22.27,82.84,17-04-10-406,3.18,-9.21
23.97,82.74,17-04-10-502,2.59,-9.02
24.19,82.63,17-04-10-602,2.54,-9.11
25.41,82.46,17-04-10-702,2.47,-9.24
26.32,82.43,17-04-10-815,2.12,-9.17
23.76,81.91,17-04-10-901,3.14,-10.24
24.75,79.53,17-04-11-007,6.99,-14.63
36.69,78.25,17-04-11-106,13.96,-17.35
57.06,74.58,17-04-11-203,30.44,-20.24
77.05,73.51,17-04-11-304,99.57,-17.69
95.03,72.43,17-04-11-402,115.35,-19.68
110.48,71.89,17-04-11-507,41.68,-19.17
135.78,70.67,17-04-11-606,10.58,-17.43
149.35,70.68,17-04-11-701,8.86,-16.76
164.23,71.11,17-04-11-799,7.93,-16.40
165.08,71.09,17-04-11-900,8.17,-16.27
152.19,72.20,17-04-12-004,9.06,-14.81
150.61,73.54,17-04-12-111,10.78,-12.46
153.35,74.54,17-04-12-218,12.23,-10.43
152.05,75.16,17-04-12-323,14.03,-8.84
150.76,77.04,17-04-12-432,16.35,-5.68
148.78,77.92,17-04-12-541,18.69,-4.06
149.71,78.32,17-04-12-638,19.58,-3.34
149.48,78.21,17-04-12-752,18.79,-3.62
149.01,78.11,17-04-12-853,17.93,-3.95
149.38,78.31,17-04-12-949,17.40,-3.85
148.26,78.56,17-04-13-055,14.90,-4.63
149.87,79.52,17-04-13-164,12.01,-4.66
150.18,80.11,17-04-13-262,10.44,-4.78
149.93,80.51,17-04-13-376,10.34,-4.48
156.02,81.00,17-04-13-486,7.14,-5.14
163.85,81.16,17-04-13-589,5.68,-5.91
163.05,81.29,17-04-13-713,5.69,-5.85
159.84,80.66,17-04-13-818,6.90,-5.89
112.93,80.49,17-04-13-921,21.64,-6.26
92.42,77.96,17-04-14-022,121.26,-11.82
71.57,78.98,17-04-14-125,22.44,-8.85
61.68,79.53,17-04-14-236,10.50,-10.42
53.37,80.82,17-04-14-337,7.52,-10.46
41.38,81.70,17-04-14-452,3.31,-9.62
34.47,81.17,17-04-14-555,1.40,-10.04
26.46,81.23,17-04-14-668,2.30,-8.48
17.95,81.25,17-04-14-767,0.54,-9.18
15.78,81.67,17-04-14-869,1.08,-9.69
21.00,81.84,17-04-14-969,2.03,-9.88
21.67,81.99,17-04-15-069,2.41,-9.89
20.73,82.12,17-04-15-171,2.83,-9.92
23.08,82.32,17-04-15-265,3.48,-9.92
25.16,82.37,17-04-15-374,3.52,-9.82
26.70,82.30,17-04-15-491,3.66,-9.92
30.19,80.69,17-04-15-590,7.84,-13.38
53.94,78.81,17-04-15-707,17.32,-14.72
64.86,77.14,17-04-15-806,29.97,-14.99
77.11,76.31,17-04-15-922,114.86,-11.04
88.37,75.57,17-04-16-017,127.45,-11.19
108.24,75.06,17-04-16-123,70.18,-10.42
137.01,74.00,17-04-16-224,21.54,-9.30
143.03,74.08,17-04-16-336,16.00,-9.27
151.84,73.80,17-04-16-440,15.48,-10.32
154.61,73.99,17-04-16-537,14.41,-10.02
151.46,75.23,17-04-16-640,13.54,-8.66
154.54,76.68,17-04-16-739,15.30,-6.72
157.19,79.89,17-04-16-854,16.64,-2.84
162.24,82.11,17-04-16-949,14.26,-0.92
166.75,82.63,17-04-17-051,13.87,-0.48
155.64,82.29,17-04-17-152,14.07,-1.21
151.70,81.87,17-04-17-261,15.61,-1.23
152.11,81.77,17-04-17-374,15.74,-1.31
152.47,81.47,17-04-17-470,15.03,-1.84
155.10,81.25,17-04-17-568,11.99,-2.93
158.99,81.14,17-04-17-670,11.40,-3.20
159.69,80.52,17-04-17-768,10.96,-3.96
157.51,80.07,17-04-17-873,10.34,-4.68
157.67,79.58,17-04-17-968,10.41,-5.35
158.96,79.23,17-04-18-073,10.09,-6.00
157.92,78.93,17-04-18-168,9.93,-6.43
149.73,77.98,17-04-18-275,15.61,-7.23
105.44,79.52,17-04-18-384,133.22,-11.39
96.30,79.97,17-04-18-483,139.41,-11.81
80.74,80.01,17-04-18-585,121.86,-11.14
59.71,82.82,17-04-18-689,15.92,-9.89
48.28,83.72,17-04-18-804,10.22,-9.58
36.69,83.70,17-04-18-901,8.50,-10.06
24.44,83.52,17-04-19-008,3.59,-8.63
21.62,83.94,17-04-19-105,3.50,-8.10
23.31,84.17,17-04-19-204,3.12,-7.72
24.48,83.85,17-04-19-307,2.74,-7.82
20.71,83.44,17-04-19-401,3.48,-8.59
20.89,83.15,17-04-19-500,3.55,-8.94
20.77,83.06,17-04-19-605,3.56,-9.05
21.69,83.05,17-04-19-701,3.92,-9.17
22.14,82.88,17-04-19-801,3.87,-9.29
21.00,82.77,17-04-19-908,4.27,-9.59
23.00,81.79,17-04-20-002,5.99,-11.42
29.72,80.74,17-04-20-104,9.21,-13.48
51.59,79.79,17-04-20-213,16.52,-13.99
67.91,78.95,17-04-20-320,71.63,-12.97
76.53,78.28,17-04-20-434,123.47,-8.11
81.78,77.04,17-04-20-539,126.36,-8.90
103.56,76.52,17-04-20-652,81.73,-8.62
135.19,75.50,17-04-20-754,24.85,-7.28
145.80,75.21,17-04-20-852,18.03,-7.12
144.62,75.35,17-04-20-952,17.98,-7.30
144.12,75.85,17-04-21-056,18.45,-6.58
154.03,75.94,17-04-21-176,18.63,-6.77
152.06,75.86,17-04-21-275,18.79,-6.06
149.56,75.74,17-04-21-389,19.83,-5.64
149.55,75.49,17-04-21-487,21.09,-5.37
148.61,75.73,17-04-21-601,21.92,-5.04
146.49,74.84,17-04-21-700,24.57,-5.65
146.59,73.19,17-04-21-816,25.73,-7.02
147.49,72.07,17-04-21-922,24.77,-8.23
147.42,71.31,17-04-22-017,23.98,-9.17
147.61,71.04,17-04-22-134,22.77,-9.87
148.03,71.01,17-04-22-248,21.99,-10.16
150.24,71.33,17-04-22-365,21.66,-10.10
151.17,71.56,17-04-22-469,21.18,-10.05
151.84,72.11,17-04-22-569,20.76,-9.42
145.50,72.15,17-04-22-673,22.90,-9.85
94.11,72.60,17-04-22-784,91.97,-11.48
41.11,82.01,17-04-22-884,3.15,-6.79
53.55,77.97,17-04-22-994,18.83,-4.34
30.36,52.33,17-04-23-116,16.91,-30.51
24.41,81.27,17-04-23-207,13.10,-15.97
21.32,82.47,17-04-23-320,12.49,-14.68
21.48,82.22,17-04-23-422,8.94,-12.96
20.79,82.56,17-04-23-539,9.67,-12.76
19.70,82.65,17-04-23-666,8.35,-11.95
19.16,82.56,17-04-23-770,6.96,-11.31
19.32,82.50,17-04-23-869,6.38,-11.02
18.65,82.30,17-04-23-966,5.63,-10.86
17.99,82.16,17-04-24-072,4.92,-10.66
19.17,81.95,17-04-24-173,3.89,-10.36
15.87,81.75,17-04-24-273,3.32,-10.34
14.86,81.66,17-04-24-393,3.18,-10.37
15.97,81.40,17-04-24-505,2.59,-10.29
