5.63,80.79,19-00-04-372,5.30,-11.98
4.84,80.72,19-00-04-485,5.69,-12.26
3.96,80.55,19-00-04-602,6.08,-12.64
3.50,80.50,19-00-04-719,6.59,-12.96
3.14,80.73,19-00-04-831,6.64,-12.74
3.26,80.70,19-00-04-961,6.79,-12.79
4.53,79.70,19-00-05-076,6.93,-13.85
5.15,79.84,19-00-05-196,7.34,-13.93
5.51,79.84,19-00-05-305,7.60,-14.07
6.24,79.42,19-00-05-447,8.50,-14.97
7.21,79.07,19-00-05-560,9.17,-15.68
7.59,78.77,19-00-05-667,9.57,-16.19
8.13,78.61,19-00-05-766,9.79,-16.47
8.74,78.81,19-00-05-867,9.94,-16.34
8.96,78.97,19-00-05-970,10.02,-16.23
9.08,78.87,19-00-06-083,10.13,-16.39
9.12,79.19,19-00-06-183,10.17,-16.10
9.23,79.35,19-00-06-291,10.19,-15.96
9.43,79.17,19-00-06-420,10.70,-16.44
9.43,76.28,19-00-06-521,15.72,-23.02
9.43,73.36,19-00-06-645,17.20,-27.35
24.00,68.03,19-00-06-738,10.83,-29.34
36.01,54.26,19-00-06-863,6.27,-43.54
47.93,42.84,19-00-06-971,1.07,-51.80
65.10,22.37,19-00-07-084,3.14,-73.77
78.84,9.78,19-00-07-218,0.82,-73.77
108.22,18.99,19-00-07-334,2.64,-73.77
116.63,25.37,19-00-07-455,1.63,-75.58
137.41,42.90,19-00-07-580,12.29,-43.09
145.94,58.67,19-00-07-707,19.30,-24.68
146.57,62.06,19-00-07-821,20.85,-21.28
144.96,63.12,19-00-07-950,18.42,-20.38
153.58,66.46,19-00-08-054,17.20,-16.63
152.47,70.96,19-00-08-166,21.02,-10.80
158.98,76.15,19-00-08-275,22.67,-3.00
160.54,77.64,19-00-08-381,22.43,-1.26
158.26,74.74,19-00-08-495,19.22,-6.58
156.93,71.70,19-00-08-606,14.35,-11.11
151.83,63.18,19-00-08-721,0.40,-27.54
148.93,59.24,19-00-08-819,2.12,-33.54
146.10,56.00,19-00-08-927,3.30,-38.22
142.92,52.49,19-00-09-018,4.41,-42.94
141.58,49.33,19-00-09-129,3.19,-45.86
135.11,43.20,19-00-09-236,8.64,-53.43
126.21,36.59,19-00-09-335,7.10,-58.79
119.11,28.46,19-00-09-434,3.96,-67.19
114.50,27.76,19-00-09-537,2.71,-67.55
102.70,8.74,19-00-09-632,3.51,-67.55
101.93,7.32,19-00-09-733,2.07,-67.55
95.47,7.32,19-00-09-834,1.15,-67.55
75.47,7.32,19-00-09-937,3.44,-67.55
57.14,22.37,19-00-10-032,0.74,-78.42
34.58,50.94,19-00-10-145,1.59,-41.23
25.73,62.36,19-00-10-234,4.54,-32.33
9.36,73.21,19-00-10-333,5.23,-20.38
13.11,78.06,19-00-10-430,6.24,-15.61
11.78,80.34,19-00-10-533,8.11,-14.11
11.53,82.01,19-00-10-636,5.39,-10.91
10.44,81.29,19-00-10-733,5.64,-11.76
6.29,78.79,19-00-10-834,10.16,-16.86
12.34,76.90,19-00-10-955,10.69,-19.04
14.90,75.32,19-00-11-048,11.53,-21.37
25.30,68.74,19-00-11-146,15.21,-30.54
28.70,59.80,19-00-11-235,13.04,-39.87
34.14,52.52,19-00-11-331,10.91,-45.59
46.07,43.98,19-00-11-418,7.97,-52.57
52.39,39.95,19-00-11-515,4.33,-54.09
53.43,39.53,19-00-11-616,2.50,-53.69
67.75,23.72,19-00-11-712,4.11,-74.16
75.29,10.05,19-00-11-814,1.54,-74.16
88.05,10.05,19-00-11-922,1.77,-74.16
117.37,21.03,19-00-12-027,10.16,-64.74
132.43,40.03,19-00-12-149,13.05,-47.74
141.19,56.37,19-00-12-257,24.85,-25.43
146.02,63.54,19-00-12-381,30.10,-15.34
148.40,69.48,19-00-12-484,28.90,-10.05
153.85,76.31,19-00-12-582,26.06,-2.40
156.47,78.72,19-00-12-681,23.77,-0.16
170.00,79.72,19-00-12-785,19.31,-0.57
171.65,80.00,19-00-12-889,18.26,-0.57
166.46,77.31,19-00-12-991,13.34,-5.68
167.98,75.49,19-00-13-121,12.36,-7.92
170.43,74.52,19-00-13-221,13.55,-8.29
167.09,73.11,19-00-13-324,14.86,-9.14
164.45,72.44,19-00-13-421,15.45,-9.71
163.47,72.53,19-00-13-523,15.14,-9.81
155.36,61.95,19-00-13-638,6.44,-24.98
144.67,45.69,19-00-13-750,2.98,-44.82
130.35,32.46,19-00-13-857,5.21,-61.50
104.40,15.36,19-00-13-953,2.28,-61.50
86.22,15.36,19-00-14-058,0.50,-61.50
58.11,22.98,19-00-14-146,0.60,-74.51
35.45,39.83,19-00-14-247,5.71,-60.41
23.93,64.76,19-00-14-354,5.70,-30.29
15.23,77.70,19-00-14-448,0.79,-12.40
15.66,82.31,19-00-14-549,4.53,-5.40
14.61,83.68,19-00-14-649,0.90,-6.90
14.63,82.01,19-00-14-747,5.59,-11.02
16.55,78.63,19-00-14-846,9.98,-16.82
15.63,76.68,19-00-14-951,10.66,-19.08
23.12,69.41,19-00-15-051,15.22,-30.03
30.14,59.84,19-00-15-152,12.78,-39.62
31.59,58.34,19-00-15-244,10.47,-39.84
31.76,58.17,19-00-15-364,9.12,-39.22
51.65,41.57,19-00-15-469,4.85,-53.80
71.30,19.51,19-00-15-572,1.01,-53.80
96.67,19.51,19-00-15-666,4.75,-53.80
114.27,22.94,19-00-15-765,6.83,-78.56
132.45,34.56,19-00-15-866,8.93,-58.74
139.86,49.07,19-00-15-966,13.63,-39.32
146.72,57.21,19-00-16-066,11.88,-30.45
153.82,64.45,19-00-16-165,11.23,-23.07
159.83,74.49,19-00-16-264,17.16,-8.91
168.22,78.10,19-00-16-364,18.09,-3.01
168.22,79.25,19-00-16-463,15.64,-2.70
168.22,77.54,19-00-16-580,12.06,-6.10
160.93,72.44,19-00-16-682,8.03,-13.97
160.67,70.96,19-00-16-783,7.01,-15.78
154.53,62.59,19-00-16-881,1.63,-29.18
145.35,51.21,19-00-16-983,2.41,-41.69
144.22,46.88,19-00-17-082,0.27,-46.06
142.40,47.01,19-00-17-181,0.20,-45.08
142.38,47.08,19-00-17-282,2.32,-43.61
120.50,24.28,19-00-17-379,3.29,-75.32
103.71,24.28,19-00-17-469,2.91,-75.32
74.39,9.40,19-00-17-563,2.54,-75.32
53.28,32.03,19-00-17-675,1.13,-62.56
37.44,47.67,19-00-17-770,3.52,-41.05
23.63,67.11,19-00-17-888,1.83,-25.14
16.61,76.81,19-00-17-995,12.53,-20.41
13.75,83.69,19-00-18-114,8.66,-10.88
14.87,86.12,19-00-18-220,1.79,-4.80
12.96,85.06,19-00-18-339,2.35,-6.18
12.66,82.79,19-00-18-432,7.92,-11.31
11.37,79.82,19-00-18-532,12.54,-17.19
18.10,75.54,19-00-18-652,20.81,-26.78
26.98,66.14,19-00-18-753,17.00,-34.90
32.89,54.53,19-00-18-873,9.95,-43.32
36.80,46.77,19-00-18-984,6.33,-49.05
38.85,46.05,19-00-19-082,4.96,-48.64
52.10,41.04,19-00-19-194,5.17,-53.96
88.28,7.63,19-00-19-309,0.96,-53.96
113.63,23.15,19-00-19-401,5.01,-79.19
131.67,24.32,19-00-19-500,1.16,-82.37
142.83,52.45,19-00-19-601,6.82,-35.50
152.28,59.75,19-00-19-703,11.01,-27.97
156.10,64.08,19-00-19-817,14.13,-22.39
156.92,74.16,19-00-19-921,21.64,-6.51
160.37,76.75,19-00-20-033,21.58,-3.04
163.61,76.62,19-00-20-132,16.59,-5.24
160.57,74.06,19-00-20-236,14.55,-9.35
156.96,70.94,19-00-20-346,10.74,-14.35
148.27,58.90,19-00-20-447,5.19,-29.55
139.30,50.81,19-00-20-547,0.27,-40.80
137.31,41.12,19-00-20-647,1.25,-55.15
118.63,29.03,19-00-20-748,3.43,-67.84
111.74,22.30,19-00-20-845,2.28,-72.29
106.12,12.05,19-00-20-953,0.79,-72.29
84.14,12.05,19-00-21-089,0.49,-72.29
65.17,20.83,19-00-21-186,1.09,-81.07
51.40,33.22,19-00-21-299,0.97,-60.77
42.94,39.70,19-00-21-399,1.87,-50.69
32.34,55.16,19-00-21-501,3.00,-35.57
23.93,64.53,19-00-21-599,0.64,-26.77
16.30,71.66,19-00-21-700,2.21,-20.88
8.23,80.32,19-00-21-799,7.06,-13.85
11.37,82.57,19-00-21-902,7.10,-11.37
13.95,83.27,19-00-22-015,6.21,-10.26
14.82,83.15,19-00-22-114,6.78,-10.69
13.62,82.14,19-00-22-213,8.52,-12.66
8.49,81.15,19-00-22-314,10.11,-14.63
8.49,78.88,19-00-22-418,8.56,-16.43
8.49,77.48,19-00-22-514,7.67,-17.51
12.47,69.27,19-00-22-614,4.50,-23.89
17.70,63.95,19-00-22-697,4.05,-28.38
27.03,59.98,19-00-22-805,1.48,-31.30
56.99,35.46,19-00-22-920,2.93,-61.37
81.52,9.12,19-00-23-015,0.85,-61.37
102.84,15.89,19-00-23-113,0.01,-61.37
109.63,19.28,19-00-23-231,0.23,-61.37
127.82,24.98,19-00-23-331,3.90,-61.37
134.31,45.64,19-00-23-440,0.78,-49.00
147.68,57.52,19-00-23-552,6.94,-31.67
155.26,65.20,19-00-23-648,11.96,-21.93
165.19,77.28,19-00-23-754,19.04,-3.67
169.65,82.88,19-00-23-852,20.13,-3.28
178.12,84.91,19-00-23-970,19.04,-5.07
178.12,84.80,19-00-24-067,15.95,-3.51
178.12,80.13,19-00-24-167,11.84,-3.40
178.12,76.64,19-00-24-272,8.48,-8.73
164.11,72.31,19-00-24-384,4.35,-15.44
157.12,63.62,19-00-24-486,2.72,-28.64
150.18,55.67,19-00-24-611,0.43,-34.75
141.30,48.79,19-00-24-720,6.03,-42.57
121.34,27.07,19-00-24-837,6.87,-66.38
106.05,19.93,19-00-24-938,2.06,-77.54
81.22,19.93,19-00-25-058,4.65,-77.54
70.82,15.06,19-00-25-165,0.64,-77.54
54.55,30.51,19-00-25-267,1.58,-61.65
35.47,42.15,19-00-25-364,3.91,-47.72
23.73,59.39,19-00-25-467,0.51,-32.52
22.82,68.69,19-00-25-563,6.31,-26.46
22.82,76.38,19-00-25-671,7.92,-18.40
22.82,79.84,19-00-25-785,7.45,-14.34
9.67,79.58,19-00-25-895,8.24,-14.94
9.67,80.35,19-00-25-998,8.39,-14.37
8.58,79.96,19-00-26-102,10.08,-15.56
6.35,79.58,19-00-26-205,10.62,-16.21
6.35,79.59,19-00-26-316,10.23,-16.06
6.35,79.68,19-00-26-416,9.89,-15.84
6.35,79.70,19-00-26-522,9.94,-15.85
6.35,79.23,19-00-26-626,11.16,-17.16
6.35,77.23,19-00-26-738,7.89,-17.45
22.07,60.49,19-00-26-832,1.19,-32.64
56.23,32.38,19-00-26-937,7.24,-61.37
74.10,12.54,19-00-27-033,9.63,-61.37
99.91,12.54,19-00-27-137,6.91,-61.37
116.80,23.16,19-00-27-251,4.43,-61.37
129.00,31.07,19-00-27-353,0.15,-72.93
144.77,55.29,19-00-27-458,3.73,-35.33
152.86,65.56,19-00-27-557,8.85,-22.17
149.03,73.45,19-00-27-669,6.91,-14.32
165.87,78.51,19-00-27-768,9.01,-7.69
171.70,80.60,19-00-27-868,9.11,-4.71
171.70,78.19,19-00-27-990,7.33,-8.09
172.41,74.89,19-00-28-083,2.39,-13.53
162.23,72.30,19-00-28-184,1.17,-17.98
159.03,71.06,19-00-28-281,1.78,-19.69
158.90,70.36,19-00-28-380,1.55,-20.39
158.79,67.57,19-00-28-487,3.84,-24.66
149.17,56.63,19-00-28-585,3.04,-35.13
132.46,38.68,19-00-28-692,7.52,-58.81
112.70,23.39,19-00-28-785,3.86,-76.96
91.45,23.39,19-00-28-881,1.46,-76.96
63.52,17.87,19-00-28-981,1.82,-85.39
52.47,31.21,19-00-29-081,2.44,-62.69
35.43,43.11,19-00-29-183,0.77,-49.44
26.00,53.48,19-00-29-279,1.32,-39.09
19.90,64.10,19-00-29-380,3.83,-30.05
19.90,74.01,19-00-29-479,9.97,-22.72
19.90,80.34,19-00-29-580,11.36,-16.22
19.90,82.02,19-00-29-679,8.62,-12.56
11.51,82.35,19-00-29-791,6.63,-10.95
6.75,80.75,19-00-29-904,9.75,-14.31
5.58,79.02,19-00-29-997,13.51,-18.07
12.16,77.09,19-00-30-114,15.56,-21.10
12.38,76.62,19-00-30-199,16.16,-22.06
12.54,76.27,19-00-30-300,14.59,-21.65
21.09,68.09,19-00-30-401,17.07,-31.14
35.28,53.49,19-00-30-498,5.25,-40.34
75.02,15.60,19-00-30-601,4.78,-79.96
92.87,15.60,19-00-30-699,4.96,-79.96
116.29,24.08,19-00-30-800,3.27,-79.47
128.84,31.88,19-00-30-916,1.58,-67.96
145.11,56.59,19-00-31-024,6.63,-33.30
154.48,65.97,19-00-31-131,12.25,-20.07
171.64,74.12,19-00-31-235,15.09,-9.53
171.64,79.04,19-00-31-330,14.57,-3.43
171.64,80.07,19-00-31-414,12.54,-3.03
171.64,79.21,19-00-31-514,12.22,-4.32
168.75,73.77,19-00-31-617,6.09,-12.74
158.67,71.30,19-00-31-731,3.00,-17.74
148.32,56.43,19-00-31-844,1.13,-34.66
143.96,41.11,19-00-31-948,0.34,-51.29
142.57,40.70,19-00-32-052,1.09,-51.91
125.84,29.53,19-00-32-181,2.39,-63.44
93.25,29.53,19-00-32-295,1.79,-63.44
69.30,17.35,19-00-32-397,1.38,-63.44
57.21,28.54,19-00-32-505,2.29,-65.55
40.91,40.95,19-00-32-619,3.86,-50.39
32.87,49.99,19-00-32-718,9.01,-35.11
16.62,65.06,19-00-32-814,4.19,-23.94
13.10,76.19,19-00-32-922,4.12,-16.48
10.68,80.47,19-00-33-038,13.11,-16.53
14.81,83.01,19-00-33-138,13.21,-13.90
14.16,82.45,19-00-33-247,13.89,-14.96
14.16,80.30,19-00-33-346,16.53,-19.32
14.16,77.85,19-00-33-450,13.97,-20.49
11.76,75.29,19-00-33-554,4.44,-17.68
23.61,58.91,19-00-33-650,0.71,-30.98
43.80,45.49,19-00-33-748,5.06,-43.78
54.24,38.40,19-00-33-846,6.09,-49.97
55.42,37.70,19-00-33-956,7.31,-50.24
82.83,12.73,19-00-34-068,4.10,-50.24
112.20,21.69,19-00-34-166,1.70,-82.97
127.88,33.93,19-00-34-277,2.10,-72.04
141.60,53.03,19-00-34-378,0.27,-39.70
150.48,66.88,19-00-34-491,9.16,-20.90
161.25,74.46,19-00-34-596,12.22,-10.38
172.11,77.71,19-00-34-698,10.45,-6.96
172.11,77.86,19-00-34-797,8.31,-7.82
172.11,74.71,19-00-34-906,5.17,-12.16
160.60,69.81,19-00-35-015,3.20,-18.78
150.75,62.48,19-00-35-114,1.55,-27.31
141.61,49.85,19-00-35-213,2.67,-41.82
129.05,30.82,19-00-35-316,4.82,-63.71
111.81,15.16,19-00-35-413,4.38,-63.71
87.98,15.16,19-00-35-517,3.36,-63.71
73.92,3.76,19-00-35-612,1.19,-63.71
60.65,23.59,19-00-35-713,1.78,-73.39
54.82,32.49,19-00-35-818,4.36,-60.31
47.36,37.42,19-00-35-924,6.07,-54.73
21.11,66.15,19-00-36-033,2.44,-23.62
21.11,81.72,19-00-36-131,2.66,-9.82
11.91,84.41,19-00-36-230,2.62,-7.03
7.65,83.03,19-00-36-329,3.64,-8.98
5.38,81.63,19-00-36-432,6.04,-11.47
5.38,79.41,19-00-36-530,9.38,-16.11
9.48,78.31,19-00-36-633,1.85,-12.94
23.50,65.92,19-00-36-734,2.57,-26.98
38.21,51.66,19-00-36-830,3.24,-42.59
54.91,44.54,19-00-36-933,2.82,-45.69
65.17,36.42,19-00-37-034,7.08,-54.08
75.73,26.81,19-00-37-128,11.94,-64.48
91.97,18.94,19-00-37-212,4.73,-83.39
103.57,23.94,19-00-37-316,2.59,-77.62
118.60,31.75,19-00-37-413,2.07,-62.20
118.65,34.39,19-00-37-510,1.67,-60.04
118.84,35.56,19-00-37-613,1.61,-59.35
127.26,42.29,19-00-37-714,2.94,-53.04
137.39,54.70,19-00-37-813,6.61,-35.17
150.40,68.13,19-00-37-922,15.16,-17.99
159.57,77.39,19-00-38-012,20.22,-3.59
165.21,84.56,19-00-38-115,23.89,-6.89
169.55,87.01,19-00-38-217,24.07,-9.90
172.81,85.91,19-00-38-318,21.67,-7.52
172.81,82.43,19-00-38-431,17.40,-1.86
172.81,77.29,19-00-38-530,10.44,-6.95
160.60,69.96,19-00-38-632,1.04,-21.20
153.10,60.46,19-00-38-734,2.93,-31.89
140.24,50.03,19-00-38-848,8.63,-43.44
133.06,44.28,19-00-38-950,6.74,-49.62
130.65,44.18,19-00-39-047,4.71,-49.26
130.99,42.23,19-00-39-148,4.65,-52.44
130.91,42.44,19-00-39-245,3.77,-51.85
130.33,42.86,19-00-39-345,3.27,-51.53
129.74,43.55,19-00-39-446,2.93,-50.60
129.61,44.21,19-00-39-546,2.18,-49.34
127.05,40.66,19-00-39-646,3.15,-53.40
112.16,27.57,19-00-39-747,0.86,-67.42
86.61,27.57,19-00-39-847,0.98,-67.42
60.54,17.03,19-00-39-966,1.96,-67.42
43.56,33.05,19-00-40-062,0.15,-62.63
20.03,59.35,19-00-40-164,1.97,-31.70
20.03,76.21,19-00-40-270,2.32,-15.64
5.47,83.29,19-00-40-373,6.03,-9.99
5.47,83.36,19-00-40-483,7.91,-10.94
5.47,78.10,19-00-40-600,14.48,-20.47
13.92,74.04,19-00-40-699,16.27,-26.12
23.87,66.27,19-00-40-798,7.12,-29.82
36.54,51.32,19-00-40-905,4.79,-43.50
67.84,31.79,19-00-41-015,3.47,-64.41
94.72,20.41,19-00-41-113,7.33,-64.41
111.45,31.49,19-00-41-213,2.29,-61.29
125.65,39.18,19-00-41-319,4.58,-56.98
129.82,47.20,19-00-41-413,5.08,-46.46
143.90,58.38,19-00-41-514,9.24,-28.66
147.59,69.91,19-00-41-612,14.12,-16.17
147.59,78.84,19-00-41-713,11.86,-5.18
147.59,80.37,19-00-41-813,11.52,-3.59
147.59,79.39,19-00-41-916,10.70,-4.53
169.88,73.63,19-00-42-015,5.78,-13.19
161.32,73.10,19-00-42-115,9.06,-12.43
145.10,56.14,19-00-42-213,1.14,-33.17
138.88,42.97,19-00-42-319,1.91,-47.92
114.12,26.75,19-00-42-429,4.67,-73.12
97.65,26.75,19-00-42-530,2.19,-73.12
76.07,26.75,19-00-42-643,2.43,-73.12
62.26,21.87,19-00-42-730,1.66,-77.60
43.38,40.26,19-00-42-831,2.41,-53.50
31.43,46.69,19-00-42-938,0.52,-46.82
19.58,59.43,19-00-43-032,2.08,-33.86
14.75,68.82,19-00-43-131,4.97,-25.29
15.18,69.84,19-00-43-227,7.71,-25.70
11.49,72.52,19-00-43-332,11.81,-24.89
11.49,79.97,19-00-43-435,13.52,-18.11
12.69,81.95,19-00-43-531,11.38,-14.16
12.69,78.52,19-00-43-636,15.05,-20.86
12.69,76.14,19-00-43-730,14.01,-22.49
18.61,72.03,19-00-43-831,8.46,-23.53
26.18,62.71,19-00-43-937,6.92,-32.06
36.24,50.92,19-00-44-035,6.24,-44.48
57.46,33.29,19-00-44-154,0.17,-61.51
83.57,5.30,19-00-44-250,1.07,-61.51
104.23,16.14,19-00-44-385,1.79,-61.51
117.13,27.77,19-00-44-510,0.33,-67.66
132.17,46.78,19-00-44-625,5.21,-44.28
153.40,67.07,19-00-44-749,12.91,-19.87
165.94,76.68,19-00-44-867,14.93,-7.38
163.74,82.54,19-00-45-015,16.93,-1.09
173.14,84.14,19-00-45-153,17.44,-3.49
173.14,81.60,19-00-45-284,12.39,-1.27
164.41,74.93,19-00-45-412,8.72,-10.08
154.30,64.80,19-00-45-549,4.58,-28.39
140.65,51.07,19-00-45-675,8.63,-45.38
128.89,32.86,19-00-45-783,7.08,-61.45
103.65,13.80,19-00-45-927,3.67,-61.45
76.54,13.80,19-00-46-050,2.72,-61.45
59.34,17.76,19-00-46-162,2.64,-61.45
42.23,36.80,19-00-46-267,3.58,-57.27
31.20,46.61,19-00-46-364,5.44,-49.29
20.93,61.73,19-00-46-465,7.30,-34.35
13.45,77.06,19-00-46-565,0.83,-13.70
13.78,85.56,19-00-46-662,13.97,-2.92
14.70,90.93,19-00-46-763,26.53,15.05
16.33,92.44,19-00-46-863,25.16,15.62
16.45,92.28,19-00-46-996,24.20,14.92
11.97,85.11,19-00-47-109,3.95,-2.73
12.78,73.67,19-00-47-211,14.39,-25.19
10.53,53.96,19-00-47-317,0.70,-40.86
53.83,36.70,19-00-47-434,1.67,-59.36
70.83,24.56,19-00-47-532,8.16,-76.74
91.58,8.74,19-00-47-632,4.06,-76.74
102.46,18.64,19-00-47-753,3.15,-76.74
115.68,29.72,19-00-47-876,2.34,-63.16
128.08,35.25,19-00-48-004,1.25,-67.29
139.91,53.90,19-00-48-142,3.05,-38.26
157.04,66.42,19-00-48-285,5.18,-23.59
157.04,74.62,19-00-48-415,7.96,-11.75
157.04,80.84,19-00-48-523,12.84,-1.96
157.04,81.94,19-00-48-638,14.38,-0.02
157.04,82.48,19-00-48-749,13.14,-0.01
157.04,80.33,19-00-48-870,11.41,-3.28
157.04,73.79,19-00-48-995,6.79,-12.35
154.82,58.67,19-00-49-106,0.13,-31.37
148.67,46.07,19-00-49-215,1.37,-44.83
126.84,27.56,19-00-49-321,3.20,-62.68
102.56,27.56,19-00-49-433,0.85,-62.68
84.33,27.56,19-00-49-533,0.51,-62.68
67.17,13.17,19-00-49-644,2.90,-62.68
55.56,26.93,19-00-49-747,1.92,-75.65
40.37,38.19,19-00-49-853,2.92,-57.29
31.94,52.22,19-00-49-964,2.22,-40.82
18.73,65.77,19-00-50-060,6.40,-29.46
18.73,71.48,19-00-50-165,8.59,-24.09
18.73,79.22,19-00-50-261,9.42,-15.82
13.89,82.61,19-00-50-378,5.96,-10.39
10.71,86.43,19-00-50-486,1.48,-2.70
7.99,83.93,19-00-50-598,2.99,-7.48
7.59,83.52,19-00-50-697,3.81,-8.29
5.60,83.09,19-00-50-798,4.17,-8.88
2.67,81.45,19-00-50-904,9.71,-13.55
2.67,76.99,19-00-51-012,16.76,-22.65
14.98,67.00,19-00-51-095,11.39,-30.49
37.30,53.99,19-00-51-197,5.43,-40.99
57.22,39.80,19-00-51-302,3.22,-52.44
77.66,24.33,19-00-51-397,7.05,-65.40
96.26,13.24,19-00-51-498,6.62,-65.40
107.41,20.49,19-00-51-599,1.78,-65.40
122.64,28.89,19-00-51-695,2.46,-63.19
126.64,34.32,19-00-51-784,0.84,-65.62
141.96,51.33,19-00-51-878,2.67,-39.40
148.73,61.97,19-00-51-978,9.36,-26.16
155.09,68.69,19-00-52-087,14.30,-16.52
155.09,78.38,19-00-52-201,17.60,-2.96
155.09,80.32,19-00-52-295,11.78,-3.54
155.09,80.24,19-00-52-420,10.08,-4.30
155.09,79.30,19-00-52-511,12.15,-4.16
155.09,75.59,19-00-52-615,7.84,-9.42
157.79,68.52,19-00-52-717,0.42,-21.81
141.06,49.53,19-00-52-817,6.98,-41.76
119.77,27.85,19-00-52-934,4.52,-65.08
88.95,27.85,19-00-53-037,5.26,-65.08
67.99,16.25,19-00-53-162,0.13,-75.36
48.40,37.48,19-00-53-270,2.30,-53.04
42.85,43.44,19-00-53-364,0.63,-48.35
20.81,65.34,19-00-53-462,2.69,-27.58
8.31,76.03,19-00-53-566,11.56,-20.54
6.31,86.16,19-00-53-684,2.83,-2.35
9.05,89.52,19-00-53-797,12.03,-5.91
9.05,89.01,19-00-53-910,8.61,-3.73
9.05,82.64,19-00-54-016,3.74,-9.30
9.05,79.64,19-00-54-113,11.23,-17.04
11.51,72.89,19-00-54-217,24.69,-32.59
21.75,66.16,19-00-54-322,17.67,-36.15
23.19,64.98,19-00-54-435,12.67,-34.40
30.22,57.10,19-00-54-534,2.37,-36.19
55.08,43.56,19-00-54-648,2.22,-47.76
89.12,23.22,19-00-54-747,6.28,-74.84
101.89,21.70,19-00-54-845,6.85,-74.84
116.64,34.01,19-00-54-950,0.67,-61.03
126.14,37.42,19-00-55-046,4.10,-55.65
132.57,49.24,19-00-55-159,5.75,-40.33
142.50,59.71,19-00-55-245,8.98,-27.01
156.29,69.38,19-00-55-347,14.02,-16.09
171.54,76.44,19-00-55-444,15.58,-6.39
167.27,81.83,19-00-55-552,16.84,-0.33
170.78,83.63,19-00-55-649,16.70,-2.36
172.83,78.91,19-00-55-749,9.16,-6.17
162.14,74.50,19-00-55-847,3.34,-13.62
157.04,69.81,19-00-55-949,3.92,-22.92
146.30,57.41,19-00-56-058,6.13,-37.76
143.98,55.09,19-00-56-161,3.86,-38.31
143.32,54.78,19-00-56-261,2.85,-37.76
137.15,48.08,19-00-56-370,8.10,-46.16
109.59,18.87,19-00-56-463,5.38,-46.16
85.86,18.87,19-00-56-562,2.72,-46.16
56.83,21.39,19-00-56-665,2.14,-73.37
34.25,41.00,19-00-56-764,1.39,-49.83
35.68,45.40,19-00-56-865,0.90,-46.19
36.65,46.85,19-00-56-977,0.53,-45.43
21.42,65.84,19-00-57-086,5.56,-28.71
21.42,80.35,19-00-57-177,5.71,-12.64
21.42,85.34,19-00-57-297,8.09,-0.32
21.42,83.63,19-00-57-403,1.95,-7.37
21.42,77.80,19-00-57-513,12.02,-19.06
17.04,74.97,19-00-57-614,13.17,-22.51
26.08,63.94,19-00-57-715,10.32,-34.20
32.75,55.63,19-00-57-816,6.23,-40.01
49.67,45.00,19-00-57-932,0.70,-47.48
57.34,38.61,19-00-58-031,3.19,-52.68
57.97,37.75,19-00-58-130,4.39,-52.71
74.09,24.00,19-00-58-243,10.34,-73.09
99.54,19.84,19-00-58-352,7.41,-73.09
126.64,33.95,19-00-58-445,1.68,-71.81
141.52,56.03,19-00-58-548,2.74,-34.81
147.91,65.40,19-00-58-663,7.20,-23.48
156.85,71.98,19-00-58-767,8.41,-15.57
160.66,75.68,19-00-58-888,6.96,-10.96
171.44,76.58,19-00-58-980,6.28,-10.16
168.65,74.74,19-00-59-083,2.62,-13.84
158.22,70.06,19-00-59-184,1.43,-21.03
154.91,69.54,19-00-59-283,0.25,-20.59
148.34,59.93,19-00-59-381,4.23,-33.03
139.97,46.63,19-00-59-492,3.95,-47.78
116.90,29.86,19-00-59-619,0.62,-65.44
93.43,29.86,19-00-59-715,0.54,-65.44
84.27,29.86,19-00-59-819,1.19,-65.44
84.71,29.86,19-00-59-916,1.22,-65.44
85.06,29.86,19-01-00-024,0.30,-65.44
56.50,24.13,19-01-00-130,0.77,-73.48
31.15,52.26,19-01-00-231,0.46,-39.32
31.15,72.23,19-01-00-331,4.80,-21.50
31.15,80.76,19-01-00-430,9.43,-14.20
7.01,84.80,19-01-00-528,3.31,-6.86
7.01,83.46,19-01-00-637,8.84,-11.28
7.01,77.63,19-01-00-746,16.24,-21.99
14.71,73.80,19-01-00-847,15.95,-25.74
25.94,65.86,19-01-00-948,11.61,-32.65
32.69,52.32,19-01-01-049,1.04,-42.72
55.12,41.72,19-01-01-149,1.46,-49.25
73.84,27.02,19-01-01-263,10.53,-66.30
86.80,23.43,19-01-01-362,6.21,-73.38
104.52,24.42,19-01-01-468,4.58,-78.32
117.37,31.56,19-01-01-566,2.97,-56.00
132.46,46.60,19-01-01-661,7.51,-44.59
138.41,53.02,19-01-01-745,8.46,-36.10
137.93,53.94,19-01-01-844,7.44,-35.72
138.17,53.91,19-01-01-951,6.35,-35.51
153.05,68.93,19-01-02-046,19.17,-14.95
160.35,76.69,19-01-02-147,16.58,-6.12
166.55,77.73,19-01-02-261,11.38,-6.90
156.31,70.71,19-01-02-364,7.48,-16.55
147.67,64.91,19-01-02-461,3.76,-24.14
137.42,51.77,19-01-02-578,4.51,-43.05
120.05,32.83,19-01-02-679,6.95,-65.01
100.89,27.21,19-01-02-785,2.55,-64.56
76.98,17.86,19-01-02-899,10.79,-70.98
57.55,28.67,19-01-02-997,4.09,-58.09
44.08,38.93,19-01-03-098,3.04,-48.88
32.55,48.17,19-01-03-208,1.33,-41.98
19.27,64.03,19-01-03-318,5.51,-30.45
3.79,74.42,19-01-03-411,7.00,-19.75
12.07,79.96,19-01-03-516,8.64,-14.76
14.16,83.73,19-01-03-609,3.35,-7.96
14.23,83.87,19-01-03-713,2.88,-7.59
14.46,84.00,19-01-03-813,3.12,-7.60
8.01,81.11,19-01-03-916,11.66,-15.06
8.01,78.78,19-01-04-013,13.33,-19.09
17.50,71.61,19-01-04-114,19.58,-30.84
23.82,64.89,19-01-04-214,10.85,-32.81
33.65,57.41,19-01-04-316,5.46,-37.85
59.00,41.28,19-01-04-415,3.53,-49.13
82.95,25.27,19-01-04-536,3.45,-66.91
96.44,23.96,19-01-04-632,5.55,-75.35
108.29,28.09,19-01-04-735,0.61,-68.65
122.58,27.85,19-01-04-834,2.81,-68.65
129.84,47.11,19-01-04-937,3.66,-47.32
142.60,58.75,19-01-05-040,9.29,-28.27
149.72,65.79,19-01-05-161,19.50,-16.29
154.00,72.97,19-01-05-251,23.39,-7.32
159.22,74.20,19-01-05-352,16.12,-8.66
157.94,73.99,19-01-05-472,12.55,-10.60
160.65,73.89,19-01-05-567,12.06,-10.78
156.33,70.56,19-01-05-682,8.15,-16.25
150.09,63.34,19-01-05-780,2.20,-28.40
140.01,45.85,19-01-05-898,8.29,-52.05
107.03,26.22,19-01-05-997,1.13,-71.98
84.39,26.22,19-01-06-099,3.02,-71.98
65.49,16.47,19-01-06-197,1.88,-86.31
45.67,36.35,19-01-06-298,2.81,-55.22
26.11,53.09,19-01-06-413,1.34,-39.14
17.38,66.81,19-01-06-519,6.29,-28.06
17.38,79.50,19-01-06-628,10.04,-15.95
9.23,81.32,19-01-06-729,10.50,-14.27
6.75,80.66,19-01-06-830,13.11,-16.53
6.75,79.43,19-01-06-933,15.85,-19.70
6.75,78.81,19-01-07-028,15.59,-20.56
6.75,78.12,19-01-07-132,14.35,-21.04
12.05,75.95,19-01-07-233,4.34,-16.71
13.42,74.60,19-01-07-330,1.20,-16.33
12.63,73.91,19-01-07-426,0.45,-16.65
33.18,54.20,19-01-07-531,0.06,-37.61
57.15,37.74,19-01-07-629,4.82,-52.80
76.45,24.26,19-01-07-731,7.56,-67.44
108.95,22.45,19-01-07-844,3.73,-83.89
121.50,35.07,19-01-07-950,1.78,-57.48
131.59,43.89,19-01-08-052,6.90,-49.07
140.98,55.83,19-01-08-144,11.90,-30.84
145.14,61.28,19-01-08-250,16.77,-23.15
153.94,72.60,19-01-08-346,22.50,-8.45
160.30,75.08,19-01-08-449,19.04,-6.48
158.50,73.19,19-01-08-551,15.47,-10.30
158.91,71.34,19-01-08-645,11.01,-14.08
153.38,68.14,19-01-08-748,6.91,-18.60
145.29,58.67,19-01-08-851,2.77,-34.24
137.01,49.53,19-01-08-948,4.94,-45.10
133.33,38.49,19-01-09-043,6.93,-59.72
108.14,26.21,19-01-09-152,4.72,-73.46
99.32,1.99,19-01-09-265,0.04,-73.46
84.20,1.99,19-01-09-366,0.57,-73.46
52.81,31.03,19-01-09-481,4.16,-58.55
40.27,41.35,19-01-09-579,2.05,-49.05
25.11,59.02,19-01-09-682,10.03,-26.28
15.95,69.67,19-01-09-782,7.13,-17.36
15.95,77.99,19-01-09-880,0.90,-11.87
15.95,80.41,19-01-09-983,5.90,-13.03
15.95,81.05,19-01-10-081,6.45,-12.70
15.95,81.12,19-01-10-186,6.87,-12.81
15.95,80.69,19-01-10-279,7.44,-13.52
15.95,78.34,19-01-10-379,7.25,-15.80
15.95,76.52,19-01-10-482,6.90,-17.88
19.58,70.36,19-01-10-580,2.87,-21.91
29.29,56.19,19-01-10-684,3.44,-38.27
37.36,49.21,19-01-10-779,2.14,-46.53
57.55,35.72,19-01-10-878,7.05,-55.76
69.77,22.75,19-01-10-979,11.10,-72.74
70.15,20.70,19-01-11-077,11.95,-74.03
76.37,14.49,19-01-11-179,8.00,-74.75
94.28,17.31,19-01-11-281,3.23,-80.68
109.85,24.29,19-01-11-379,5.88,-66.85
128.49,45.31,19-01-11-479,8.26,-47.03
147.35,65.13,19-01-11-580,21.29,-16.18
156.44,74.98,19-01-11-677,24.05,-4.58
162.58,78.12,19-01-11-779,20.71,-1.93
169.85,79.48,19-01-11-882,16.20,-2.21
166.35,77.63,19-01-11-981,11.18,-6.62
158.76,73.67,19-01-12-092,5.87,-13.06
153.89,72.55,19-01-12-176,11.59,-11.03
146.27,61.41,19-01-12-277,2.60,-30.84
137.09,46.77,19-01-12-380,6.89,-50.41
128.40,34.83,19-01-12-477,3.65,-61.19
113.50,26.56,19-01-12-577,3.58,-65.82
92.94,26.56,19-01-12-679,1.83,-65.82
78.75,26.56,19-01-12-779,3.75,-65.82
60.71,20.34,19-01-12-881,1.99,-74.46
55.19,28.25,19-01-12-980,1.65,-65.56
41.73,32.98,19-01-13-080,0.63,-63.86
22.36,58.14,19-01-13-176,4.70,-31.45
23.05,61.61,19-01-13-280,2.54,-29.53
24.18,62.67,19-01-13-378,1.59,-29.14
24.60,63.15,19-01-13-512,1.22,-28.85
24.70,63.21,19-01-13-592,1.15,-28.85
24.83,63.25,19-01-13-692,1.21,-28.74
25.00,63.24,19-01-13-795,1.33,-28.64
25.12,63.21,19-01-13-898,1.39,-28.62
25.18,63.20,19-01-13-998,1.42,-28.61
8.76,75.84,19-01-14-101,4.35,-12.29
8.76,82.06,19-01-14-198,1.72,-9.16
8.76,82.08,19-01-14-305,6.28,-11.67
8.76,80.97,19-01-14-397,9.52,-14.57
8.76,78.98,19-01-14-507,11.66,-18.33
8.76,76.46,19-01-14-599,10.07,-19.92
21.90,63.06,19-01-14-712,2.34,-29.74
50.63,45.12,19-01-14-811,4.07,-46.40
77.52,23.45,19-01-14-921,7.57,-71.25
104.05,23.73,19-01-15-034,4.50,-84.00
122.92,35.37,19-01-15-131,0.51,-56.22
140.26,52.90,19-01-15-228,10.16,-35.48
150.67,62.82,19-01-15-329,14.46,-24.12
152.44,68.68,19-01-15-431,14.98,-17.09
158.24,71.47,19-01-15-532,12.23,-13.56
157.35,69.00,19-01-15-631,5.90,-19.17
149.15,67.44,19-01-15-727,4.65,-20.60
140.63,58.16,19-01-15-810,2.06,-34.21
127.28,34.25,19-01-15-918,2.96,-61.96
95.40,34.25,19-01-16-031,5.35,-61.96
72.39,11.36,19-01-16-142,0.03,-61.96
48.83,33.42,19-01-16-252,3.68,-57.93
33.42,42.92,19-01-16-345,0.71,-50.79
18.21,60.21,19-01-16-450,3.02,-29.56
18.21,78.38,19-01-16-545,3.18,-13.46
18.21,83.58,19-01-16-664,1.69,-7.39
18.21,84.99,19-01-16-781,4.75,-7.71
18.21,80.96,19-01-16-881,10.69,-15.11
18.21,77.40,19-01-16-979,16.17,-22.43
4.56,74.90,19-01-17-062,17.09,-25.71
4.05,75.05,19-01-17-163,16.44,-25.11
13.20,73.83,19-01-17-269,18.38,-27.53
10.51,73.36,19-01-17-367,17.72,-27.91
10.51,73.96,19-01-17-462,16.27,-26.61
10.51,75.52,19-01-17-579,14.09,-23.28
10.51,76.56,19-01-17-678,12.28,-20.79
10.51,77.13,19-01-17-780,11.14,-19.42
10.51,77.60,19-01-17-878,10.59,-18.46
10.51,77.74,19-01-17-979,10.47,-18.28
10.51,77.93,19-01-18-078,10.16,-17.85
10.51,78.21,19-01-18-183,9.88,-17.44
10.51,78.52,19-01-18-280,9.92,-17.26
10.51,78.59,19-01-18-387,9.81,-17.13
10.51,78.63,19-01-18-494,9.80,-17.06
10.51,78.64,19-01-18-577,9.84,-17.07
10.51,78.63,19-01-18-683,9.92,-17.10
