2.10,80.40,18-47-50-733,7.00,-6.65
2.10,80.39,18-47-50-853,6.88,-6.74
2.10,80.45,18-47-50-947,6.79,-6.74
2.10,80.30,18-47-51-057,6.79,-6.94
2.10,80.26,18-47-51-149,7.03,-6.86
2.10,80.20,18-47-51-259,7.01,-6.95
2.10,80.12,18-47-51-346,6.98,-7.07
2.10,79.94,18-47-51-455,7.08,-7.21
2.10,79.81,18-47-51-576,6.96,-7.43
2.10,79.72,18-47-51-684,6.94,-7.55
2.10,79.67,18-47-51-819,6.91,-7.62
2.10,79.64,18-47-51-914,6.93,-7.64
2.10,79.66,18-47-52-015,7.03,-7.54
2.10,79.72,18-47-52-114,7.13,-7.41
2.10,79.81,18-47-52-213,7.16,-7.28
2.10,79.86,18-47-52-318,7.26,-7.16
2.10,79.91,18-47-52-415,7.23,-7.13
2.10,79.96,18-47-52-520,7.20,-7.08
2.10,79.97,18-47-52-635,7.19,-7.05
2.10,79.99,18-47-52-729,7.19,-7.01
2.10,79.99,18-47-52-818,7.18,-7.00
2.10,80.02,18-47-52-916,7.21,-6.96
2.10,80.05,18-47-53-014,7.21,-6.92
2.10,80.06,18-47-53-112,7.26,-6.88
2.10,80.07,18-47-53-212,7.29,-6.86
2.10,80.08,18-47-53-299,7.32,-6.82
2.10,80.11,18-47-53-398,7.23,-6.84
2.10,80.13,18-47-53-498,7.22,-6.82
2.10,80.18,18-47-53-597,7.14,-6.81
2.10,80.21,18-47-53-702,7.06,-6.81
2.10,80.22,18-47-53-816,6.98,-6.85
2.10,80.20,18-47-53-914,6.39,-7.26
2.10,79.76,18-47-54-015,5.28,-8.48
2.10,77.88,18-47-54-115,1.41,-13.02
2.10,77.14,18-47-54-211,0.15,-14.85
2.10,76.90,18-47-54-316,0.73,-15.50
2.10,76.81,18-47-54-414,1.02,-15.80
2.10,76.75,18-47-54-520,1.19,-15.99
2.10,76.76,18-47-54-613,1.21,-16.00
2.10,76.58,18-47-54-722,2.79,-16.53
2.10,75.82,18-47-54-815,4.79,-18.62
2.10,75.79,18-47-54-913,5.54,-19.10
2.10,74.45,18-47-55-019,6.67,-21.46
2.10,69.47,18-47-55-114,11.60,-31.00
10.61,63.97,18-47-55-216,16.17,-41.99
18.65,59.46,18-47-55-315,16.96,-49.28
23.25,53.62,18-47-55-412,18.28,-60.42
31.28,49.12,18-47-55-513,18.41,-68.19
34.65,46.22,18-47-55-621,19.08,-77.14
36.35,44.26,18-47-55-740,19.10,-85.27
36.98,43.21,18-47-55-839,18.23,-85.27
37.08,42.51,18-47-55-948,17.94,-85.27
37.50,41.60,18-47-56-052,18.69,-85.27
42.02,40.62,18-47-56-152,23.42,-85.27
51.40,37.47,18-47-56-275,34.19,-85.27
63.78,37.81,18-47-56-380,52.08,-85.27
78.22,43.16,18-47-56-498,82.52,-69.99
86.17,54.95,18-47-56-599,108.43,-34.23
88.86,64.98,18-47-56-718,129.65,-11.18
89.77,70.88,18-47-56-813,142.69,-1.84
88.92,73.16,18-47-56-917,147.61,-6.90
89.11,72.22,18-47-57-017,145.24,-4.84
89.39,69.27,18-47-57-120,138.23,-1.92
88.19,68.68,18-47-57-218,136.55,-4.20
84.79,57.41,18-47-57-327,109.25,-29.40
77.15,40.36,18-47-57-435,73.39,-84.67
67.63,35.77,18-47-57-534,49.28,-84.67
57.08,34.75,18-47-57-646,30.08,-84.67
52.09,35.93,18-47-57-746,22.42,-84.67
46.79,37.62,18-47-57-847,14.70,-84.67
44.78,39.12,18-47-57-947,11.86,-88.14
43.49,39.71,18-47-58-051,10.39,-80.38
43.20,40.11,18-47-58-151,10.22,-78.76
43.05,40.28,18-47-58-250,10.46,-78.98
43.07,40.41,18-47-58-364,10.82,-79.00
42.88,40.37,18-47-58-467,10.95,-79.70
44.89,39.05,18-47-58-583,14.30,-79.70
48.97,37.43,18-47-58-683,20.09,-79.70
57.69,36.24,18-47-58-800,33.46,-79.70
66.25,35.15,18-47-58-898,49.57,-79.70
73.53,38.42,18-47-59-003,65.45,-79.70
80.95,45.69,18-47-59-102,85.15,-56.02
86.50,56.49,18-47-59-213,109.73,-29.08
89.86,65.74,18-47-59-317,130.83,-8.44
90.88,69.28,18-47-59-416,138.59,-0.51
90.43,72.50,18-47-59-534,145.28,-6.67
90.48,73.85,18-47-59-643,148.12,-9.80
90.42,72.39,18-47-59-744,144.83,-6.63
90.97,69.86,18-47-59-848,139.14,-1.04
90.58,67.70,18-47-59-967,134.59,-3.86
88.39,58.73,18-48-00-068,115.16,-23.18
85.39,47.58,18-48-00-184,94.61,-47.49
80.79,41.37,18-48-00-279,80.66,-64.67
72.21,35.92,18-48-00-384,60.27,-64.67
64.88,32.90,18-48-00-502,44.45,-64.67
60.76,31.28,18-48-00-618,36.47,-64.67
55.88,32.72,18-48-00-714,27.73,-64.67
52.38,34.34,18-48-00-814,21.98,-64.67
51.07,34.69,18-48-00-915,20.30,-64.67
49.37,35.97,18-48-01-014,18.21,-64.67
48.66,36.42,18-48-01-113,17.66,-64.67
48.48,36.72,18-48-01-218,17.72,-64.67
48.34,36.75,18-48-01-318,17.78,-64.67
48.79,36.76,18-48-01-434,18.41,-64.67
49.98,36.04,18-48-01-544,20.47,-64.67
53.63,34.93,18-48-01-645,26.11,-64.67
60.92,33.77,18-48-01-748,38.12,-64.67
69.01,34.03,18-48-01-851,52.97,-64.67
81.37,40.91,18-48-01-943,79.82,-64.53
88.31,52.55,18-48-02-050,103.77,-33.30
91.24,61.32,18-48-02-161,121.70,-14.20
93.25,68.53,18-48-02-265,136.49,-1.32
92.53,70.96,18-48-02-362,141.59,-6.71
92.49,72.75,18-48-02-473,145.14,-10.36
91.38,74.41,18-48-02-582,149.18,-13.99
91.44,74.64,18-48-02-680,149.50,-14.27
91.30,73.56,18-48-02-790,146.92,-11.25
91.94,71.23,18-48-02-889,141.50,-5.92
91.97,70.39,18-48-03-003,139.70,-4.03
90.30,60.02,18-48-03-096,117.74,-18.64
89.45,51.71,18-48-03-199,103.76,-36.58
84.41,42.77,18-48-03-299,86.10,-58.59
77.28,38.55,18-48-03-415,70.39,-74.62
71.75,35.42,18-48-03-515,57.61,-74.62
65.69,32.91,18-48-03-614,44.62,-74.62
64.90,32.32,18-48-03-713,42.77,-74.62
64.78,32.17,18-48-03-814,42.32,-74.62
64.76,32.24,18-48-03-937,42.11,-74.62
60.29,32.81,18-48-04-036,33.83,-74.62
55.39,32.76,18-48-04-149,25.64,-74.62
51.95,33.53,18-48-04-248,20.65,-74.62
50.64,34.00,18-48-04-347,19.18,-74.62
50.96,34.11,18-48-04-457,19.88,-74.62
54.52,33.88,18-48-04-564,25.20,-74.62
62.75,33.58,18-48-04-665,39.48,-74.62
75.19,34.83,18-48-04-763,64.02,-74.62
85.17,46.39,18-48-04-870,90.88,-47.33
88.43,53.55,18-48-04-967,105.47,-30.59
90.71,62.51,18-48-05-078,124.02,-11.38
91.61,67.61,18-48-05-188,134.81,-1.11
91.52,72.09,18-48-05-302,144.33,-8.71
91.02,73.62,18-48-05-398,147.81,-12.12
91.14,73.15,18-48-05-497,146.54,-10.95
91.76,71.78,18-48-05-594,142.96,-7.50
91.87,71.46,18-48-05-709,142.08,-6.54
91.51,70.52,18-48-05-819,139.74,-3.95
91.60,66.82,18-48-05-915,131.75,-4.10
90.13,54.95,18-48-06-013,108.17,-28.33
89.07,47.88,18-48-06-119,96.71,-44.12
81.75,38.53,18-48-06-228,75.36,-73.52
73.96,34.73,18-48-06-333,58.20,-73.52
66.43,32.36,18-48-06-430,41.54,-73.52
59.34,32.53,18-48-06-546,28.30,-73.52
55.45,32.63,18-48-06-643,22.58,-73.52
52.20,33.90,18-48-06-750,17.93,-73.52
50.60,34.79,18-48-06-845,16.67,-73.52
50.67,34.65,18-48-06-947,17.80,-73.52
52.12,34.80,18-48-07-046,20.45,-73.52
54.70,34.19,18-48-07-154,24.89,-73.52
66.58,34.02,18-48-07-270,46.81,-73.52
77.74,35.52,18-48-07-367,69.27,-73.52
82.14,40.48,18-48-07-478,80.04,-66.31
82.79,42.15,18-48-07-592,82.43,-60.21
89.85,55.09,18-48-07-696,108.74,-27.72
92.47,61.49,18-48-07-806,122.09,-13.42
93.78,68.26,18-48-07-906,135.42,-1.06
93.52,72.14,18-48-08-017,143.14,-9.53
92.75,74.96,18-48-08-115,149.44,-16.18
92.55,75.61,18-48-08-218,150.84,-17.76
92.42,74.75,18-48-08-329,148.85,-15.52
92.64,72.72,18-48-08-435,143.99,-10.49
92.70,71.65,18-48-08-552,141.58,-7.74
92.50,66.64,18-48-08-651,130.32,-3.32
91.98,62.74,18-48-08-763,121.73,-12.19
89.34,51.77,18-48-08-862,99.83,-36.22
83.70,43.13,18-48-08-962,79.90,-58.06
77.05,38.75,18-48-09-063,63.88,-73.77
71.27,36.12,18-48-09-161,50.97,-73.77
64.63,33.76,18-48-09-262,37.12,-73.77
61.92,32.57,18-48-09-363,31.94,-73.77
61.56,32.20,18-48-09-471,31.19,-73.77
56.04,34.25,18-48-09-584,22.88,-73.77
51.49,34.78,18-48-09-681,18.89,-73.77
49.64,35.54,18-48-09-781,17.83,-73.77
50.71,35.18,18-48-09-899,20.49,-73.77
54.82,34.77,18-48-09-998,26.82,-73.77
57.97,34.21,18-48-10-098,31.83,-73.77
68.02,34.06,18-48-10-205,51.11,-73.77
82.08,43.33,18-48-10-316,83.48,-58.28
88.37,53.82,18-48-10-415,105.79,-32.15
91.53,64.71,18-48-10-513,128.06,-8.82
92.44,70.99,18-48-10-632,141.28,-4.83
91.92,73.34,18-48-10-732,146.36,-10.47
91.94,74.73,18-48-10-851,149.19,-13.76
91.55,74.70,18-48-10-947,149.28,-13.69
91.45,73.62,18-48-11-047,146.78,-11.24
92.30,70.13,18-48-11-156,138.42,-3.29
92.52,68.84,18-48-11-263,135.47,-0.37
92.47,68.36,18-48-11-369,134.32,-0.95
91.12,58.20,18-48-11-482,112.83,-22.50
86.87,44.91,18-48-11-594,86.88,-53.85
85.43,43.06,18-48-11-701,81.82,-59.18
74.30,36.56,18-48-11-796,56.16,-59.18
65.73,35.34,18-48-11-901,38.19,-59.18
58.71,34.97,18-48-12-012,25.60,-59.18
52.87,35.50,18-48-12-115,18.91,-59.18
48.92,37.64,18-48-12-214,14.29,-59.18
47.95,38.98,18-48-12-313,13.18,-84.01
47.79,39.30,18-48-12-416,13.52,-83.90
47.99,38.77,18-48-12-530,14.51,-83.90
50.12,37.45,18-48-12-643,18.91,-83.90
52.93,36.35,18-48-12-748,23.82,-83.90
62.53,35.72,18-48-12-851,40.43,-83.90
75.05,36.30,18-48-12-964,65.26,-83.90
82.79,41.37,18-48-13-062,82.15,-69.21
86.23,46.48,18-48-13-165,92.32,-51.60
90.40,58.12,18-48-13-261,113.93,-23.92
94.71,68.28,18-48-13-364,134.78,-1.86
94.64,71.46,18-48-13-471,140.84,-5.56
93.61,74.15,18-48-13-583,146.41,-11.67
93.08,74.58,18-48-13-704,147.36,-12.91
92.10,73.98,18-48-13-822,146.49,-10.95
93.47,71.04,18-48-13-914,139.32,-4.54
94.11,69.50,18-48-14-013,136.08,-2.07
91.56,57.34,18-48-14-115,110.65,-22.66
89.79,48.49,18-48-14-212,95.39,-42.22
85.88,41.66,18-48-14-319,81.04,-60.00
81.89,38.18,18-48-14-414,71.16,-72.50
71.19,36.43,18-48-14-516,49.01,-72.50
63.62,34.85,18-48-14-631,33.92,-72.50
56.28,34.59,18-48-14-732,22.40,-72.50
51.07,36.21,18-48-14-842,16.84,-72.50
50.50,36.60,18-48-14-946,17.57,-72.50
48.37,37.18,18-48-15-049,15.82,-72.50
45.63,38.60,18-48-15-151,12.59,-72.50
44.79,39.15,18-48-15-250,12.08,-86.39
45.23,39.14,18-48-15-363,13.19,-86.39
47.00,38.01,18-48-15-471,16.58,-86.39
53.25,35.78,18-48-15-582,26.12,-86.39
62.82,34.96,18-48-15-678,42.41,-86.39
74.97,35.67,18-48-15-787,66.15,-86.39
82.48,41.46,18-48-15-878,82.61,-68.65
87.42,49.56,18-48-15-981,98.15,-43.64
90.65,59.89,18-48-16-080,117.61,-20.21
93.01,65.10,18-48-16-181,128.59,-8.32
93.39,70.25,18-48-16-300,138.87,-3.16
93.22,72.86,18-48-16-411,143.80,-9.19
93.00,73.94,18-48-16-512,146.00,-11.68
93.32,73.49,18-48-16-614,144.67,-10.45
93.74,69.54,18-48-16-731,135.88,-1.68
92.81,66.81,18-48-16-830,129.84,-4.45
92.49,65.23,18-48-16-927,126.33,-7.97
91.78,61.03,18-48-17-028,117.54,-16.87
90.08,49.43,18-48-17-136,96.73,-42.07
83.36,39.94,18-48-17-235,76.15,-69.65
70.67,36.75,18-48-17-334,50.30,-69.65
59.08,34.44,18-48-17-449,28.70,-69.65
55.19,35.59,18-48-17-556,23.43,-69.65
51.06,36.48,18-48-17-661,19.08,-69.65
48.73,38.06,18-48-17-762,16.86,-69.65
46.10,39.82,18-48-17-869,14.19,-69.65
45.41,40.29,18-48-17-964,14.28,-86.37
45.08,40.68,18-48-18-066,14.72,-83.61
44.99,40.63,18-48-18-180,15.23,-86.35
45.17,40.62,18-48-18-297,15.88,-86.35
46.17,40.26,18-48-18-400,17.58,-86.35
47.50,38.47,18-48-18-497,20.98,-86.35
50.83,37.45,18-48-18-614,25.73,-86.35
52.55,36.93,18-48-18-714,28.24,-86.35
56.25,36.63,18-48-18-815,33.76,-86.35
70.91,36.61,18-48-18-913,60.69,-86.35
83.07,42.72,18-48-19-015,85.34,-64.77
88.98,54.61,18-48-19-115,107.43,-31.24
91.58,63.49,18-48-19-216,125.15,-11.19
92.45,69.00,18-48-19-330,136.54,-0.81
92.32,72.24,18-48-19-430,143.43,-7.98
91.95,73.22,18-48-19-545,145.54,-9.86
92.60,73.34,18-48-19-646,145.14,-9.67
92.71,70.47,18-48-19-743,138.28,-2.70
93.24,68.33,18-48-19-830,133.65,-1.46
92.84,63.62,18-48-19-939,123.53,-11.52
91.10,51.60,18-48-20-044,101.25,-36.37
88.66,43.54,18-48-20-146,87.03,-55.44
78.11,37.37,18-48-20-247,63.50,-78.81
68.37,34.79,18-48-20-345,42.25,-78.81
63.05,35.78,18-48-20-461,31.34,-78.81
60.32,36.07,18-48-20-570,26.69,-78.81
60.02,36.10,18-48-20-683,26.55,-78.81
54.81,36.73,18-48-20-781,19.44,-78.81
51.14,37.73,18-48-20-888,15.29,-78.81
49.28,39.00,18-48-21-006,13.24,-81.33
48.93,39.82,18-48-21-130,13.14,-77.73
48.57,40.23,18-48-21-230,13.27,-77.18
49.83,39.09,18-48-21-333,16.27,-77.18
51.77,38.04,18-48-21-453,20.39,-77.18
65.40,36.95,18-48-21-547,44.86,-77.18
77.43,37.73,18-48-21-647,69.17,-77.18
83.80,43.36,18-48-21-750,84.46,-62.73
87.79,49.75,18-48-21-848,97.44,-44.10
90.76,59.36,18-48-21-963,115.65,-22.33
92.65,64.59,18-48-22-062,126.86,-10.93
93.09,69.77,18-48-22-169,137.66,-0.32
92.68,72.24,18-48-22-265,142.97,-5.73
92.67,72.50,18-48-22-364,143.45,-6.27
92.70,72.61,18-48-22-467,143.61,-6.47
92.52,73.85,18-48-22-573,146.23,-9.13
92.00,74.55,18-48-22-667,147.93,-10.63
91.89,74.72,18-48-22-764,148.29,-10.91
92.11,73.24,18-48-22-870,144.88,-7.51
92.20,69.26,18-48-22-963,135.73,-1.62
90.66,56.93,18-48-23-071,110.34,-28.17
83.32,42.09,18-48-23-179,80.82,-67.13
73.01,38.22,18-48-23-309,57.73,-67.13
65.33,36.71,18-48-23-419,41.43,-67.13
60.91,36.62,18-48-23-511,33.27,-67.13
55.94,36.80,18-48-23-618,24.97,-67.13
52.79,37.46,18-48-23-729,21.14,-67.13
50.81,38.27,18-48-23-835,18.86,-67.13
49.22,39.20,18-48-23-933,17.73,-67.13
48.67,40.28,18-48-24-032,17.54,-85.88
48.95,40.12,18-48-24-145,18.82,-85.88
49.49,39.70,18-48-24-245,20.33,-85.88
49.61,39.58,18-48-24-345,20.86,-85.88
51.72,39.05,18-48-24-447,24.46,-85.88
59.19,38.22,18-48-24-547,36.44,-85.88
74.67,38.75,18-48-24-647,67.04,-85.88
85.12,45.75,18-48-24-746,90.59,-57.91
90.01,54.35,18-48-24-864,107.20,-34.01
92.54,62.60,18-48-24-969,122.91,-15.24
93.44,67.44,18-48-25-084,132.71,-4.54
93.32,69.84,18-48-25-178,137.70,-0.90
93.20,72.14,18-48-25-284,142.27,-5.60
92.84,74.21,18-48-25-378,146.52,-10.33
92.36,74.47,18-48-25-482,147.09,-10.85
92.20,74.30,18-48-25-580,146.64,-10.41
92.04,73.00,18-48-25-682,143.55,-7.32
92.22,71.19,18-48-25-781,139.25,-3.02
92.99,70.22,18-48-25-880,136.99,-0.92
91.85,62.74,18-48-25-982,120.44,-15.30
91.09,58.43,18-48-26-079,111.71,-24.49
90.81,57.29,18-48-26-178,109.59,-26.90
90.68,57.02,18-48-26-278,109.08,-27.45
87.03,47.11,18-48-26-380,90.29,-50.41
80.10,39.95,18-48-26-499,71.12,-74.50
71.50,37.63,18-48-26-597,52.01,-74.50
64.64,36.35,18-48-26-696,37.79,-74.50
59.32,35.77,18-48-26-798,28.43,-74.50
58.05,35.33,18-48-26-904,26.80,-74.50
54.82,34.77,18-48-27-011,22.14,-74.50
53.64,35.80,18-48-27-111,20.31,-74.50
53.51,36.12,18-48-27-209,20.24,-74.50
53.19,36.66,18-48-27-321,19.84,-74.50
53.04,36.72,18-48-27-416,19.81,-74.50
53.48,36.07,18-48-27-520,21.09,-74.50
54.70,36.07,18-48-27-629,23.08,-74.50
67.46,34.77,18-48-27-732,46.44,-74.50
83.01,42.15,18-48-27-836,80.26,-65.88
90.55,55.95,18-48-27-927,108.45,-28.65
92.39,60.93,18-48-28-033,118.91,-17.49
93.46,63.38,18-48-28-134,124.23,-11.63
93.42,70.37,18-48-28-251,138.53,-3.32
93.00,72.25,18-48-28-345,142.60,-7.37
92.35,73.06,18-48-28-447,144.39,-8.85
92.37,73.21,18-48-28-546,144.55,-8.88
92.28,72.61,18-48-28-653,143.07,-7.23
93.76,71.23,18-48-28-765,139.76,-4.68
92.98,62.04,18-48-28-863,119.72,-14.49
91.51,54.29,18-48-28-963,104.12,-30.93
90.60,49.70,18-48-29-069,96.49,-41.19
85.71,41.83,18-48-29-167,80.32,-61.12
75.16,36.18,18-48-29-264,56.41,-61.12
69.29,34.43,18-48-29-362,43.17,-61.12
62.63,34.09,18-48-29-467,29.59,-61.12
60.06,34.31,18-48-29-579,25.05,-61.12
54.05,34.76,18-48-29-684,16.68,-61.12
53.44,34.74,18-48-29-795,16.77,-61.12
53.44,34.69,18-48-29-898,17.42,-61.12
52.43,36.08,18-48-29-996,15.86,-61.12
51.95,36.76,18-48-30-096,15.42,-61.12
51.95,36.89,18-48-30-202,15.87,-61.12
52.25,35.75,18-48-30-312,17.62,-61.12
54.18,35.25,18-48-30-411,20.90,-61.12
59.60,34.62,18-48-30-510,29.97,-61.12
70.31,34.14,18-48-30-614,50.80,-61.12
78.47,37.67,18-48-30-718,68.53,-61.12
88.35,49.71,18-48-30-831,96.54,-41.52
90.80,56.45,18-48-30-930,109.98,-26.08
92.93,64.13,18-48-31-030,125.85,-9.63
93.95,68.04,18-48-31-133,133.94,-1.52
93.33,71.52,18-48-31-249,141.13,-5.85
92.59,73.45,18-48-31-357,145.09,-9.44
92.56,74.25,18-48-31-462,146.55,-10.85
92.41,74.34,18-48-31-570,146.60,-10.80
92.47,73.83,18-48-31-676,145.23,-9.42
92.45,73.69,18-48-31-778,144.79,-8.92
92.64,72.20,18-48-31-884,141.36,-5.54
93.72,71.98,18-48-31-984,140.66,-5.13
91.31,54.03,18-48-32-096,104.15,-33.38
88.75,44.22,18-48-32-218,87.72,-58.14
81.58,39.27,18-48-32-328,71.29,-77.66
74.54,36.48,18-48-32-429,55.75,-77.66
69.95,35.66,18-48-32-533,45.37,-77.66
63.60,34.65,18-48-32-631,32.34,-77.66
59.15,34.76,18-48-32-732,24.48,-77.66
56.09,35.29,18-48-32-829,19.88,-77.66
52.93,36.25,18-48-32-932,15.79,-77.66
52.30,36.47,18-48-33-031,15.66,-77.66
51.82,36.50,18-48-33-132,15.52,-77.66
51.94,36.61,18-48-33-238,15.88,-77.66
53.62,35.40,18-48-33-357,19.22,-77.66
55.63,35.28,18-48-33-476,22.63,-77.66
56.72,35.20,18-48-33-579,24.61,-77.66
57.36,35.08,18-48-33-682,25.87,-77.66
68.19,35.15,18-48-33-778,47.22,-77.66
81.93,38.86,18-48-33-880,75.58,-75.15
89.31,50.22,18-48-33-992,98.66,-39.80
91.89,60.58,18-48-34-095,118.48,-16.99
92.97,66.63,18-48-34-196,131.20,-4.17
91.94,70.00,18-48-34-297,138.37,-2.69
91.82,72.79,18-48-34-395,144.38,-8.21
91.82,73.32,18-48-34-501,145.36,-8.95
92.05,73.43,18-48-34-605,145.28,-8.90
92.24,71.54,18-48-34-712,140.86,-4.58
92.49,70.02,18-48-34-824,137.11,-0.79
93.27,67.97,18-48-34-932,133.17,-2.28
92.99,61.20,18-48-35-027,119.50,-15.96
91.32,48.94,18-48-35-134,97.84,-41.28
88.53,42.05,18-48-35-231,84.68,-58.78
79.52,36.95,18-48-35-332,64.89,-76.69
75.24,34.85,18-48-35-433,55.11,-76.69
72.31,35.45,18-48-35-530,48.74,-76.69
65.41,33.52,18-48-35-632,34.15,-76.69
59.01,34.94,18-48-35-731,22.89,-76.69
54.38,35.48,18-48-35-850,16.90,-76.69
53.56,35.65,18-48-35-944,17.16,-76.69
53.33,36.14,18-48-36-049,17.66,-76.69
53.19,36.26,18-48-36-150,18.10,-76.69
53.25,36.55,18-48-36-247,18.57,-76.69
53.93,36.56,18-48-36-352,19.80,-76.69
56.14,35.74,18-48-36-461,23.87,-76.69
60.30,35.06,18-48-36-561,30.66,-76.69
66.98,34.52,18-48-36-664,43.99,-76.69
82.49,42.70,18-48-36-780,79.45,-61.06
87.43,50.68,18-48-36-882,97.09,-39.76
90.58,59.63,18-48-36-996,115.82,-20.58
91.82,63.94,18-48-37-104,125.26,-11.55
91.90,67.64,18-48-37-214,133.13,-3.66
91.71,68.18,18-48-37-312,134.24,-2.57
91.78,68.28,18-48-37-412,134.43,-2.40
91.18,72.15,18-48-37-517,143.04,-5.20
91.10,73.02,18-48-37-611,144.86,-6.58
91.03,73.09,18-48-37-715,144.91,-6.39
91.42,71.67,18-48-37-817,141.49,-2.85
92.29,66.71,18-48-37-931,130.49,-7.54
90.74,54.93,18-48-38-029,107.50,-31.91
89.48,47.66,18-48-38-143,95.65,-48.02
84.46,41.74,18-48-38-238,80.83,-63.64
79.30,39.40,18-48-38-346,69.45,-71.90
73.06,37.26,18-48-38-447,55.40,-71.90
68.17,36.48,18-48-38-546,44.74,-71.90
62.55,35.67,18-48-38-647,33.33,-71.90
58.46,35.83,18-48-38-749,26.09,-71.90
55.02,36.32,18-48-38-844,20.78,-71.90
52.31,37.03,18-48-38-948,17.43,-71.90
50.46,37.39,18-48-39-061,16.11,-71.90
50.28,37.47,18-48-39-171,16.32,-71.90
50.85,37.36,18-48-39-285,17.36,-71.90
52.58,36.21,18-48-39-383,20.45,-71.90
55.59,36.58,18-48-39-484,24.78,-71.90
64.55,36.08,18-48-39-577,41.05,-71.90
73.54,37.27,18-48-39-683,59.66,-71.90
84.69,45.67,18-48-39-803,87.12,-53.57
89.01,54.01,18-48-39-904,104.14,-32.76
91.99,64.83,18-48-40-011,126.67,-9.65
93.17,69.87,18-48-40-113,137.60,-1.15
93.44,72.45,18-48-40-213,142.81,-6.33
92.42,73.91,18-48-40-314,146.04,-9.09
91.98,74.37,18-48-40-415,147.02,-9.77
91.89,74.45,18-48-40-514,147.05,-9.69
91.98,74.38,18-48-40-614,146.62,-9.10
92.32,72.44,18-48-40-710,142.31,-4.47
92.73,71.47,18-48-40-813,140.03,-2.04
92.67,66.42,18-48-40-913,129.06,-9.04
91.71,59.41,18-48-41-031,114.70,-24.20
90.91,55.71,18-48-41-142,107.74,-32.23
86.38,44.31,18-48-41-250,85.98,-61.39
79.36,39.74,18-48-41-350,69.52,-76.57
69.96,37.77,18-48-41-463,48.58,-76.57
61.82,37.25,18-48-41-562,31.92,-76.57
55.80,37.35,18-48-41-663,22.27,-76.57
51.33,38.34,18-48-41-769,16.14,-76.57
50.44,39.08,18-48-41-867,15.14,-76.57
49.49,39.64,18-48-41-979,14.11,-85.04
49.29,39.75,18-48-42-080,14.26,-85.60
50.75,39.29,18-48-42-181,16.82,-85.60
53.55,38.07,18-48-42-279,21.65,-85.60
58.23,37.69,18-48-42-378,29.51,-85.60
66.03,37.17,18-48-42-497,44.75,-85.60
74.03,36.97,18-48-42-616,61.33,-85.60
85.59,48.78,18-48-42-718,92.05,-47.41
89.97,57.18,18-48-42-824,110.53,-27.54
91.42,60.34,18-48-42-939,117.54,-20.68
92.33,67.40,18-48-43-030,132.18,-5.40
92.79,71.71,18-48-43-132,141.61,-4.25
92.06,74.63,18-48-43-233,148.06,-10.81
91.68,75.19,18-48-43-334,149.24,-11.90
91.41,75.32,18-48-43-428,149.67,-12.23
91.32,74.85,18-48-43-534,148.52,-10.99
92.25,71.84,18-48-43-649,141.15,-4.12
92.46,64.85,18-48-43-749,125.68,-10.90
92.50,62.47,18-48-43-864,120.88,-15.87
91.29,51.08,18-48-43-966,101.01,-40.81
86.31,42.31,18-48-44-066,82.94,-61.65
78.64,38.48,18-48-44-165,65.41,-76.61
69.58,35.52,18-48-44-278,44.61,-76.61
63.54,34.32,18-48-44-379,31.73,-76.61
58.44,34.50,18-48-44-482,22.52,-76.61
55.65,35.31,18-48-44-584,17.71,-76.61
53.28,37.11,18-48-44-685,13.70,-81.11
52.91,37.50,18-48-44-800,13.78,-78.83
52.80,37.65,18-48-44-900,13.97,-78.49
52.67,37.53,18-48-45-013,14.28,-79.58
53.35,36.91,18-48-45-112,15.92,-79.58
54.69,35.99,18-48-45-212,19.62,-79.58
62.77,35.71,18-48-45-314,34.74,-79.58
75.76,37.32,18-48-45-417,63.64,-84.46
84.24,44.98,18-48-45-518,85.90,-52.51
89.12,54.31,18-48-45-615,105.63,-29.93
92.67,64.52,18-48-45-731,127.23,-7.89
93.72,70.70,18-48-45-831,140.09,-5.62
93.83,73.15,18-48-45-957,144.81,-11.23
93.35,74.05,18-48-46-067,146.71,-13.47
93.12,74.55,18-48-46-191,147.64,-14.35
93.16,73.90,18-48-46-295,145.82,-12.19
94.85,70.94,18-48-46-413,138.52,-4.91
94.15,69.85,18-48-46-512,136.30,-2.45
93.81,69.15,18-48-46-616,134.81,-0.88
92.88,63.63,18-48-46-714,122.76,-11.04
91.18,53.98,18-48-46-831,103.98,-30.80
88.07,44.15,18-48-46-936,85.85,-53.56
80.29,38.31,18-48-47-045,67.75,-73.30
70.00,35.33,18-48-47-149,45.04,-73.30
63.81,32.82,18-48-47-262,32.25,-73.30
58.65,32.44,18-48-47-361,23.18,-73.30
56.61,32.81,18-48-47-465,20.17,-73.30
53.83,33.80,18-48-47-580,16.73,-73.30
52.99,33.88,18-48-47-683,16.22,-73.30
51.75,34.26,18-48-47-798,15.10,-73.30
51.54,34.18,18-48-47-895,15.48,-73.30
51.53,34.13,18-48-48-000,15.78,-73.30
53.14,33.95,18-48-48-098,18.45,-73.30
54.37,34.21,18-48-48-215,20.45,-73.30
62.18,33.64,18-48-48-317,34.48,-73.30
73.88,35.71,18-48-48-429,58.97,-73.30
75.78,37.26,18-48-48-530,63.71,-73.30
86.39,47.93,18-48-48-645,92.16,-45.44
89.62,55.99,18-48-48-758,108.43,-26.49
92.12,67.23,18-48-48-866,132.45,-2.56
92.56,71.31,18-48-48-960,141.18,-5.83
92.07,72.25,18-48-49-066,142.93,-7.17
91.73,73.60,18-48-49-165,145.89,-10.00
91.89,73.88,18-48-49-265,146.29,-10.49
92.02,73.80,18-48-49-382,145.94,-10.19
92.68,72.73,18-48-49-494,143.08,-7.71
93.38,71.11,18-48-49-613,139.10,-4.17
92.65,64.46,18-48-49-719,124.44,-10.07
90.81,52.09,18-48-49-830,100.20,-35.67
88.78,43.95,18-48-49-934,84.83,-53.99
81.04,38.14,18-48-50-031,66.93,-70.48
71.90,35.29,18-48-50-144,46.84,-70.48
70.46,34.76,18-48-50-248,43.90,-70.48
70.14,34.63,18-48-50-348,43.46,-70.48
69.98,34.53,18-48-50-463,43.32,-70.48
57.83,35.19,18-48-50-581,20.26,-70.48
52.35,35.77,18-48-50-678,13.76,-70.48
50.80,36.50,18-48-50-781,12.84,-70.48
49.09,37.67,18-48-50-877,11.23,-78.84
48.83,38.32,18-48-50-977,11.37,-77.13
49.72,37.74,18-48-51-087,13.48,-82.06
53.20,35.59,18-48-51-197,20.18,-82.06
62.87,34.64,18-48-51-295,36.78,-82.06
69.09,34.61,18-48-51-401,49.47,-82.06
84.43,42.93,18-48-51-523,84.08,-57.47
90.61,56.49,18-48-51-638,110.63,-24.66
93.92,66.28,18-48-51-744,131.07,-3.21
93.98,70.98,18-48-51-855,140.51,-7.32
93.27,73.68,18-48-51-941,146.16,-13.41
92.45,74.64,18-48-52-041,148.50,-15.38
92.36,74.77,18-48-52-153,148.60,-15.32
92.27,74.70,18-48-52-256,148.40,-15.03
92.00,74.68,18-48-52-368,148.50,-14.97
92.77,73.54,18-48-52-468,145.34,-12.20
94.21,70.55,18-48-52-577,138.11,-5.37
92.43,60.79,18-48-52-683,117.53,-15.14
88.92,47.78,18-48-52-790,92.33,-43.80
85.11,41.29,18-48-52-908,78.76,-60.73
81.85,40.02,18-48-53-013,71.56,-64.96
74.96,35.13,18-48-53-128,54.71,-64.96
66.38,33.05,18-48-53-229,35.65,-64.96
63.70,32.62,18-48-53-326,29.70,-64.96
63.29,32.46,18-48-53-438,28.48,-64.96
63.21,32.37,18-48-53-549,28.11,-64.96
63.14,32.36,18-48-53-653,27.81,-64.96
57.97,32.35,18-48-53-772,19.23,-64.96
54.08,34.28,18-48-53-891,13.74,-64.96
52.42,35.25,18-48-53-996,12.62,-64.96
52.21,35.52,18-48-54-121,13.26,-64.96
52.16,35.63,18-48-54-230,13.78,-64.96
54.23,35.21,18-48-54-346,17.17,-64.96
60.75,34.51,18-48-54-445,28.62,-64.96
75.31,34.76,18-48-54-548,58.19,-64.96
86.89,43.75,18-48-54-649,85.38,-53.32
92.50,60.81,18-48-54-772,118.30,-14.49
94.52,68.60,18-48-54-884,134.90,-2.33
93.99,72.99,18-48-54-999,144.36,-12.40
93.23,74.92,18-48-55-109,148.83,-16.89
92.60,75.08,18-48-55-232,149.40,-16.98
93.42,71.98,18-48-55-341,141.69,-9.42
94.37,68.54,18-48-55-446,133.87,-1.87
92.99,61.31,18-48-55-544,118.40,-13.08
90.39,49.18,18-48-55-655,94.19,-38.57
85.01,39.78,18-48-55-756,75.00,-62.53
73.66,33.06,18-48-55-866,48.71,-62.53
66.16,33.06,18-48-55-974,32.56,-62.53
61.65,32.95,18-48-56-080,23.78,-62.53
54.96,34.50,18-48-56-198,12.89,-62.53
53.71,35.36,18-48-56-299,11.67,-62.53
53.43,35.32,18-48-56-428,12.00,-62.53
53.16,35.20,18-48-56-532,12.17,-62.53
52.98,35.31,18-48-56-631,12.24,-62.53
53.33,34.88,18-48-56-740,13.44,-62.53
55.55,33.67,18-48-56-831,17.63,-62.53
64.30,33.48,18-48-56-942,33.98,-62.53
81.19,37.32,18-48-57-046,69.83,-74.22
89.74,50.48,18-48-57-159,97.72,-35.45
92.84,59.51,18-48-57-263,116.09,-16.02
95.23,66.35,18-48-57-362,130.43,-1.16
95.57,70.80,18-48-57-463,139.17,-8.75
95.20,72.35,18-48-57-562,142.42,-12.43
94.90,74.85,18-48-57-661,147.81,-18.50
94.22,76.39,18-48-57-761,151.40,-22.21
94.02,76.89,18-48-57-866,152.53,-23.19
93.82,76.81,18-48-57-978,152.49,-22.81
94.12,75.72,18-48-58-079,149.70,-19.60
96.07,72.46,18-48-58-215,141.59,-11.81
93.82,52.93,18-48-58-316,101.78,-29.05
89.41,39.55,18-48-58-430,77.54,-60.09
82.45,35.45,18-48-58-531,62.07,-73.36
74.42,32.84,18-48-58-645,44.47,-73.36
68.70,32.21,18-48-58-748,32.32,-73.36
60.24,32.02,18-48-58-863,16.86,-73.36
55.55,33.47,18-48-58-965,11.63,-73.36
51.76,35.51,18-48-59-063,9.49,-88.37
51.10,36.05,18-48-59-165,11.97,-81.88
50.85,36.10,18-48-59-262,13.29,-82.14
50.96,35.95,18-48-59-370,14.14,-84.85
53.40,35.25,18-48-59-476,18.61,-84.85
55.92,34.20,18-48-59-580,22.97,-84.85
62.45,32.93,18-48-59-680,34.62,-84.85
80.36,36.35,18-48-59-796,71.19,-78.50
87.89,44.83,18-48-59-898,90.79,-48.72
91.44,57.93,18-49-00-019,114.12,-19.47
93.23,65.13,18-49-00-117,129.03,-4.65
92.56,70.72,18-49-00-228,140.69,-6.52
91.96,74.53,18-49-00-328,149.06,-14.27
91.41,75.03,18-49-00-441,150.24,-14.86
91.00,74.98,18-49-00-533,150.35,-14.63
91.31,74.60,18-49-00-649,149.17,-13.56
92.74,71.44,18-49-00-745,141.15,-6.08
94.16,71.41,18-49-00-847,140.87,-6.48
92.52,60.46,18-49-00-959,118.04,-16.45
90.82,51.37,18-49-01-064,101.00,-35.43
86.53,40.94,18-49-01-167,80.53,-61.08
77.27,35.16,18-49-01-280,59.66,-61.08
71.18,35.01,18-49-01-376,46.53,-61.08
70.21,34.88,18-49-01-484,44.35,-61.08
69.99,34.81,18-49-01-582,43.83,-61.08
64.73,34.01,18-49-01-678,32.87,-61.08
59.61,32.44,18-49-01-779,23.79,-61.08
55.79,32.96,18-49-01-880,17.88,-61.08
54.04,34.71,18-49-01-981,14.65,-61.08
52.53,35.43,18-49-02-082,12.42,-61.08
51.92,35.47,18-49-02-185,12.28,-61.08
53.35,34.62,18-49-02-281,15.87,-61.08
55.78,34.26,18-49-02-381,21.71,-61.08
63.37,34.40,18-49-02-498,35.30,-61.08
72.63,34.70,18-49-02-599,54.65,-61.08
86.83,46.64,18-49-02-713,90.42,-47.94
90.06,53.89,18-49-02-815,105.14,-31.10
91.55,61.04,18-49-02-914,119.48,-16.06
92.39,65.92,18-49-03-028,129.98,-5.66
92.87,70.43,18-49-03-132,139.07,-3.06
92.72,72.83,18-49-03-245,144.16,-8.20
92.47,73.51,18-49-03-356,145.72,-9.71
92.47,73.65,18-49-03-465,145.91,-9.86
92.45,73.71,18-49-03-564,145.91,-9.87
93.02,71.66,18-49-03-678,140.83,-4.72
94.09,70.00,18-49-03-778,136.88,-1.05
92.97,59.53,18-49-03-880,115.45,-21.09
91.94,52.36,18-49-03-978,102.04,-36.29
91.17,46.30,18-49-04-077,92.34,-50.86
87.83,40.76,18-49-04-180,78.40,-63.39
78.91,37.10,18-49-04-284,59.58,-74.85
70.18,35.04,18-49-04-384,39.59,-74.85
64.41,33.16,18-49-04-479,28.01,-74.85
57.83,35.30,18-49-04-596,16.86,-87.44
53.79,35.91,18-49-04-699,12.61,-83.55
50.88,37.81,18-49-04-815,10.03,-75.44
49.80,38.77,18-49-04-910,10.12,-75.13
49.79,39.13,18-49-05-012,10.96,-75.80
49.71,39.32,18-49-05-110,11.28,-76.14
49.75,39.41,18-49-05-210,11.60,-76.55
49.78,39.43,18-49-05-312,11.83,-77.04
49.77,39.35,18-49-05-424,11.98,-77.33
53.85,37.32,18-49-05-528,18.88,-77.33
68.52,35.91,18-49-05-628,46.00,-77.33
81.93,39.42,18-49-05-728,73.98,-73.76
89.67,51.42,18-49-05-830,98.99,-37.21
91.86,58.72,18-49-05-933,113.33,-21.08
94.31,67.71,18-49-06-047,132.41,-1.79
94.58,72.15,18-49-06-147,141.22,-7.07
93.92,73.69,18-49-06-266,144.70,-10.54
93.44,74.25,18-49-06-367,146.17,-11.91
94.54,73.74,18-49-06-477,144.41,-10.74
94.92,70.58,18-49-06-580,137.39,-3.53
94.90,68.65,18-49-06-679,133.39,-0.52
92.88,56.23,18-49-06-781,109.08,-24.98
91.12,47.88,18-49-06-881,93.48,-42.97
85.92,39.25,18-49-06-983,75.45,-65.09
84.35,38.20,18-49-07-078,70.97,-67.27
81.46,37.50,18-49-07-187,64.82,-69.62
71.13,34.83,18-49-07-298,41.67,-86.04
61.28,33.63,18-49-07-418,21.51,-86.04
55.08,35.34,18-49-07-511,12.15,-83.60
51.79,36.01,18-49-07-611,10.17,-81.78
50.82,36.95,18-49-07-715,10.91,-77.94
50.74,37.32,18-49-07-811,11.95,-77.93
50.61,37.51,18-49-07-914,12.55,-79.02
50.67,37.54,18-49-08-014,13.11,-80.42
53.12,36.82,18-49-08-127,17.16,-80.42
54.76,35.70,18-49-08-231,20.24,-80.42
67.13,34.75,18-49-08-343,43.44,-80.42
77.46,36.23,18-49-08-450,64.88,-80.42
88.95,50.57,18-49-08-564,98.14,-36.43
92.03,58.57,18-49-08-665,114.57,-18.48
94.93,64.50,18-49-08-765,127.36,-5.18
94.91,69.14,18-49-08-863,136.32,-4.82
94.33,70.61,18-49-08-965,139.10,-7.38
93.84,72.50,18-49-09-076,143.27,-11.51
92.96,73.94,18-49-09-176,146.65,-14.74
92.72,74.37,18-49-09-281,147.53,-15.46
92.66,74.39,18-49-09-376,147.50,-15.38
93.02,73.63,18-49-09-477,145.51,-13.31
94.08,71.63,18-49-09-582,140.56,-8.53
94.29,66.64,18-49-09-693,129.68,-2.33
93.26,60.37,18-49-09-794,116.84,-15.04
91.87,51.47,18-49-09-904,100.39,-33.57
90.49,45.78,18-49-10-012,90.88,-46.41
85.65,39.01,18-49-10-108,75.38,-63.50
78.91,34.90,18-49-10-214,60.42,-77.46
73.70,31.96,18-49-10-315,48.69,-77.46
70.36,30.85,18-49-10-413,41.58,-77.46
66.86,28.35,18-49-10-515,33.19,-77.46
64.90,28.43,18-49-10-612,28.42,-77.46
63.52,27.85,18-49-10-732,25.12,-77.46
63.26,27.72,18-49-10-829,24.19,-77.46
61.62,27.14,18-49-10-932,21.24,-77.46
56.58,28.77,18-49-11-033,12.71,-77.46
55.58,28.90,18-49-11-128,11.65,-77.46
55.07,29.77,18-49-11-247,11.14,-77.46
52.66,30.05,18-49-11-349,9.85,-77.46
51.22,31.14,18-49-11-462,9.94,-77.46
48.89,32.09,18-49-11-567,9.93,-77.46
46.36,34.67,18-49-11-685,10.57,-77.46
42.32,39.72,18-49-11-777,9.35,-74.75
36.68,45.73,18-49-11-881,6.75,-60.68
29.52,48.99,18-49-11-995,5.79,-56.31
25.28,53.37,18-49-12-098,6.00,-49.34
16.42,61.66,18-49-12-221,2.24,-35.31
14.88,65.85,18-49-12-329,5.17,-30.72
15.07,68.42,18-49-12-433,6.10,-27.98
7.41,73.60,18-49-12-531,0.60,-18.58
5.18,74.42,18-49-12-647,0.44,-17.64
7.01,75.08,18-49-12-747,0.53,-16.34
7.01,76.02,18-49-12-863,1.43,-14.71
7.59,76.71,18-49-12-969,1.80,-13.56
6.85,78.21,18-49-13-081,5.14,-10.03
8.28,79.96,18-49-13-179,7.30,-6.85
9.95,80.72,18-49-13-281,8.61,-5.26
