12.93,80.83,17-54-45-736,5.30,-6.56
12.90,80.80,17-54-45-834,5.37,-6.56
12.87,80.77,17-54-45-936,5.40,-6.57
12.85,80.75,17-54-46-041,5.43,-6.58
13.32,80.79,17-54-46-134,5.36,-6.56
13.28,80.84,17-54-46-231,5.48,-6.45
13.26,80.87,17-54-46-320,5.58,-6.37
13.19,80.92,17-54-46-445,5.64,-6.28
13.19,80.97,17-54-46-574,5.78,-6.15
13.18,81.01,17-54-46-688,5.94,-6.02
13.18,81.06,17-54-46-788,6.05,-5.91
13.18,81.13,17-54-46-904,6.17,-5.77
13.18,81.18,17-54-47-010,6.24,-5.68
13.18,81.22,17-54-47-103,6.28,-5.61
13.15,81.25,17-54-47-201,6.32,-5.56
13.15,81.26,17-54-47-312,6.34,-5.53
13.12,81.28,17-54-47-423,6.34,-5.51
13.15,81.31,17-54-47-516,6.36,-5.47
12.01,81.31,17-54-47-617,6.33,-5.46
11.97,80.91,17-54-47-720,5.33,-6.36
9.30,80.53,17-54-47-818,4.96,-6.91
6.86,80.18,17-54-47-926,5.09,-7.19
7.13,79.85,17-54-48-059,5.14,-7.50
11.87,79.50,17-54-48-161,4.65,-8.11
14.06,79.34,17-54-48-270,4.50,-8.35
23.26,78.98,17-54-48-373,3.58,-9.02
31.89,78.13,17-54-48-472,2.02,-10.66
35.57,77.49,17-54-48-571,0.06,-11.94
42.34,77.26,17-54-48-684,1.22,-12.36
43.51,77.22,17-54-48-782,0.46,-12.37
49.87,77.07,17-54-48-884,5.47,-12.76
52.89,77.03,17-54-48-991,9.34,-12.95
56.74,76.81,17-54-49-102,13.91,-12.93
61.70,76.99,17-54-49-202,28.71,-12.10
66.94,77.25,17-54-49-296,70.56,-9.15
69.45,77.47,17-54-49-408,118.28,-4.69
72.46,77.30,17-54-49-520,121.37,-4.45
74.44,77.18,17-54-49-629,128.92,-3.87
79.27,76.62,17-54-49-738,126.27,-4.96
82.46,76.12,17-54-49-835,123.44,-5.63
85.18,75.71,17-54-49-955,123.23,-6.58
88.92,75.47,17-54-50-054,119.86,-6.80
90.07,75.42,17-54-50-157,116.99,-7.30
93.73,75.30,17-54-50-253,112.19,-8.60
100.28,75.04,17-54-50-368,104.11,-8.59
102.70,74.86,17-54-50-474,105.34,-8.50
107.36,74.81,17-54-50-566,99.00,-7.80
109.47,74.81,17-54-50-677,96.44,-7.44
109.65,74.87,17-54-50-802,95.46,-7.27
112.78,75.25,17-54-50-909,92.18,-6.76
115.64,75.88,17-54-51-030,86.09,-5.74
119.02,77.48,17-54-51-164,74.91,-3.71
119.29,78.29,17-54-51-270,74.26,-2.81
118.78,78.76,17-54-51-369,73.09,-2.32
119.11,78.93,17-54-51-470,72.27,-2.22
118.92,79.02,17-54-51-585,75.12,-2.24
117.96,79.06,17-54-51-684,78.71,-2.22
117.24,79.07,17-54-51-792,85.77,-2.15
108.67,78.93,17-54-51-901,103.50,-1.91
96.09,78.19,17-54-52-006,118.47,-3.42
88.26,77.69,17-54-52-099,125.45,-4.49
80.63,77.21,17-54-52-199,126.87,-5.51
74.27,76.90,17-54-52-298,123.70,-6.86
66.48,76.21,17-54-52-396,100.23,-4.14
59.80,75.00,17-54-52-504,10.50,-7.75
51.20,73.85,17-54-52-619,0.60,-12.11
48.55,73.61,17-54-52-733,1.18,-14.27
40.52,73.66,17-54-52-855,1.54,-14.90
29.73,73.84,17-54-52-962,2.71,-14.81
24.32,74.11,17-54-53-051,3.42,-14.36
20.83,74.39,17-54-53-152,3.59,-14.01
17.64,74.69,17-54-53-264,3.57,-13.56
12.81,75.99,17-54-53-370,5.53,-11.21
11.76,76.94,17-54-53-470,6.94,-9.56
12.68,77.54,17-54-53-569,7.81,-8.49
14.43,77.85,17-54-53-677,8.30,-7.99
14.33,78.24,17-54-53-789,8.88,-7.33
14.10,78.45,17-54-53-884,9.04,-7.01
14.40,78.60,17-54-53-990,9.15,-6.80
15.21,78.69,17-54-54-088,9.26,-6.68
15.21,78.77,17-54-54-208,9.30,-6.61
15.70,78.85,17-54-54-307,9.31,-6.55
15.68,78.91,17-54-54-426,9.31,-6.51
15.93,78.97,17-54-54-533,9.27,-6.50
15.70,79.02,17-54-54-631,9.19,-6.50
15.46,79.06,17-54-54-742,9.16,-6.50
15.24,79.12,17-54-54-841,9.03,-6.50
15.18,79.15,17-54-54-932,8.88,-6.55
13.58,78.73,17-54-55-031,7.39,-7.67
13.62,78.12,17-54-55-144,5.45,-9.24
13.75,77.83,17-54-55-236,4.25,-10.11
14.19,77.72,17-54-55-329,3.56,-10.53
14.37,77.75,17-54-55-440,3.47,-10.56
19.16,77.75,17-54-55-544,3.63,-10.61
30.24,77.63,17-54-55-656,2.61,-11.24
34.13,77.49,17-54-55-752,2.06,-11.67
38.00,77.31,17-54-55-866,0.72,-11.93
38.64,77.19,17-54-55-968,0.44,-12.09
48.68,76.92,17-54-56-094,3.96,-12.67
57.67,77.24,17-54-56-198,16.14,-11.54
67.31,78.36,17-54-56-303,96.76,-6.23
71.11,79.11,17-54-56-414,145.68,-1.85
71.93,79.55,17-54-56-509,156.09,-0.22
74.42,79.22,17-54-56-600,152.17,-0.20
75.69,79.14,17-54-56-708,143.72,-0.65
79.33,78.12,17-54-56-801,136.04,-2.35
83.07,77.28,17-54-56-925,130.22,-4.27
86.15,76.99,17-54-57-017,123.58,-5.83
88.42,76.77,17-54-57-120,118.72,-6.32
91.60,76.66,17-54-57-230,116.61,-6.91
93.99,76.55,17-54-57-325,114.90,-7.61
96.68,76.29,17-54-57-437,110.95,-8.16
99.79,76.20,17-54-57-533,106.08,-8.05
101.37,76.19,17-54-57-638,104.62,-7.89
102.82,76.19,17-54-57-743,101.93,-7.18
103.40,76.20,17-54-57-866,100.67,-6.41
104.42,76.20,17-54-57-970,101.44,-5.74
104.43,76.21,17-54-58-086,102.13,-5.34
104.54,76.21,17-54-58-183,102.35,-5.15
104.56,76.21,17-54-58-287,102.52,-4.99
104.77,76.23,17-54-58-389,102.45,-4.80
103.83,76.28,17-54-58-505,102.86,-4.80
103.28,76.30,17-54-58-601,103.37,-4.77
99.70,76.27,17-54-58-716,107.82,-5.00
92.80,76.31,17-54-58-828,113.36,-5.33
88.86,76.39,17-54-58-925,119.24,-5.65
86.93,76.48,17-54-59-035,123.75,-5.58
83.79,76.73,17-54-59-163,123.62,-5.22
78.83,77.15,17-54-59-280,129.20,-4.92
74.82,77.83,17-54-59-388,128.89,-4.03
67.38,78.93,17-54-59-503,140.57,-2.59
59.71,78.76,17-54-59-601,10.95,-4.15
52.23,78.03,17-54-59-718,1.67,-7.81
43.88,77.27,17-54-59-827,2.69,-10.36
36.77,76.95,17-54-59-934,2.34,-11.37
33.93,76.80,17-55-00-039,2.13,-11.83
32.36,76.93,17-55-00-157,2.71,-11.68
24.89,77.02,17-55-00-267,3.07,-11.59
24.51,77.06,17-55-00-364,2.97,-11.51
21.28,77.18,17-55-00-465,3.55,-11.27
17.18,77.83,17-55-00-575,4.76,-9.95
14.15,78.72,17-55-00-686,6.33,-8.12
14.60,79.57,17-55-00-787,7.45,-6.56
14.12,80.06,17-55-00-882,8.13,-5.73
13.96,80.29,17-55-00-982,8.34,-5.40
13.93,80.45,17-55-01-092,8.65,-5.10
12.64,80.51,17-55-01-202,8.74,-4.98
15.12,80.63,17-55-01-299,8.35,-5.01
13.67,80.63,17-55-01-398,8.37,-4.97
11.73,80.66,17-55-01-501,8.50,-4.87
12.13,80.69,17-55-01-617,8.50,-4.84
13.15,80.73,17-55-01-730,8.20,-4.92
13.73,80.77,17-55-01-841,8.03,-4.98
14.35,80.78,17-55-01-953,7.92,-5.04
14.41,80.81,17-55-02-058,7.84,-5.08
14.01,80.82,17-55-02-168,7.75,-5.12
13.85,80.83,17-55-02-266,7.52,-5.23
13.75,80.58,17-55-02-372,7.02,-5.71
13.94,80.31,17-55-02-484,6.77,-6.12
20.48,80.00,17-55-02-587,6.22,-6.79
25.52,79.83,17-55-02-687,6.07,-7.22
31.92,79.25,17-55-02-787,5.03,-8.38
36.29,78.29,17-55-02-887,3.15,-10.13
41.70,77.76,17-55-02-987,1.68,-10.91
45.78,77.16,17-55-03-092,0.17,-11.93
55.68,76.80,17-55-03-197,11.00,-12.42
61.41,76.65,17-55-03-309,30.41,-12.05
61.76,76.56,17-55-03-406,32.11,-11.79
67.11,76.53,17-55-03-521,85.11,-7.89
72.15,76.35,17-55-03-623,125.72,-5.37
74.78,76.72,17-55-03-739,127.79,-3.87
76.36,77.01,17-55-03-833,131.30,-3.24
77.95,76.99,17-55-03-945,133.58,-2.99
81.79,76.80,17-55-04-072,131.75,-3.20
83.49,76.73,17-55-04-178,131.11,-3.30
84.47,76.85,17-55-04-295,129.24,-3.51
87.00,76.85,17-55-04-398,123.52,-4.04
89.76,76.72,17-55-04-515,121.36,-4.29
91.50,76.63,17-55-04-627,119.32,-4.55
94.12,76.44,17-55-04-715,114.50,-4.99
96.55,75.90,17-55-04-817,107.59,-5.72
97.91,75.86,17-55-04-913,106.49,-5.61
98.61,75.86,17-55-05-018,104.75,-5.43
98.63,75.86,17-55-05-145,104.56,-5.30
98.68,75.86,17-55-05-251,104.49,-5.22
98.58,75.85,17-55-05-367,104.70,-5.18
98.59,75.86,17-55-05-466,104.74,-5.14
100.09,75.86,17-55-05-573,105.54,-4.92
100.98,75.89,17-55-05-677,105.82,-4.42
101.87,75.88,17-55-05-811,105.24,-4.06
101.73,75.88,17-55-05-938,104.83,-4.01
101.73,75.89,17-55-06-040,105.00,-3.99
101.07,75.87,17-55-06-170,105.24,-4.05
93.84,75.85,17-55-06-276,112.82,-4.26
86.24,75.92,17-55-06-385,124.03,-4.17
78.43,76.59,17-55-06-505,123.29,-3.89
69.41,77.73,17-55-06-625,149.06,-0.50
64.90,78.02,17-55-06-720,144.30,-0.77
59.08,77.47,17-55-06-823,3.22,-4.34
53.41,76.82,17-55-06-923,1.15,-8.78
45.29,75.82,17-55-07-033,1.39,-11.96
36.46,74.68,17-55-07-135,0.03,-14.75
31.02,74.47,17-55-07-239,0.49,-15.29
24.36,75.00,17-55-07-348,1.50,-14.49
21.27,75.40,17-55-07-460,1.94,-13.68
15.73,76.00,17-55-07-554,2.81,-12.66
16.18,77.31,17-55-07-653,4.97,-10.27
15.55,78.34,17-55-07-765,6.68,-8.42
15.17,79.02,17-55-07-870,7.82,-7.15
15.15,79.36,17-55-07-967,8.21,-6.55
15.05,79.57,17-55-08-069,8.57,-6.18
15.11,79.69,17-55-08-167,8.66,-5.99
15.43,79.79,17-55-08-272,8.71,-5.85
15.37,79.91,17-55-08-376,8.69,-5.72
14.81,80.00,17-55-08-488,8.49,-5.68
14.76,80.06,17-55-08-584,8.35,-5.67
14.67,80.10,17-55-08-682,8.29,-5.65
14.91,80.11,17-55-08-797,8.31,-5.64
15.07,80.15,17-55-08-906,8.30,-5.61
14.87,80.19,17-55-09-003,8.24,-5.62
14.14,80.22,17-55-09-102,8.22,-5.62
14.71,80.27,17-55-09-199,7.91,-5.68
14.99,80.26,17-55-09-302,7.70,-5.77
15.53,80.24,17-55-09-400,7.52,-5.91
15.91,79.80,17-55-09-496,6.25,-7.04
21.96,78.93,17-55-09-610,4.79,-8.77
31.98,78.04,17-55-09-720,3.08,-10.35
35.86,77.60,17-55-09-821,2.62,-11.05
42.05,77.33,17-55-09-929,1.20,-11.48
44.34,77.10,17-55-10-043,0.48,-11.80
52.22,76.86,17-55-10-133,5.36,-12.00
57.35,76.68,17-55-10-242,12.30,-12.18
62.19,76.53,17-55-10-357,25.13,-11.20
69.07,76.66,17-55-10-467,78.39,-7.87
70.86,76.67,17-55-10-568,114.53,-4.89
74.17,76.49,17-55-10-667,126.74,-3.45
75.98,76.36,17-55-10-766,124.72,-3.64
78.10,76.11,17-55-10-873,125.61,-3.77
80.06,75.78,17-55-10-969,124.59,-4.49
83.73,75.24,17-55-11-084,119.69,-5.13
85.37,75.07,17-55-11-180,115.05,-5.83
86.33,75.15,17-55-11-285,112.24,-6.34
89.00,75.32,17-55-11-398,113.36,-6.31
92.21,75.31,17-55-11-515,112.78,-6.64
93.53,75.37,17-55-11-612,110.62,-6.98
95.21,75.40,17-55-11-719,107.71,-7.30
97.17,75.49,17-55-11-818,106.35,-7.11
97.41,75.56,17-55-11-921,106.32,-6.99
98.41,75.71,17-55-12-030,106.75,-6.69
100.34,75.75,17-55-12-134,106.53,-6.30
101.40,75.79,17-55-12-237,106.14,-5.77
101.37,75.85,17-55-12-338,106.66,-5.60
101.73,75.92,17-55-12-436,106.90,-5.48
102.16,75.93,17-55-12-553,107.10,-5.44
102.16,75.97,17-55-12-659,106.95,-5.33
101.43,75.92,17-55-12-774,106.50,-5.29
100.97,75.72,17-55-12-863,106.43,-5.20
94.76,75.61,17-55-12-970,109.16,-5.46
90.87,75.51,17-55-13-070,110.66,-5.72
85.78,75.60,17-55-13-169,113.60,-5.76
81.19,75.71,17-55-13-291,116.45,-5.38
75.75,76.56,17-55-13-416,123.24,-3.29
69.52,77.06,17-55-13-523,139.67,-1.69
63.03,77.07,17-55-13-644,4.19,-2.40
58.97,77.25,17-55-13-761,5.64,-4.37
56.45,77.37,17-55-13-874,2.75,-5.73
51.58,77.19,17-55-13-968,2.80,-8.55
45.39,77.10,17-55-14-074,3.20,-10.24
40.92,76.87,17-55-14-166,3.20,-10.92
35.64,76.37,17-55-14-268,2.80,-11.94
34.27,75.88,17-55-14-370,1.81,-12.90
32.51,75.54,17-55-14-470,1.44,-13.54
29.44,75.36,17-55-14-569,1.39,-13.99
25.68,75.39,17-55-14-673,1.80,-13.97
23.38,75.45,17-55-14-771,2.03,-13.83
19.58,75.97,17-55-14-873,2.66,-12.85
19.31,77.01,17-55-14-974,4.43,-10.83
19.85,77.84,17-55-15-085,6.15,-9.20
16.65,78.72,17-55-15-190,7.88,-7.43
16.02,79.44,17-55-15-288,9.04,-5.99
15.55,79.79,17-55-15-408,9.60,-5.32
15.75,80.05,17-55-15-517,9.89,-4.90
15.84,80.18,17-55-15-618,9.95,-4.72
16.46,80.26,17-55-15-734,10.01,-4.64
16.66,80.28,17-55-15-834,9.95,-4.64
16.22,80.29,17-55-15-938,9.92,-4.66
16.20,80.30,17-55-16-041,9.81,-4.70
16.18,80.31,17-55-16-158,9.80,-4.71
17.12,80.56,17-55-16-253,9.16,-4.80
17.56,80.69,17-55-16-374,8.79,-4.84
17.43,80.64,17-55-16-495,8.40,-5.05
18.00,80.56,17-55-16-585,8.05,-5.32
18.27,80.47,17-55-16-684,7.83,-5.52
18.43,80.28,17-55-16-787,7.20,-6.01
21.11,79.74,17-55-16-883,6.04,-7.15
22.62,79.44,17-55-16-984,5.40,-7.79
24.93,79.20,17-55-17-082,5.06,-8.28
31.37,78.94,17-55-17-192,4.68,-8.72
37.56,78.42,17-55-17-314,3.72,-9.42
44.06,78.01,17-55-17-420,3.05,-9.83
47.36,77.60,17-55-17-540,0.88,-10.62
51.17,77.37,17-55-17-628,2.31,-11.08
54.41,77.30,17-55-17-756,6.74,-11.15
57.82,77.37,17-55-17-866,11.85,-10.87
64.76,77.95,17-55-17-964,48.38,-8.09
69.35,78.48,17-55-18-064,108.27,-6.08
71.44,78.97,17-55-18-169,139.94,-2.85
72.23,79.11,17-55-18-271,143.40,-1.75
72.92,79.33,17-55-18-382,151.52,-0.47
73.95,79.59,17-55-18-488,154.13,-0.23
76.20,79.84,17-55-18-602,154.13,-0.78
76.96,79.75,17-55-18-700,151.50,-0.58
77.31,79.66,17-55-18-801,148.83,-0.25
78.07,79.62,17-55-18-895,147.96,-0.70
79.57,79.78,17-55-19-006,147.22,-0.83
79.91,79.64,17-55-19-109,143.80,-1.79
82.08,79.27,17-55-19-222,141.25,-2.21
84.19,78.85,17-55-19-319,139.59,-2.36
86.81,78.67,17-55-19-436,135.96,-2.47
88.67,78.56,17-55-19-538,132.21,-2.52
89.95,78.36,17-55-19-647,130.61,-2.72
90.62,78.13,17-55-19-747,128.65,-2.82
92.90,78.02,17-55-19-862,121.07,-3.01
98.31,77.90,17-55-19-969,115.78,-2.13
101.56,77.95,17-55-20-068,110.80,-0.98
103.51,78.11,17-55-20-161,109.00,-0.19
104.51,78.18,17-55-20-266,110.61,-0.01
107.12,78.27,17-55-20-368,109.63,-0.26
109.74,78.43,17-55-20-467,106.12,-0.64
112.66,78.80,17-55-20-575,103.10,-1.45
113.81,79.27,17-55-20-682,102.05,-2.45
113.84,79.54,17-55-20-788,102.40,-3.03
113.84,79.71,17-55-20-899,102.82,-3.37
113.46,79.79,17-55-21-000,103.99,-3.52
111.70,79.57,17-55-21-097,104.64,-3.00
109.96,79.37,17-55-21-205,109.09,-2.52
101.69,79.14,17-55-21-304,116.74,-1.45
95.13,79.10,17-55-21-432,120.33,-0.15
91.44,79.04,17-55-21-558,124.95,-0.86
84.59,79.14,17-55-21-656,135.28,-1.16
75.24,79.54,17-55-21-776,141.04,-1.40
68.51,80.54,17-55-21-880,157.57,-0.55
60.11,80.67,17-55-21-997,1.37,-2.24
50.68,80.66,17-55-22-109,7.62,-4.53
44.48,80.26,17-55-22-216,6.43,-6.22
36.59,79.37,17-55-22-321,3.96,-8.47
32.07,79.22,17-55-22-418,3.54,-8.98
28.42,79.03,17-55-22-520,3.12,-9.49
24.79,79.08,17-55-22-622,4.22,-9.08
22.22,79.21,17-55-22-721,5.23,-8.48
19.51,79.33,17-55-22-838,6.25,-7.80
15.63,79.51,17-55-22-953,6.52,-7.37
15.49,79.74,17-55-23-053,6.95,-6.89
15.27,80.03,17-55-23-153,7.19,-6.39
13.45,80.26,17-55-23-249,7.65,-5.91
12.75,80.33,17-55-23-351,8.04,-5.70
13.90,80.38,17-55-23-461,8.16,-5.59
16.01,80.42,17-55-23-576,8.19,-5.52
15.88,80.44,17-55-23-667,8.24,-5.49
15.89,80.48,17-55-23-765,8.24,-5.45
16.08,80.51,17-55-23-869,8.23,-5.42
16.94,80.52,17-55-23-967,8.16,-5.44
17.40,80.53,17-55-24-090,8.13,-5.43
17.96,80.51,17-55-24-200,8.11,-5.46
17.25,80.49,17-55-24-304,7.94,-5.54
16.55,80.41,17-55-24-410,7.69,-5.73
16.49,80.23,17-55-24-517,7.60,-5.96
16.40,80.09,17-55-24-630,7.53,-6.14
16.67,79.94,17-55-24-755,7.34,-6.39
17.74,79.83,17-55-24-879,7.14,-6.57
22.07,79.66,17-55-24-996,6.68,-6.95
29.66,79.38,17-55-25-108,5.73,-7.59
35.67,78.55,17-55-25-243,3.79,-9.26
38.39,78.17,17-55-25-353,2.82,-9.90
47.23,77.98,17-55-25-476,0.74,-10.18
56.73,78.17,17-55-25-587,8.93,-9.43
62.79,78.53,17-55-25-682,28.92,-8.09
65.57,78.96,17-55-25-788,67.68,-6.12
69.83,79.64,17-55-25-887,130.87,-3.78
70.31,80.09,17-55-25-998,143.70,-2.26
73.03,80.60,17-55-26-082,157.04,-0.03
75.68,80.40,17-55-26-183,155.23,-0.40
76.43,80.33,17-55-26-295,153.18,-0.18
78.77,79.92,17-55-26-409,145.77,-1.44
81.00,79.47,17-55-26-518,142.11,-1.42
82.44,79.25,17-55-26-623,140.62,-1.27
85.27,79.02,17-55-26-721,135.65,-1.78
87.29,78.83,17-55-26-820,128.91,-2.82
88.86,78.75,17-55-26-925,126.97,-3.20
91.73,78.73,17-55-27-022,125.37,-3.62
94.74,78.77,17-55-27-150,123.90,-3.57
97.43,78.76,17-55-27-254,120.41,-3.58
102.38,78.71,17-55-27-364,113.80,-3.13
104.50,78.74,17-55-27-476,112.44,-2.11
105.56,78.80,17-55-27-566,111.83,-1.06
107.70,78.80,17-55-27-672,110.23,-0.24
109.91,78.85,17-55-27-768,106.55,-0.15
110.58,78.88,17-55-27-889,106.01,-0.53
112.67,78.96,17-55-27-988,103.56,-0.83
113.99,79.06,17-55-28-092,100.36,-1.05
114.44,79.16,17-55-28-211,99.23,-1.23
114.39,79.26,17-55-28-320,99.05,-1.39
113.94,79.29,17-55-28-438,99.94,-1.50
113.81,79.31,17-55-28-532,100.49,-1.57
112.67,79.34,17-55-28-629,101.88,-1.83
107.96,79.21,17-55-28-748,109.57,-1.46
91.76,78.66,17-55-28-851,130.10,-0.04
85.85,78.08,17-55-28-954,136.40,-1.56
75.69,78.19,17-55-29-075,138.29,-2.45
73.10,78.36,17-55-29-180,146.22,-0.95
64.82,78.79,17-55-29-285,152.52,-0.65
53.62,78.17,17-55-29-394,7.14,-5.55
42.43,77.67,17-55-29-499,8.97,-7.86
37.24,77.63,17-55-29-602,7.67,-8.67
32.68,77.84,17-55-29-702,7.09,-8.65
32.52,77.91,17-55-29-802,6.70,-8.71
26.69,78.16,17-55-29-900,7.05,-8.41
21.75,78.36,17-55-29-998,6.64,-8.32
18.41,78.90,17-55-30-116,7.68,-7.33
17.12,79.61,17-55-30-220,8.47,-6.02
15.35,80.51,17-55-30-313,9.87,-4.30
15.64,80.97,17-55-30-402,10.62,-3.43
14.74,81.56,17-55-30-525,11.14,-2.45
14.33,81.90,17-55-30-638,11.50,-1.91
13.25,81.87,17-55-30-744,11.20,-2.14
10.99,81.83,17-55-30-856,10.87,-2.35
10.51,81.74,17-55-30-957,10.24,-2.73
11.05,81.66,17-55-31-067,9.87,-2.99
11.83,81.62,17-55-31-172,9.66,-3.15
13.06,81.55,17-55-31-269,9.55,-3.31
14.63,81.50,17-55-31-363,9.42,-3.44
15.22,81.55,17-55-31-470,8.92,-3.64
16.30,81.58,17-55-31-573,8.58,-3.82
16.75,81.59,17-55-31-687,8.27,-4.00
17.27,81.56,17-55-31-797,8.09,-4.14
17.53,81.60,17-55-31-900,7.82,-4.26
17.66,81.63,17-55-32-011,7.65,-4.31
18.81,81.63,17-55-32-137,7.43,-4.39
23.68,81.55,17-55-32-237,7.34,-4.58
28.28,81.38,17-55-32-352,7.07,-4.91
32.52,81.22,17-55-32-456,7.03,-5.26
35.05,81.01,17-55-32-560,6.65,-5.65
40.67,80.85,17-55-32-683,6.30,-5.91
46.12,80.76,17-55-32-787,5.28,-5.98
57.37,80.48,17-55-32-901,2.41,-6.23
61.52,80.28,17-55-33-015,12.10,-6.34
68.39,80.00,17-55-33-125,109.87,-5.38
71.59,79.78,17-55-33-237,135.81,-4.17
72.84,79.75,17-55-33-332,149.50,-2.06
73.49,79.72,17-55-33-440,154.07,-0.39
74.82,79.44,17-55-33-531,152.88,-0.00
74.90,79.32,17-55-33-630,153.21,-0.27
74.85,79.25,17-55-33-746,153.81,-0.47
76.90,79.28,17-55-33-853,150.32,-0.35
78.12,79.28,17-55-33-961,147.12,-0.54
79.64,79.17,17-55-34-067,144.32,-0.96
81.54,79.11,17-55-34-172,141.84,-1.30
83.08,79.10,17-55-34-280,139.91,-1.89
85.08,79.06,17-55-34-384,138.38,-2.20
87.97,78.79,17-55-34-484,134.49,-2.56
90.11,78.65,17-55-34-599,131.61,-2.47
91.77,78.54,17-55-34-696,128.51,-2.46
93.59,78.50,17-55-34-788,125.97,-2.42
94.45,78.49,17-55-34-892,125.20,-2.40
94.78,78.50,17-55-35-007,124.30,-2.33
95.25,78.50,17-55-35-115,121.96,-2.43
98.80,78.53,17-55-35-234,119.28,-2.34
101.32,78.61,17-55-35-346,118.98,-2.01
103.66,78.68,17-55-35-479,114.72,-1.08
105.22,78.78,17-55-35-590,112.85,-0.00
105.35,78.89,17-55-35-701,113.52,-0.66
105.87,78.94,17-55-35-799,113.48,-1.35
106.99,79.01,17-55-35-897,111.54,-1.79
107.59,79.10,17-55-35-996,112.00,-2.23
108.05,79.18,17-55-36-097,112.30,-2.57
107.78,79.37,17-55-36-205,112.46,-3.09
107.91,79.60,17-55-36-304,113.01,-3.59
107.16,80.34,17-55-36-411,112.86,-3.80
99.15,80.46,17-55-36-516,121.84,-3.41
89.32,80.42,17-55-36-621,141.68,-2.93
85.58,80.46,17-55-36-735,149.31,-2.86
79.62,80.54,17-55-36-840,157.83,-2.64
75.96,80.38,17-55-36-928,158.41,-1.37
73.91,80.51,17-55-37-033,159.85,-1.07
70.35,80.92,17-55-37-156,164.04,-1.08
66.71,80.96,17-55-37-288,162.39,-0.15
66.61,80.88,17-55-37-405,159.74,-0.44
66.86,80.86,17-55-37-507,158.30,-0.74
52.59,80.25,17-55-37-622,6.79,-4.16
43.56,78.62,17-55-37-721,5.89,-8.08
37.38,77.41,17-55-37-834,3.48,-10.84
33.71,76.79,17-55-37-937,2.26,-12.22
32.24,76.51,17-55-38-051,1.77,-12.79
29.94,76.28,17-55-38-165,1.75,-13.25
25.01,76.52,17-55-38-264,2.56,-12.63
20.07,76.95,17-55-38-378,3.35,-11.72
18.63,77.15,17-55-38-472,3.09,-11.57
15.96,77.60,17-55-38-588,2.90,-10.85
15.70,78.13,17-55-38-698,3.70,-9.86
15.70,78.64,17-55-38-808,4.66,-8.87
17.30,78.90,17-55-38-898,5.29,-8.26
18.33,79.00,17-55-39-003,5.82,-7.98
17.72,79.04,17-55-39-110,6.11,-7.84
18.32,79.06,17-55-39-216,6.15,-7.79
18.27,79.07,17-55-39-319,6.15,-7.76
18.11,79.08,17-55-39-451,6.24,-7.73
17.92,79.08,17-55-39-555,6.28,-7.71
17.79,79.09,17-55-39-667,6.30,-7.69
17.92,79.11,17-55-39-780,6.31,-7.67
18.33,78.79,17-55-39-911,5.62,-8.35
18.44,78.15,17-55-40-043,4.56,-9.67
26.91,77.25,17-55-40-138,3.04,-11.43
32.74,76.39,17-55-40-251,1.19,-13.07
34.48,75.95,17-55-40-349,0.81,-13.80
37.37,75.84,17-55-40-450,0.22,-13.83
42.69,75.83,17-55-40-565,0.68,-13.75
46.22,75.92,17-55-40-676,1.62,-13.46
51.76,76.45,17-55-40-791,4.63,-12.22
58.26,77.14,17-55-40-908,10.78,-10.56
65.21,78.02,17-55-41-033,48.31,-6.88
70.35,78.78,17-55-41-144,116.56,-4.16
70.74,79.11,17-55-41-256,127.76,-2.76
70.66,79.24,17-55-41-357,132.35,-2.06
73.16,79.26,17-55-41-484,151.54,-0.37
75.99,79.08,17-55-41-603,146.49,-0.44
77.03,79.06,17-55-41-736,146.09,-0.33
78.50,79.08,17-55-41-850,149.31,-0.56
80.77,79.37,17-55-41-988,151.63,-2.02
84.69,79.28,17-55-42-109,147.06,-1.99
87.18,79.26,17-55-42-216,141.53,-1.35
88.60,79.23,17-55-42-331,138.78,-0.44
89.71,79.16,17-55-42-451,135.83,-0.15
90.53,78.96,17-55-42-575,133.69,-0.78
91.46,78.78,17-55-42-687,131.40,-1.00
95.27,78.71,17-55-42-800,123.54,-1.14
96.91,78.68,17-55-42-920,118.75,-1.22
100.03,78.64,17-55-43-048,114.01,-0.74
104.52,78.65,17-55-43-175,111.65,-0.43
105.75,78.70,17-55-43-295,112.05,-1.10
106.19,78.78,17-55-43-404,111.05,-1.45
107.51,78.78,17-55-43-516,112.28,-2.31
108.11,78.80,17-55-43-626,112.24,-2.62
109.18,78.81,17-55-43-759,110.03,-2.59
110.95,78.82,17-55-43-881,106.75,-2.55
111.75,78.87,17-55-43-995,104.72,-2.54
112.33,78.92,17-55-44-108,103.27,-2.54
113.40,79.04,17-55-44-226,101.41,-2.63
112.92,79.12,17-55-44-339,101.78,-2.64
112.42,79.13,17-55-44-436,102.72,-2.61
111.77,79.12,17-55-44-535,103.75,-2.56
111.19,79.12,17-55-44-648,106.64,-2.82
107.67,79.14,17-55-44-749,111.70,-2.97
96.41,78.92,17-55-44-852,122.68,-2.12
89.40,78.54,17-55-44-950,133.04,-1.06
83.51,78.30,17-55-45-054,139.42,-0.34
81.77,78.16,17-55-45-151,141.18,-0.03
76.91,78.48,17-55-45-247,148.75,-0.40
72.68,78.97,17-55-45-353,159.33,-1.50
68.28,79.04,17-55-45-473,159.55,-0.55
65.08,79.12,17-55-45-566,150.68,-0.29
50.32,78.34,17-55-45-667,14.32,-3.82
45.06,76.89,17-55-45-775,10.03,-7.89
41.37,76.09,17-55-45-882,8.35,-9.77
34.76,75.79,17-55-45-980,7.19,-10.62
32.53,75.82,17-55-46-093,7.70,-10.54
30.07,75.95,17-55-46-215,7.71,-10.34
28.33,76.22,17-55-46-319,7.78,-10.05
27.76,76.41,17-55-46-415,7.94,-9.82
27.91,76.51,17-55-46-519,7.90,-9.74
21.37,76.75,17-55-46-618,7.59,-9.47
20.13,77.07,17-55-46-725,7.62,-9.09
19.62,77.50,17-55-46-833,8.01,-8.53
18.45,78.56,17-55-46-941,9.02,-6.93
16.50,79.15,17-55-47-038,9.39,-6.16
17.22,79.51,17-55-47-158,9.49,-5.75
18.07,79.62,17-55-47-264,9.16,-5.80
17.66,79.65,17-55-47-371,8.98,-5.82
17.75,79.65,17-55-47-486,8.84,-5.85
17.71,79.67,17-55-47-603,8.79,-5.87
17.75,79.68,17-55-47-713,8.74,-5.90
17.84,79.68,17-55-47-812,8.69,-5.93
17.45,79.68,17-55-47-911,8.65,-5.97
15.94,79.60,17-55-48-013,8.48,-6.15
16.44,79.55,17-55-48-126,8.32,-6.28
16.89,79.50,17-55-48-216,8.11,-6.43
17.18,79.47,17-55-48-314,7.99,-6.53
17.38,79.44,17-55-48-398,7.90,-6.61
17.87,79.28,17-55-48-511,7.60,-6.92
21.43,79.03,17-55-48-619,7.23,-7.41
29.99,78.15,17-55-48-720,5.64,-9.08
35.05,77.13,17-55-48-832,3.69,-11.01
37.08,76.43,17-55-48-931,2.15,-12.26
37.46,76.11,17-55-49-036,1.68,-12.79
44.97,75.98,17-55-49-136,0.09,-13.09
51.81,75.74,17-55-49-251,5.53,-13.41
56.53,75.61,17-55-49-365,13.06,-13.34
64.68,76.43,17-55-49-479,48.56,-9.43
67.43,77.14,17-55-49-583,94.84,-5.43
69.82,77.47,17-55-49-687,132.44,-2.89
72.51,77.56,17-55-49-804,138.93,-2.14
76.21,77.77,17-55-49-903,136.37,-1.42
78.35,77.24,17-55-50-021,133.09,-2.59
79.80,76.51,17-55-50-122,125.21,-3.95
82.33,76.13,17-55-50-240,124.07,-4.46
84.62,75.97,17-55-50-339,123.23,-4.85
86.78,75.86,17-55-50-460,119.43,-5.15
91.45,76.05,17-55-50-572,117.68,-4.78
93.75,76.47,17-55-50-684,115.46,-4.22
96.77,76.68,17-55-50-804,114.76,-3.71
97.98,76.98,17-55-50-917,113.95,-3.19
99.74,77.20,17-55-51-014,112.72,-2.72
103.09,77.44,17-55-51-118,111.44,-2.02
104.56,77.77,17-55-51-217,112.89,-1.11
107.80,78.04,17-55-51-328,112.18,-0.40
109.22,78.32,17-55-51-433,109.87,-0.16
110.30,79.06,17-55-51-568,105.12,-1.02
111.88,79.56,17-55-51-666,103.85,-1.18
112.21,79.95,17-55-51-766,106.61,-1.53
112.31,80.11,17-55-51-863,107.42,-1.55
112.14,80.18,17-55-51-966,108.21,-1.42
112.24,80.23,17-55-52-066,108.74,-1.47
111.33,80.26,17-55-52-166,109.13,-1.37
110.56,80.24,17-55-52-269,109.81,-1.34
108.82,80.24,17-55-52-385,110.33,-1.40
102.09,80.30,17-55-52-487,114.81,-1.49
93.65,80.27,17-55-52-603,128.83,-0.87
88.72,80.31,17-55-52-698,138.98,-0.97
82.34,80.42,17-55-52-803,149.55,-1.12
80.36,80.56,17-55-52-897,155.22,-1.83
76.92,80.70,17-55-53-010,159.38,-1.79
74.31,80.29,17-55-53-113,158.83,-1.06
70.41,80.47,17-55-53-221,162.32,-0.91
68.65,80.21,17-55-53-335,159.40,-0.11
60.51,79.53,17-55-53-451,9.03,-2.28
54.06,79.29,17-55-53-546,12.81,-3.68
47.34,79.09,17-55-53-655,11.71,-5.06
44.25,78.79,17-55-53-749,9.46,-6.40
41.76,78.58,17-55-53-850,7.82,-7.24
38.58,78.24,17-55-53-948,6.62,-8.26
36.04,77.96,17-55-54-050,5.82,-8.99
35.17,77.91,17-55-54-151,5.54,-9.17
33.50,78.01,17-55-54-256,5.39,-9.16
31.53,78.07,17-55-54-349,5.43,-9.16
27.10,78.35,17-55-54-469,5.80,-8.86
23.80,78.63,17-55-54-570,5.70,-8.63
21.97,78.86,17-55-54-682,5.28,-8.52
21.00,79.11,17-55-54-782,5.32,-8.20
20.30,79.44,17-55-54-884,5.46,-7.77
18.12,79.79,17-55-54-982,5.33,-7.38
16.40,79.96,17-55-55-092,5.01,-7.36
11.03,80.04,17-55-55-192,4.84,-7.41
11.03,80.02,17-55-55-295,4.49,-7.53
11.83,80.01,17-55-55-399,4.28,-7.59
11.81,80.15,17-55-55-500,4.00,-7.57
11.94,80.22,17-55-55-611,4.23,-7.41
9.53,80.20,17-55-55-699,4.37,-7.46
8.50,80.17,17-55-55-800,4.24,-7.60
7.89,80.15,17-55-55-919,4.35,-7.60
7.68,80.09,17-55-56-016,4.37,-7.66
8.82,80.02,17-55-56-119,4.30,-7.76
9.69,79.92,17-55-56-220,4.23,-7.90
9.74,79.87,17-55-56-316,4.21,-7.97
9.67,79.81,17-55-56-418,4.25,-8.03
9.89,79.87,17-55-56-519,4.45,-7.86
13.35,80.01,17-55-56-618,4.19,-7.81
18.42,79.77,17-55-56-725,3.76,-8.18
32.04,79.03,17-55-56-836,2.49,-9.49
42.07,77.67,17-55-56-937,0.63,-11.66
47.18,76.80,17-55-57-050,2.50,-12.80
52.79,75.97,17-55-57-150,10.11,-13.89
55.90,75.65,17-55-57-271,14.76,-14.03
58.07,75.56,17-55-57-365,16.92,-13.75
60.78,75.44,17-55-57-463,21.86,-13.35
66.81,76.50,17-55-57-570,67.38,-8.23
71.73,78.17,17-55-57-684,137.11,-3.08
74.06,78.96,17-55-57-783,151.50,-0.27
76.64,78.91,17-55-57-888,150.71,-0.60
76.57,79.14,17-55-57-993,155.10,-1.47
77.27,79.22,17-55-58-101,153.07,-1.11
79.42,79.16,17-55-58-203,151.24,-1.55
81.39,78.91,17-55-58-299,147.09,-1.16
85.03,78.54,17-55-58-404,138.96,-0.04
87.38,78.21,17-55-58-503,133.36,-0.70
88.52,77.94,17-55-58-603,130.47,-1.33
93.62,77.78,17-55-58-720,123.68,-1.48
95.71,77.72,17-55-58-820,121.13,-1.66
98.42,77.72,17-55-58-922,117.50,-1.66
101.28,77.72,17-55-59-029,113.37,-1.35
103.60,77.72,17-55-59-129,111.66,-0.76
103.78,77.73,17-55-59-246,111.71,-0.43
105.04,77.73,17-55-59-352,112.15,-0.09
107.23,77.78,17-55-59-470,109.64,-0.18
109.98,77.87,17-55-59-565,105.81,-0.27
111.32,78.06,17-55-59-688,104.16,-0.57
112.39,78.22,17-55-59-808,103.01,-0.68
114.13,78.43,17-55-59-903,101.30,-0.81
117.23,78.71,17-55-59-998,94.55,-1.12
118.19,79.02,17-56-00-106,91.78,-1.50
117.10,79.11,17-56-00-216,93.51,-1.54
116.15,79.20,17-56-00-312,95.22,-1.63
114.82,79.27,17-56-00-413,97.21,-1.81
114.70,79.25,17-56-00-528,99.81,-2.07
106.75,79.20,17-56-00-640,108.54,-2.11
94.81,78.85,17-56-00-737,127.31,-1.81
84.96,78.90,17-56-00-871,142.76,-1.01
77.71,79.00,17-56-00-970,152.73,-0.92
76.36,79.09,17-56-01-067,153.95,-0.68
76.34,79.14,17-56-01-165,153.83,-0.58
73.80,79.31,17-56-01-270,157.52,-1.08
69.65,79.54,17-56-01-366,161.97,-1.07
68.08,79.81,17-56-01-466,162.05,-0.76
63.31,80.15,17-56-01-570,31.51,-0.45
55.20,80.46,17-56-01-662,14.00,-1.92
51.63,80.73,17-56-01-780,11.31,-3.04
46.38,80.98,17-56-01-896,8.75,-4.14
39.43,81.27,17-56-01-997,6.90,-4.79
39.49,81.28,17-56-02-103,5.73,-5.33
36.88,81.04,17-56-02-210,4.43,-6.33
35.46,80.66,17-56-02-312,3.47,-7.33
33.85,80.42,17-56-02-413,2.92,-7.94
31.58,80.09,17-56-02-521,2.59,-8.51
29.08,79.40,17-56-02-622,2.78,-9.18
26.24,79.17,17-56-02-735,4.21,-8.80
24.23,79.08,17-56-02-842,4.87,-8.67
18.96,79.21,17-56-02-968,5.39,-8.26
17.92,79.43,17-56-03-065,6.60,-7.44
17.56,79.81,17-56-03-165,7.56,-6.46
17.70,80.06,17-56-03-263,8.26,-5.79
16.46,80.35,17-56-03-366,8.50,-5.32
16.77,80.51,17-56-03-465,8.66,-5.09
16.50,80.61,17-56-03-567,8.76,-4.94
15.32,80.69,17-56-03-669,8.65,-4.88
14.60,80.72,17-56-03-767,8.47,-4.92
14.06,80.75,17-56-03-869,8.38,-4.95
14.10,80.75,17-56-03-963,8.30,-5.00
14.11,80.75,17-56-04-066,8.20,-5.05
14.42,80.76,17-56-04-168,8.11,-5.09
14.59,80.75,17-56-04-274,8.07,-5.12
14.68,80.75,17-56-04-389,8.02,-5.16
14.63,80.74,17-56-04-482,7.96,-5.20
14.66,80.73,17-56-04-586,7.92,-5.23
14.70,80.72,17-56-04-712,7.84,-5.27
14.66,80.72,17-56-04-814,7.78,-5.30
14.64,80.72,17-56-04-922,7.71,-5.33
14.63,80.72,17-56-05-036,7.66,-5.35
14.53,80.72,17-56-05-137,7.63,-5.36
14.25,80.71,17-56-05-247,7.57,-5.37
14.32,80.71,17-56-05-349,7.50,-5.38
14.47,80.70,17-56-05-447,7.58,-5.35
15.31,80.69,17-56-05-562,7.56,-5.35
15.66,80.69,17-56-05-670,7.56,-5.34
16.57,80.70,17-56-05-806,7.57,-5.31
24.20,80.68,17-56-05-914,7.80,-5.28
30.44,80.64,17-56-06-020,7.67,-5.35
35.33,80.59,17-56-06-138,7.43,-5.49
39.65,80.62,17-56-06-245,6.92,-5.69
45.14,81.00,17-56-06-346,8.12,-4.97
45.82,82.50,17-56-06-453,12.02,-2.00
49.90,82.86,17-56-06-555,13.34,-1.10
65.28,82.06,17-56-06-679,99.52,-2.35
70.20,81.60,17-56-06-795,145.88,-2.38
74.68,81.06,17-56-06-900,141.66,-2.24
75.72,81.26,17-56-07-009,151.17,-0.82
78.69,81.62,17-56-07-122,156.19,-0.36
82.69,82.66,17-56-07-249,159.26,-2.35
83.90,82.90,17-56-07-362,160.20,-3.66
87.56,82.57,17-56-07-463,155.56,-4.19
88.27,82.18,17-56-07-563,152.58,-4.09
89.78,81.91,17-56-07-653,147.88,-3.24
92.39,81.82,17-56-07-767,142.47,-2.50
95.29,81.58,17-56-07-869,138.58,-2.25
98.88,81.50,17-56-07-966,134.16,-2.22
102.40,81.45,17-56-08-078,130.65,-2.50
104.36,81.38,17-56-08-187,126.18,-2.93
105.45,81.33,17-56-08-289,125.76,-3.36
106.98,81.29,17-56-08-396,123.22,-3.76
108.89,81.23,17-56-08-502,119.43,-3.77
110.52,81.18,17-56-08-604,117.38,-3.70
111.05,81.18,17-56-08-715,115.90,-3.65
111.14,81.20,17-56-08-817,115.37,-3.61
111.02,81.20,17-56-08-913,115.99,-3.65
109.82,81.06,17-56-09-026,117.48,-3.71
108.65,81.05,17-56-09-140,118.73,-3.78
106.75,81.04,17-56-09-229,118.59,-3.47
99.73,81.08,17-56-09-332,126.96,-3.41
94.39,81.16,17-56-09-434,136.83,-3.28
88.78,81.23,17-56-09-537,148.38,-3.75
82.80,80.97,17-56-09-635,156.22,-3.11
81.35,81.06,17-56-09-734,158.76,-2.95
75.71,81.00,17-56-09-862,163.61,-2.30
68.98,81.32,17-56-09-967,171.61,-1.82
66.63,81.18,17-56-10-067,164.02,-0.41
60.65,80.90,17-56-10-166,10.00,-1.18
53.43,81.06,17-56-10-268,12.76,-2.18
49.91,80.18,17-56-10-365,9.03,-4.72
45.27,79.21,17-56-10-464,6.54,-7.19
42.73,78.89,17-56-10-568,5.62,-8.24
40.26,78.54,17-56-10-668,4.35,-9.11
36.60,77.99,17-56-10-768,3.26,-10.23
34.63,77.75,17-56-10-868,2.94,-10.70
32.85,77.48,17-56-10-964,2.68,-11.23
28.50,77.33,17-56-11-072,3.04,-11.42
22.97,77.52,17-56-11-184,3.62,-10.91
20.54,77.85,17-56-11-283,4.12,-10.31
20.38,78.04,17-56-11-383,4.39,-9.93
20.80,78.17,17-56-11-494,4.60,-9.65
18.27,78.66,17-56-11-605,5.39,-8.70
17.09,78.95,17-56-11-700,5.77,-8.19
13.42,79.22,17-56-11-797,5.46,-7.86
12.80,79.41,17-56-11-903,5.61,-7.59
12.42,79.41,17-56-12-015,5.79,-7.52
12.65,79.47,17-56-12-127,6.27,-7.23
13.48,79.53,17-56-12-241,6.70,-6.96
13.52,79.56,17-56-12-347,7.02,-6.80
11.93,79.59,17-56-12-456,7.22,-6.69
12.26,79.59,17-56-12-565,7.34,-6.64
12.30,79.58,17-56-12-668,7.45,-6.61
12.53,79.60,17-56-12-764,7.45,-6.59
12.80,79.61,17-56-12-870,7.48,-6.56
13.13,79.62,17-56-12-965,7.40,-6.59
13.03,79.63,17-56-13-072,7.35,-6.60
13.33,79.44,17-56-13-166,7.02,-6.94
13.77,79.34,17-56-13-263,6.79,-7.16
13.93,79.16,17-56-13-362,6.49,-7.47
14.33,79.12,17-56-13-461,6.46,-7.53
16.71,79.01,17-56-13-569,6.20,-7.71
22.71,78.89,17-56-13-687,6.30,-7.86
31.54,78.72,17-56-13-797,5.60,-8.33
34.49,78.59,17-56-13-903,4.88,-8.80
38.65,78.41,17-56-14-010,3.79,-9.22
44.48,78.12,17-56-14-119,1.68,-9.85
49.05,78.03,17-56-14-237,1.17,-10.33
58.01,78.04,17-56-14-345,13.43,-10.30
62.46,78.19,17-56-14-452,33.97,-9.32
66.53,78.65,17-56-14-545,74.04,-7.09
69.94,79.07,17-56-14-647,128.44,-4.40
72.36,79.40,17-56-14-751,145.85,-2.27
73.04,79.64,17-56-14-853,151.72,-0.56
76.54,80.46,17-56-14-966,154.07,-0.50
78.61,80.58,17-56-15-077,151.44,-0.38
83.38,80.19,17-56-15-194,143.60,-0.85
89.56,79.55,17-56-15-304,130.74,-3.30
94.00,79.11,17-56-15-422,124.33,-4.11
97.10,78.93,17-56-15-528,117.85,-4.14
102.85,78.80,17-56-15-641,111.50,-4.15
104.87,78.78,17-56-15-742,113.76,-3.19
105.66,78.67,17-56-15-858,115.93,-2.54
106.21,78.67,17-56-15-970,113.53,-2.06
107.93,78.63,17-56-16-079,110.31,-1.50
110.85,78.71,17-56-16-183,105.39,-0.49
112.25,78.75,17-56-16-295,101.00,-0.30
114.49,78.86,17-56-16-397,97.22,-0.19
114.90,78.95,17-56-16-498,96.01,-0.12
117.47,78.99,17-56-16-602,89.35,-0.04
118.24,79.13,17-56-16-692,86.27,-0.12
117.69,79.28,17-56-16-799,87.29,-0.06
116.55,79.49,17-56-16-899,87.86,-0.23
115.31,79.56,17-56-16-997,91.23,-0.42
111.75,79.61,17-56-17-106,96.50,-1.13
108.42,79.61,17-56-17-205,100.65,-1.60
104.97,79.62,17-56-17-311,105.11,-1.73
94.38,79.53,17-56-17-416,123.55,-1.14
87.47,79.53,17-56-17-514,139.43,-0.85
80.37,79.58,17-56-17-620,149.59,-0.77
77.16,79.65,17-56-17-713,151.83,-0.36
75.68,79.66,17-56-17-825,153.00,-0.03
72.10,80.26,17-56-17-932,162.77,-1.59
68.57,80.11,17-56-18-042,161.12,-0.44
59.72,79.84,17-56-18-150,14.42,-1.34
51.78,79.98,17-56-18-251,14.64,-2.71
47.85,80.11,17-56-18-352,12.92,-3.57
47.68,80.12,17-56-18-460,10.52,-4.40
42.77,80.00,17-56-18-563,10.06,-5.18
37.78,79.75,17-56-18-675,8.65,-6.08
32.83,79.40,17-56-18-795,7.45,-7.02
31.34,79.32,17-56-18-910,6.92,-7.35
30.19,79.34,17-56-19-028,6.48,-7.52
28.11,79.43,17-56-19-130,6.28,-7.53
24.15,79.62,17-56-19-241,6.41,-7.29
18.61,79.98,17-56-19-335,6.73,-6.61
15.25,80.22,17-56-19-438,7.07,-6.18
15.73,80.29,17-56-19-545,7.19,-6.04
16.31,80.32,17-56-19-662,7.29,-5.91
17.11,80.34,17-56-19-778,7.49,-5.82
16.50,80.37,17-56-19-870,7.70,-5.73
15.62,80.38,17-56-19-986,7.82,-5.66
13.81,80.38,17-56-20-084,7.99,-5.57
13.12,80.37,17-56-20-200,8.11,-5.51
12.90,80.35,17-56-20-301,8.23,-5.47
13.58,80.30,17-56-20-418,8.27,-5.48
13.68,80.25,17-56-20-522,8.33,-5.50
13.48,80.21,17-56-20-642,8.26,-5.56
13.01,80.16,17-56-20-749,8.11,-5.64
12.60,80.14,17-56-20-845,8.06,-5.63
12.44,80.10,17-56-20-948,8.07,-5.64
13.27,80.13,17-56-21-053,8.01,-5.63
14.10,80.19,17-56-21-162,7.88,-5.62
21.43,80.18,17-56-21-263,7.50,-5.92
27.00,80.13,17-56-21-362,7.08,-6.19
31.68,80.25,17-56-21-463,6.31,-6.34
32.68,80.33,17-56-21-571,6.00,-6.40
34.86,80.37,17-56-21-678,5.79,-6.31
37.13,80.82,17-56-21-783,5.71,-5.68
42.37,81.16,17-56-21-881,4.76,-5.50
48.54,81.83,17-56-22-000,4.44,-4.64
53.27,81.94,17-56-22-112,2.49,-4.51
64.03,81.73,17-56-22-214,70.29,-4.38
68.73,81.80,17-56-22-316,145.63,-3.73
72.32,81.84,17-56-22-410,153.05,-2.24
74.52,81.59,17-56-22-522,154.05,-1.38
75.32,81.35,17-56-22-617,154.80,-0.68
76.93,81.38,17-56-22-715,155.78,-0.11
79.59,81.60,17-56-22-815,156.85,-1.01
79.86,81.67,17-56-22-921,157.85,-1.54
81.63,81.78,17-56-23-023,158.60,-2.81
85.34,81.04,17-56-23-131,150.94,-2.72
90.44,81.32,17-56-23-233,141.01,-2.84
93.31,80.98,17-56-23-350,135.65,-2.64
99.43,80.97,17-56-23-459,129.96,-3.04
101.29,81.03,17-56-23-550,127.49,-3.72
103.92,81.03,17-56-23-652,121.29,-4.22
104.78,81.14,17-56-23-766,122.42,-4.80
105.50,81.31,17-56-23-886,120.97,-5.37
107.10,81.72,17-56-23-982,119.40,-6.60
107.37,81.95,17-56-24-078,119.61,-7.35
107.42,82.06,17-56-24-179,119.83,-7.71
107.77,82.17,17-56-24-284,119.92,-8.07
107.65,82.25,17-56-24-387,120.21,-8.26
106.86,82.22,17-56-24-483,121.05,-8.20
105.91,82.13,17-56-24-604,122.13,-7.80
104.08,81.93,17-56-24-698,123.13,-6.98
103.20,81.79,17-56-24-804,123.47,-6.40
95.47,81.28,17-56-24-900,133.74,-4.85
84.42,80.57,17-56-25-017,150.83,-3.25
76.03,79.95,17-56-25-122,158.34,-1.70
71.89,80.29,17-56-25-243,169.08,-3.73
69.24,80.14,17-56-25-340,166.86,-2.32
63.62,79.95,17-56-25-450,171.68,-0.84
50.87,79.56,17-56-25-560,18.45,-1.78
45.55,78.89,17-56-25-654,14.15,-4.26
41.59,78.03,17-56-25-764,11.07,-6.62
37.66,77.88,17-56-25-861,9.70,-7.27
37.63,77.82,17-56-25-963,8.96,-7.57
37.90,77.81,17-56-26-066,8.65,-7.70
36.89,77.76,17-56-26-194,9.11,-7.82
31.74,77.99,17-56-26-310,9.91,-7.39
29.07,78.16,17-56-26-398,10.00,-7.10
21.40,78.42,17-56-26-508,9.45,-6.71
19.85,78.58,17-56-26-604,9.13,-6.62
18.12,78.75,17-56-26-719,8.93,-6.66
17.49,78.94,17-56-26-817,8.67,-6.57
15.36,79.24,17-56-26-930,7.85,-6.55
15.16,79.29,17-56-27-050,7.31,-6.84
15.90,79.36,17-56-27-156,6.84,-7.00
15.22,79.37,17-56-27-257,6.56,-7.15
14.32,79.37,17-56-27-373,6.61,-7.16
13.44,79.40,17-56-27-469,6.52,-7.18
12.45,79.44,17-56-27-568,6.49,-7.17
14.20,79.47,17-56-27-662,6.36,-7.20
15.61,79.50,17-56-27-769,6.29,-7.19
16.50,79.55,17-56-27-866,6.31,-7.11
17.27,79.55,17-56-27-961,6.36,-7.10
17.96,79.56,17-56-28-051,6.43,-7.09
24.59,79.48,17-56-28-153,6.50,-7.21
33.73,79.29,17-56-28-250,6.25,-7.55
42.80,79.05,17-56-28-358,5.54,-7.91
46.29,78.86,17-56-28-461,4.70,-8.26
52.75,78.68,17-56-28-574,0.79,-8.46
56.17,78.56,17-56-28-685,2.42,-8.52
65.51,78.95,17-56-28-810,51.41,-7.29
69.22,79.18,17-56-28-917,106.79,-6.26
69.79,79.62,17-56-29-033,126.69,-4.11
71.54,80.41,17-56-29-133,150.44,-1.76
73.77,80.55,17-56-29-231,152.42,-0.79
74.10,80.66,17-56-29-336,155.47,-0.03
75.63,80.73,17-56-29-432,155.27,-0.34
76.61,80.71,17-56-29-535,155.14,-0.65
79.23,80.43,17-56-29-638,152.37,-0.91
80.32,80.23,17-56-29-750,150.37,-0.82
83.08,80.29,17-56-29-849,148.84,-1.40
85.32,80.27,17-56-29-952,146.48,-1.60
87.88,80.55,17-56-30-056,145.81,-2.10
89.98,80.66,17-56-30-163,141.87,-1.71
91.45,80.60,17-56-30-261,137.34,-1.12
93.45,80.47,17-56-30-363,134.55,-0.76
99.45,80.29,17-56-30-461,124.12,-0.94
101.10,80.06,17-56-30-561,120.51,-0.90
102.49,79.92,17-56-30-647,117.16,-1.26
105.18,79.80,17-56-30-752,116.33,-1.91
106.38,79.79,17-56-30-854,112.98,-2.77
107.38,79.78,17-56-30-968,111.10,-3.45
107.14,79.81,17-56-31-071,109.90,-3.80
106.36,79.85,17-56-31-184,110.46,-4.01
106.21,79.86,17-56-31-283,111.07,-4.17
105.53,79.83,17-56-31-400,112.82,-4.10
105.33,79.58,17-56-31-498,112.34,-3.35
96.40,79.18,17-56-31-642,119.81,-1.79
89.74,78.98,17-56-31-755,130.04,-0.61
87.77,78.83,17-56-31-853,132.70,-0.01
82.50,78.99,17-56-31-970,138.72,-0.21
76.82,79.62,17-56-32-087,148.33,-0.73
74.69,79.95,17-56-32-178,150.87,-0.68
72.36,80.54,17-56-32-288,163.58,-1.75
69.58,80.84,17-56-32-393,166.34,-1.80
67.35,80.74,17-56-32-495,165.74,-1.15
59.68,80.42,17-56-32-598,8.21,-1.58
51.59,80.30,17-56-32-705,9.39,-3.86
45.78,80.08,17-56-32-799,9.28,-5.17
42.86,79.93,17-56-32-899,7.87,-6.21
40.53,79.91,17-56-32-996,6.78,-6.67
37.76,79.75,17-56-33-100,5.99,-7.19
36.15,79.56,17-56-33-206,5.11,-7.73
33.16,79.40,17-56-33-316,4.70,-8.11
32.96,79.31,17-56-33-419,4.31,-8.32
29.15,79.24,17-56-33-538,5.09,-8.22
27.40,79.22,17-56-33-626,6.18,-7.80
25.92,79.25,17-56-33-730,6.94,-7.40
24.20,79.28,17-56-33-835,7.73,-6.98
21.25,79.33,17-56-33-935,7.85,-6.85
18.72,79.42,17-56-34-032,7.61,-6.75
15.53,79.51,17-56-34-127,7.57,-6.63
13.91,79.56,17-56-34-213,7.59,-6.60
13.56,79.58,17-56-34-319,7.39,-6.66
13.59,79.60,17-56-34-444,7.23,-6.72
13.90,79.63,17-56-34-549,6.97,-6.76
14.73,79.76,17-56-34-650,7.17,-6.53
13.66,79.93,17-56-34-750,7.36,-6.30
13.76,80.09,17-56-34-852,7.51,-6.07
13.62,80.19,17-56-34-966,7.61,-5.92
13.54,80.26,17-56-35-073,7.65,-5.83
13.54,80.31,17-56-35-181,7.65,-5.77
13.96,80.43,17-56-35-281,7.71,-5.60
14.44,80.58,17-56-35-396,7.97,-5.32
14.76,80.68,17-56-35-503,8.05,-5.18
16.99,80.68,17-56-35-614,7.88,-5.23
18.24,80.69,17-56-35-719,7.79,-5.25
25.11,80.54,17-56-35-818,7.42,-5.55
30.57,80.49,17-56-35-934,7.23,-5.69
37.52,80.56,17-56-36-036,6.35,-5.90
41.77,81.38,17-56-36-158,6.94,-4.90
44.81,82.53,17-56-36-269,8.06,-3.23
44.72,82.95,17-56-36-381,8.52,-2.71
53.42,83.26,17-56-36-482,8.36,-1.89
66.53,82.87,17-56-36-593,141.10,-2.33
70.89,82.45,17-56-36-703,154.46,-2.59
71.86,83.16,17-56-36-795,160.48,-1.21
74.77,83.35,17-56-36-903,161.64,-0.49
76.98,83.63,17-56-37-002,160.82,-0.06
78.33,83.97,17-56-37-099,159.32,-1.28
80.33,84.32,17-56-37-193,160.69,-1.26
81.09,84.33,17-56-37-300,159.25,-1.28
82.19,84.40,17-56-37-410,158.48,-0.57
88.26,83.98,17-56-37-525,153.95,-0.84
90.33,83.73,17-56-37-626,151.35,-1.39
92.11,83.67,17-56-37-714,148.75,-2.40
93.55,83.62,17-56-37-826,145.39,-3.50
98.49,83.49,17-56-37-954,141.41,-4.28
99.89,83.55,17-56-38-062,138.47,-5.08
99.73,83.56,17-56-38-159,136.03,-5.34
99.81,83.58,17-56-38-263,135.41,-5.53
101.56,83.61,17-56-38-365,132.97,-5.79
103.08,83.74,17-56-38-469,130.23,-6.15
103.59,83.91,17-56-38-559,128.77,-6.51
104.38,84.01,17-56-38-668,126.92,-6.79
105.44,84.05,17-56-38-775,125.99,-7.00
106.13,84.11,17-56-38-877,124.00,-7.23
107.03,84.20,17-56-38-983,122.58,-7.47
107.96,84.23,17-56-39-100,122.64,-7.66
108.90,84.27,17-56-39-201,121.73,-7.72
109.69,84.34,17-56-39-312,120.72,-7.75
110.04,84.38,17-56-39-415,119.71,-7.79
110.12,84.42,17-56-39-533,119.28,-7.84
110.14,84.46,17-56-39-639,119.14,-7.87
108.79,84.51,17-56-39-754,120.20,-7.97
99.29,84.52,17-56-39-873,137.13,-7.59
89.68,84.21,17-56-39-967,156.13,-5.97
83.90,84.21,17-56-40-069,165.70,-4.98
81.44,84.18,17-56-40-160,166.35,-3.21
75.64,84.24,17-56-40-268,169.85,-1.97
72.02,83.93,17-56-40-370,170.53,-1.48
69.64,83.20,17-56-40-468,161.99,-0.21
66.56,82.56,17-56-40-563,163.23,-0.44
60.69,81.76,17-56-40-664,11.61,-2.27
55.43,81.15,17-56-40-785,3.33,-4.03
53.90,80.27,17-56-40-883,1.51,-6.05
48.65,79.14,17-56-40-996,0.97,-8.63
45.31,78.58,17-56-41-116,0.88,-9.98
38.80,76.98,17-56-41-233,2.17,-13.33
36.72,76.05,17-56-41-330,3.50,-15.07
34.60,75.72,17-56-41-428,2.62,-15.42
32.99,75.81,17-56-41-529,1.31,-14.84
27.96,76.28,17-56-41-638,0.92,-13.59
24.52,76.78,17-56-41-751,2.60,-12.33
21.44,77.24,17-56-41-841,3.21,-11.38
20.14,77.86,17-56-41-951,3.72,-10.30
18.39,78.45,17-56-42-067,4.32,-9.27
17.61,78.81,17-56-42-165,4.91,-8.57
18.15,79.13,17-56-42-266,5.51,-7.97
18.26,79.35,17-56-42-369,5.93,-7.55
18.07,79.52,17-56-42-469,6.12,-7.28
17.52,79.60,17-56-42-583,6.18,-7.12
17.32,79.66,17-56-42-686,6.29,-7.00
17.29,79.71,17-56-42-800,6.43,-6.88
18.15,79.75,17-56-42-902,6.53,-6.79
18.34,79.78,17-56-42-999,6.64,-6.73
18.15,79.84,17-56-43-099,6.72,-6.65
18.12,79.89,17-56-43-194,6.78,-6.59
18.07,79.92,17-56-43-302,6.79,-6.56
18.09,79.95,17-56-43-402,6.83,-6.53
18.02,79.96,17-56-43-494,6.86,-6.50
18.20,80.00,17-56-43-607,6.81,-6.47
17.81,80.05,17-56-43-725,6.71,-6.47
17.95,80.07,17-56-43-857,6.65,-6.47
18.67,80.07,17-56-43-953,6.57,-6.48
20.74,80.17,17-56-44-067,6.58,-6.38
24.16,80.20,17-56-44-160,6.72,-6.30
28.56,80.20,17-56-44-276,6.65,-6.36
31.11,80.22,17-56-44-375,6.60,-6.38
33.55,80.19,17-56-44-460,6.45,-6.43
35.83,80.16,17-56-44-566,6.02,-6.51
36.47,80.14,17-56-44-686,5.92,-6.54
39.77,80.12,17-56-44-796,5.54,-6.62
42.55,80.13,17-56-44-896,5.47,-6.57
48.37,80.46,17-56-45-005,5.16,-5.97
54.70,81.05,17-56-45-097,2.23,-5.02
58.92,81.63,17-56-45-195,2.19,-3.94
64.84,81.65,17-56-45-300,75.19,-3.77
69.05,81.70,17-56-45-420,144.07,-3.54
70.76,81.68,17-56-45-518,140.43,-2.90
72.95,81.93,17-56-45-633,158.07,-0.48
73.72,81.86,17-56-45-736,161.64,-0.57
73.71,81.84,17-56-45-843,163.39,-1.13
73.64,81.82,17-56-45-949,164.58,-1.50
74.72,81.90,17-56-46-067,165.88,-1.97
76.44,82.03,17-56-46-170,161.95,-1.37
79.65,81.93,17-56-46-287,158.89,-1.57
83.46,81.93,17-56-46-383,156.07,-2.62
90.88,82.21,17-56-46-498,147.26,-3.89
92.32,82.12,17-56-46-592,142.88,-3.39
95.75,82.08,17-56-46-694,138.90,-3.92
99.84,82.23,17-56-46-799,131.17,-4.43
103.43,82.80,17-56-46-896,128.40,-5.62
104.50,83.04,17-56-47-002,128.66,-6.05
106.81,83.19,17-56-47-116,125.72,-6.37
107.39,83.31,17-56-47-224,124.51,-6.75
108.45,83.32,17-56-47-342,122.78,-6.80
109.24,83.29,17-56-47-456,120.77,-6.74
110.21,83.28,17-56-47-582,118.14,-6.72
110.86,83.27,17-56-47-687,115.53,-6.52
111.91,83.28,17-56-47-781,113.80,-6.32
112.18,83.28,17-56-47-881,113.46,-6.22
112.12,83.30,17-56-47-988,112.55,-6.21
112.14,83.30,17-56-48-102,111.91,-6.19
112.85,83.34,17-56-48-196,110.21,-6.18
113.71,83.35,17-56-48-298,108.11,-6.18
114.06,83.36,17-56-48-408,107.00,-6.17
114.09,83.36,17-56-48-520,106.70,-6.16
113.47,83.34,17-56-48-627,107.85,-6.13
112.91,83.33,17-56-48-731,109.46,-6.35
111.49,83.32,17-56-48-840,115.12,-6.70
107.81,83.30,17-56-48-958,123.46,-7.05
101.97,83.27,17-56-49-071,130.85,-6.86
100.87,83.26,17-56-49-167,132.88,-6.74
95.46,83.10,17-56-49-298,141.41,-6.41
89.88,83.07,17-56-49-410,152.17,-6.34
82.44,82.57,17-56-49-523,164.66,-5.77
76.15,81.99,17-56-49-625,167.51,-3.63
73.82,81.42,17-56-49-749,164.44,-1.88
72.83,81.69,17-56-49-845,169.60,-3.68
70.77,81.63,17-56-49-950,169.92,-2.99
61.96,80.90,17-56-50-052,20.23,-0.02
48.25,79.67,17-56-50-170,12.33,-3.97
46.79,78.28,17-56-50-281,6.59,-7.85
42.98,77.46,17-56-50-380,4.10,-10.17
40.79,76.76,17-56-50-491,1.53,-11.93
36.96,76.35,17-56-50-601,0.78,-12.95
34.69,76.47,17-56-50-699,1.49,-12.71
33.99,76.68,17-56-50-810,1.99,-12.30
31.01,76.77,17-56-50-928,2.34,-12.19
29.78,77.00,17-56-51-040,2.59,-11.83
27.99,77.24,17-56-51-162,3.15,-11.38
22.49,77.60,17-56-51-276,4.61,-10.19
21.28,77.81,17-56-51-366,5.41,-9.44
21.88,77.99,17-56-51-480,5.71,-9.12
19.69,78.31,17-56-51-591,6.22,-8.56
19.32,78.55,17-56-51-717,6.56,-8.19
14.89,79.49,17-56-51-859,7.41,-6.67
17.11,79.98,17-56-51-983,7.72,-5.98
17.30,80.17,17-56-52-094,7.94,-5.68
17.75,80.23,17-56-52-200,7.90,-5.66
17.94,80.30,17-56-52-309,7.91,-5.61
18.00,80.35,17-56-52-434,7.88,-5.59
18.50,80.38,17-56-52-548,7.85,-5.57
18.82,80.40,17-56-52-659,7.84,-5.58
18.73,80.41,17-56-52-779,7.76,-5.61
18.77,80.44,17-56-52-884,7.30,-5.78
18.35,80.47,17-56-53-019,7.10,-5.85
19.63,80.61,17-56-53-142,7.25,-5.60
22.48,80.69,17-56-53-250,6.86,-5.61
25.65,80.77,17-56-53-361,6.33,-5.70
28.46,80.86,17-56-53-462,6.49,-5.61
31.68,80.95,17-56-53-567,6.55,-5.54
32.31,81.03,17-56-53-673,6.67,-5.46
36.11,80.99,17-56-53-807,6.33,-5.51
42.47,81.31,17-56-53-941,6.30,-4.98
53.22,81.85,17-56-54-078,5.33,-3.72
64.54,82.01,17-56-54-189,91.32,-3.37
67.36,82.09,17-56-54-309,143.30,-3.24
70.57,82.18,17-56-54-435,148.90,-3.12
71.19,82.27,17-56-54-548,146.34,-2.72
73.13,82.56,17-56-54-667,153.66,-1.70
75.24,82.64,17-56-54-797,154.75,-1.26
76.50,82.50,17-56-54-917,152.85,-1.07
77.13,82.35,17-56-55-025,155.81,-0.22
77.46,82.22,17-56-55-143,158.80,-0.54
79.43,82.00,17-56-55-268,157.52,-0.85
80.91,82.26,17-56-55-401,160.90,-2.65
81.71,82.37,17-56-55-509,162.44,-4.02
82.17,81.95,17-56-55-636,159.91,-3.63
87.89,82.28,17-56-55-768,154.69,-5.13
89.09,82.35,17-56-55-897,151.62,-5.34
89.97,82.20,17-56-56-014,148.13,-4.73
92.60,82.24,17-56-56-134,144.10,-4.98
93.13,82.28,17-56-56-253,143.29,-5.08
95.50,82.40,17-56-56-388,142.15,-5.57
99.99,82.72,17-56-56-490,137.91,-6.43
102.89,83.09,17-56-56-638,133.87,-7.31
104.68,83.29,17-56-56-750,129.90,-7.80
105.71,83.49,17-56-56-889,128.14,-8.24
107.43,83.91,17-56-57-026,125.70,-8.51
108.18,84.18,17-56-57-138,122.82,-8.79
108.73,84.30,17-56-57-260,121.82,-8.77
108.66,84.34,17-56-57-388,121.89,-8.74
108.77,84.37,17-56-57-495,121.82,-8.69
109.34,84.41,17-56-57-606,121.84,-8.64
109.74,84.32,17-56-57-719,122.18,-8.36
109.39,84.25,17-56-57-833,122.74,-8.19
108.82,84.24,17-56-57-936,123.44,-8.16
105.12,84.22,17-56-58-065,129.84,-8.04
103.86,84.22,17-56-58-205,133.06,-8.01
93.51,84.04,17-56-58-311,148.09,-7.26
85.89,83.83,17-56-58-431,162.54,-6.40
79.04,83.76,17-56-58-537,167.51,-3.01
75.57,84.01,17-56-58-662,166.87,-1.08
75.22,83.96,17-56-58-780,164.94,-0.59
73.58,84.15,17-56-58-893,165.93,-0.40
70.53,83.92,17-56-59-013,163.90,-0.43
63.49,83.78,17-56-59-120,154.97,-0.89
55.21,83.93,17-56-59-240,6.94,-1.00
47.87,83.86,17-56-59-351,8.91,-1.42
40.09,83.69,17-56-59-458,8.51,-1.94
39.42,82.99,17-56-59-564,6.35,-3.42
39.43,82.23,17-56-59-682,3.95,-5.17
38.14,81.18,17-56-59-796,1.77,-7.28
37.12,80.75,17-56-59-913,1.44,-8.05
36.45,80.48,17-57-00-030,1.69,-8.37
34.20,80.50,17-57-00-147,2.66,-8.07
31.37,80.39,17-57-00-267,3.56,-7.90
27.81,80.43,17-57-00-415,4.52,-7.52
24.22,80.33,17-57-00-522,5.19,-7.27
21.81,80.24,17-57-00-621,5.39,-7.01
19.69,80.13,17-57-00-713,5.83,-6.74
18.83,79.92,17-57-00-833,5.94,-6.86
18.59,79.76,17-57-00-932,6.08,-6.93
17.62,79.77,17-57-01-047,6.22,-6.91
16.39,79.92,17-57-01-153,6.50,-6.63
17.22,80.07,17-57-01-269,6.79,-6.30
17.38,80.11,17-57-01-363,6.97,-6.18
17.83,80.10,17-57-01-468,7.03,-6.18
17.36,80.12,17-57-01-584,7.16,-6.12
16.05,80.11,17-57-01-679,7.29,-6.10
14.75,80.09,17-57-01-779,7.41,-6.08
14.04,80.06,17-57-01-887,7.50,-6.06
14.85,80.44,17-57-02-007,7.36,-5.74
15.10,80.65,17-57-02-116,7.37,-5.51
14.30,80.72,17-57-02-214,7.38,-5.43
14.65,80.76,17-57-02-317,7.35,-5.39
14.80,80.79,17-57-02-419,7.27,-5.36
15.16,80.83,17-57-02-518,7.24,-5.34
15.40,80.86,17-57-02-612,7.24,-5.30
15.59,80.87,17-57-02-717,7.25,-5.29
15.72,80.89,17-57-02-838,7.25,-5.26
15.82,80.90,17-57-02-945,7.26,-5.25
15.89,80.91,17-57-03-045,7.27,-5.23
15.94,80.91,17-57-03-152,7.28,-5.23
15.99,80.92,17-57-03-243,7.29,-5.21
17.55,80.92,17-57-03-363,7.11,-5.26
21.34,81.13,17-57-03-467,7.37,-4.95
31.34,81.03,17-57-03-586,7.63,-5.06
36.28,81.06,17-57-03-675,7.05,-5.17
38.64,81.54,17-57-03-787,6.81,-4.62
43.04,82.52,17-57-03-896,9.00,-2.75
49.32,83.80,17-57-03-995,12.71,-0.28
59.50,83.68,17-57-04-120,8.89,-0.60
68.01,83.24,17-57-04-226,157.84,-1.66
71.98,82.79,17-57-04-328,153.62,-1.55
74.23,82.66,17-57-04-435,153.64,-1.09
76.56,82.71,17-57-04-531,157.96,-0.42
78.84,83.19,17-57-04-632,161.53,-0.31
79.14,83.52,17-57-04-727,164.00,-1.54
80.98,83.94,17-57-04-838,165.94,-2.95
81.12,84.08,17-57-04-928,167.01,-3.52
81.17,84.13,17-57-05-033,167.48,-3.76
81.30,84.14,17-57-05-128,167.52,-3.88
81.39,84.16,17-57-05-227,167.58,-3.96
81.41,84.15,17-57-05-339,167.53,-3.95
82.23,84.30,17-57-05-439,167.48,-4.32
82.20,84.22,17-57-05-550,167.79,-4.53
83.93,84.11,17-57-05-664,165.25,-4.92
87.95,83.79,17-57-05-765,158.38,-5.71
89.56,83.80,17-57-05-864,155.41,-6.47
91.25,83.72,17-57-05-965,152.43,-6.79
93.68,83.47,17-57-06-063,147.60,-6.71
96.02,83.24,17-57-06-171,143.92,-6.59
99.78,83.17,17-57-06-287,138.07,-6.51
101.37,83.23,17-57-06-380,134.26,-6.57
102.79,83.25,17-57-06-488,132.44,-6.74
104.95,83.21,17-57-06-605,128.66,-6.82
106.35,83.23,17-57-06-706,125.81,-6.96
107.63,83.20,17-57-06-818,123.71,-7.00
109.68,83.24,17-57-06-912,122.13,-7.03
111.06,83.19,17-57-07-011,120.41,-6.80
111.26,83.18,17-57-07-123,120.00,-6.69
111.72,83.12,17-57-07-230,117.83,-6.42
111.84,83.07,17-57-07-336,116.89,-6.13
111.07,83.13,17-57-07-457,116.99,-5.97
109.91,83.04,17-57-07-569,117.83,-5.96
101.99,82.58,17-57-07-667,123.81,-4.74
91.94,82.11,17-57-07-776,138.96,-3.46
86.69,81.56,17-57-07-880,149.18,-2.48
80.95,81.54,17-57-07-982,158.69,-2.69
76.29,81.67,17-57-08-083,164.93,-2.63
73.04,81.75,17-57-08-205,170.04,-3.40
70.12,82.02,17-57-08-306,173.09,-3.25
68.39,81.68,17-57-08-412,169.48,-1.84
65.00,81.10,17-57-08-516,161.46,-0.03
57.47,80.53,17-57-08-617,4.55,-3.06
52.39,80.11,17-57-08-722,4.70,-5.41
48.03,79.49,17-57-08-841,3.53,-7.63
42.11,79.15,17-57-08-951,3.19,-8.78
40.81,78.97,17-57-09-066,2.25,-9.37
35.15,78.55,17-57-09-164,2.01,-10.35
32.57,78.36,17-57-09-262,2.04,-10.64
32.05,78.32,17-57-09-368,2.47,-10.40
28.56,78.37,17-57-09-476,4.09,-9.69
27.32,78.42,17-57-09-580,5.18,-9.13
26.44,78.47,17-57-09-692,5.99,-8.67
23.66,78.61,17-57-09-816,6.36,-8.38
19.44,78.66,17-57-09-913,6.46,-8.28
18.82,78.82,17-57-10-013,6.43,-8.04
17.90,78.97,17-57-10-115,6.39,-7.82
15.82,79.14,17-57-10-217,6.50,-7.57
14.79,79.22,17-57-10-320,6.48,-7.50
14.77,79.29,17-57-10-415,6.50,-7.41
15.15,79.34,17-57-10-522,6.65,-7.35
16.09,79.38,17-57-10-616,6.80,-7.25
16.21,79.43,17-57-10-721,7.02,-7.11
15.28,79.46,17-57-10-816,7.24,-7.02
15.15,79.49,17-57-10-943,7.34,-6.95
14.95,79.51,17-57-11-055,7.42,-6.91
15.01,79.53,17-57-11-144,7.44,-6.88
14.90,79.54,17-57-11-259,7.45,-6.86
14.50,79.55,17-57-11-365,7.44,-6.85
13.94,79.55,17-57-11-489,7.01,-6.96
13.91,79.55,17-57-11-600,6.79,-7.02
14.58,79.49,17-57-11-717,6.66,-7.14
17.25,79.25,17-57-11-821,6.34,-7.52
21.41,78.75,17-57-11-933,5.50,-8.41
28.23,79.06,17-57-12-040,5.38,-8.20
33.47,78.79,17-57-12-124,4.72,-8.80
37.62,78.13,17-57-12-234,3.40,-9.91
42.66,77.87,17-57-12-355,3.08,-10.25
46.07,77.75,17-57-12-473,2.82,-10.40
48.98,77.98,17-57-12-559,1.48,-9.82
54.14,78.49,17-57-12-665,1.08,-8.53
61.26,78.87,17-57-12-770,16.24,-7.25
68.35,79.45,17-57-12-880,110.27,-5.30
71.10,79.59,17-57-12-979,129.31,-4.06
71.74,79.82,17-57-13-101,147.39,-1.58
73.96,79.80,17-57-13-195,154.05,-0.14
75.01,79.60,17-57-13-297,154.72,-0.31
75.85,79.65,17-57-13-400,153.74,-0.33
76.84,79.76,17-57-13-492,154.31,-0.82
78.60,80.17,17-57-13-603,157.14,-2.03
81.90,80.28,17-57-13-722,154.55,-2.66
85.46,80.13,17-57-13-827,150.42,-3.47
86.95,79.67,17-57-13-934,145.16,-2.87
88.59,79.33,17-57-14-049,139.05,-2.15
88.87,79.19,17-57-14-145,137.29,-1.72
90.16,79.02,17-57-14-243,135.35,-1.46
92.65,78.86,17-57-14-350,130.79,-1.03
95.34,78.78,17-57-14-468,126.82,-0.91
100.33,78.68,17-57-14-582,118.55,-1.04
104.33,78.64,17-57-14-676,111.05,-1.36
105.21,78.66,17-57-14-777,110.51,-1.64
106.30,78.73,17-57-14-892,111.18,-2.08
109.44,78.88,17-57-14-996,107.93,-2.34
109.92,79.13,17-57-15-094,108.77,-2.74
110.58,79.52,17-57-15-197,109.97,-3.31
111.08,79.81,17-57-15-318,110.13,-3.48
110.86,80.01,17-57-15-420,110.96,-3.42
111.45,80.34,17-57-15-513,110.77,-3.74
111.64,80.54,17-57-15-621,110.69,-3.91
111.69,80.63,17-57-15-715,110.75,-3.96
112.00,80.70,17-57-15-829,110.42,-3.92
111.76,80.75,17-57-15-928,110.59,-3.79
111.22,80.78,17-57-16-031,111.17,-3.75
109.07,80.63,17-57-16-130,111.50,-3.41
103.45,80.22,17-57-16-266,115.05,-2.39
96.37,79.85,17-57-16-381,125.25,-0.85
89.27,79.77,17-57-16-481,137.51,-0.48
83.82,79.84,17-57-16-582,144.50,-0.60
83.14,79.84,17-57-16-682,145.61,-0.58
77.83,80.08,17-57-16-785,155.73,-1.54
73.52,80.55,17-57-16-904,165.76,-2.44
68.55,81.38,17-57-17-016,170.23,-2.39
67.01,81.66,17-57-17-118,169.29,-1.70
63.46,81.73,17-57-17-219,171.86,-0.74
63.50,81.71,17-57-17-323,163.71,-0.04
51.59,82.28,17-57-17-444,11.36,-1.40
44.88,82.32,17-57-17-547,8.35,-2.92
41.17,81.20,17-57-17-655,4.08,-5.92
39.18,80.31,17-57-17-765,1.54,-8.03
36.86,79.58,17-57-17-863,0.20,-9.71
33.98,79.08,17-57-17-969,0.76,-10.78
33.34,78.71,17-57-18-077,0.99,-11.36
30.60,78.54,17-57-18-182,0.17,-11.34
26.91,78.73,17-57-18-286,1.33,-10.62
23.78,78.88,17-57-18-385,2.90,-9.81
21.09,78.98,17-57-18-503,3.63,-9.36
18.76,79.05,17-57-18-596,4.05,-8.97
15.83,79.21,17-57-18-713,4.67,-8.42
13.90,79.37,17-57-18-814,5.13,-7.97
14.41,79.51,17-57-18-911,5.43,-7.59
14.81,79.61,17-57-19-018,5.63,-7.36
13.27,79.69,17-57-19-140,6.25,-6.98
13.49,79.74,17-57-19-252,6.64,-6.72
13.71,79.74,17-57-19-366,6.99,-6.55
14.69,79.71,17-57-19-478,7.14,-6.51
15.10,79.67,17-57-19-584,7.15,-6.56
14.97,79.56,17-57-19-679,7.13,-6.71
15.16,79.46,17-57-19-785,7.01,-6.89
15.33,79.39,17-57-19-903,6.95,-6.99
15.65,79.34,17-57-19-992,6.86,-7.09
15.60,79.34,17-57-20-103,6.84,-7.12
15.13,79.30,17-57-20-193,6.81,-7.21
14.38,79.30,17-57-20-296,6.78,-7.19
13.97,79.34,17-57-20-407,6.84,-7.10
13.61,79.38,17-57-20-519,6.86,-7.04
13.76,79.51,17-57-20-612,6.92,-6.85
14.87,79.75,17-57-20-710,7.21,-6.42
20.79,79.97,17-57-20-811,7.94,-5.90
28.88,79.99,17-57-20-922,7.50,-6.05
32.29,79.99,17-57-21-026,7.45,-6.08
33.38,80.01,17-57-21-140,7.82,-5.93
39.05,79.87,17-57-21-235,7.97,-6.19
46.07,79.56,17-57-21-331,7.00,-6.50
56.24,79.22,17-57-21-446,0.48,-6.74
63.74,79.18,17-57-21-552,35.29,-6.28
66.49,79.17,17-57-21-644,81.33,-5.69
68.46,79.41,17-57-21-747,122.09,-4.70
70.63,79.39,17-57-21-849,136.92,-3.65
72.27,79.67,17-57-21-957,151.69,-1.09
74.68,79.66,17-57-22-050,151.56,-0.26
76.14,79.46,17-57-22-147,148.74,-0.25
76.64,79.66,17-57-22-265,150.62,-0.14
76.95,79.85,17-57-22-367,153.41,-0.58
78.34,79.93,17-57-22-480,154.13,-1.10
84.05,80.82,17-57-22-584,153.11,-2.97
90.11,82.26,17-57-22-705,148.55,-4.86
92.09,82.36,17-57-22-819,144.43,-4.55
92.76,82.05,17-57-22-908,141.82,-3.81
94.09,81.65,17-57-23-012,138.32,-3.35
96.43,81.52,17-57-23-122,133.41,-3.12
102.23,81.52,17-57-23-226,125.49,-3.30
104.50,81.49,17-57-23-328,123.18,-3.66
105.68,81.51,17-57-23-441,121.99,-3.83
107.27,81.45,17-57-23-550,120.34,-4.14
108.02,81.40,17-57-23-660,117.92,-4.12
108.10,81.39,17-57-23-763,117.73,-4.11
110.41,81.35,17-57-23-878,114.46,-4.02
111.83,81.37,17-57-23-983,111.01,-4.01
112.62,81.46,17-57-24-099,108.70,-4.01
113.18,81.53,17-57-24-194,107.05,-4.05
114.65,81.64,17-57-24-322,100.33,-4.18
114.75,81.70,17-57-24-426,99.79,-4.27
115.17,81.81,17-57-24-541,96.26,-4.37
116.04,82.06,17-57-24-646,91.88,-4.68
116.22,82.20,17-57-24-746,90.76,-4.83
115.93,82.29,17-57-24-843,92.37,-4.97
115.32,82.30,17-57-24-956,94.06,-5.00
114.89,82.30,17-57-25-064,95.31,-5.08
113.13,82.30,17-57-25-169,103.33,-5.06
109.16,82.15,17-57-25-277,111.29,-4.79
106.46,81.94,17-57-25-383,116.31,-4.36
96.44,81.24,17-57-25-483,132.48,-2.89
91.78,81.01,17-57-25-593,139.25,-2.63
89.81,80.68,17-57-25-707,141.94,-2.09
85.21,80.21,17-57-25-827,146.15,-1.19
80.20,80.21,17-57-25-932,152.94,-1.28
76.35,80.21,17-57-26-030,156.42,-1.15
74.68,80.19,17-57-26-128,157.87,-1.01
73.25,80.41,17-57-26-231,163.13,-1.83
70.59,80.84,17-57-26-332,169.94,-3.27
68.94,81.06,17-57-26-425,171.31,-3.44
65.99,80.65,17-57-26-530,170.13,-2.00
60.16,79.86,17-57-26-636,6.71,-1.19
51.26,79.57,17-57-26-746,9.85,-4.09
46.33,79.11,17-57-26-864,8.70,-6.13
44.84,79.06,17-57-26-974,7.97,-6.87
39.56,79.50,17-57-27-079,6.93,-6.93
37.22,79.38,17-57-27-177,5.41,-7.64
33.49,79.21,17-57-27-277,5.00,-8.24
32.56,79.01,17-57-27-384,4.54,-8.72
31.73,78.83,17-57-27-476,3.95,-9.15
31.72,78.73,17-57-27-579,3.60,-9.40
27.73,78.32,17-57-27-681,3.67,-9.93
21.19,78.23,17-57-27-785,3.97,-9.65
20.46,78.34,17-57-27-878,4.46,-9.32
18.14,78.42,17-57-27-985,4.30,-9.27
18.49,78.63,17-57-28-080,4.29,-8.98
17.58,78.85,17-57-28-177,4.54,-8.65
16.89,79.11,17-57-28-277,4.96,-8.21
16.64,79.21,17-57-28-375,5.14,-8.05
14.42,79.25,17-57-28-487,5.19,-7.99
15.22,79.25,17-57-28-597,5.17,-7.97
16.01,79.25,17-57-28-712,5.22,-7.97
16.38,79.25,17-57-28-822,5.26,-7.97
16.35,79.22,17-57-28-933,5.20,-8.07
15.75,79.11,17-57-29-048,5.28,-8.17
15.31,79.03,17-57-29-146,5.41,-8.20
15.25,78.99,17-57-29-245,5.46,-8.24
15.18,78.97,17-57-29-344,5.48,-8.25
15.22,78.95,17-57-29-447,5.50,-8.27
15.37,78.93,17-57-29-548,5.51,-8.29
15.44,78.92,17-57-29-648,5.53,-8.28
16.64,79.01,17-57-29-751,5.64,-8.08
19.21,79.04,17-57-29-856,5.49,-8.00
26.69,78.96,17-57-29-943,5.47,-8.05
28.55,78.93,17-57-30-040,5.64,-8.05
30.81,78.84,17-57-30-150,5.57,-8.18
34.89,78.76,17-57-30-263,5.32,-8.29
39.72,78.63,17-57-30-375,4.56,-8.45
43.96,78.55,17-57-30-481,4.19,-8.56
46.92,78.83,17-57-30-591,3.77,-8.00
51.88,79.01,17-57-30-696,0.69,-7.72
55.47,79.16,17-57-30-808,2.33,-7.48
65.55,79.64,17-57-30-925,74.47,-5.65
69.75,80.39,17-57-31-030,142.94,-2.83
71.76,80.74,17-57-31-154,155.11,-0.89
73.10,80.49,17-57-31-260,154.86,-0.31
73.05,80.33,17-57-31-361,155.21,-0.00
75.47,80.04,17-57-31-466,151.49,-0.05
78.44,79.38,17-57-31-567,144.23,-1.66
81.27,78.93,17-57-31-662,137.91,-2.11
84.74,78.88,17-57-31-767,134.22,-2.40
86.12,78.65,17-57-31-865,132.62,-2.97
89.17,78.53,17-57-31-959,129.30,-3.10
88.86,78.43,17-57-32-078,127.00,-3.45
92.21,78.35,17-57-32-181,117.46,-3.49
93.77,78.34,17-57-32-281,110.41,-3.76
96.12,78.34,17-57-32-385,105.68,-3.75
100.58,78.30,17-57-32-480,98.95,-3.14
104.39,78.32,17-57-32-581,99.70,-2.04
104.87,78.37,17-57-32-690,100.21,-1.35
108.97,78.53,17-57-32-800,100.00,-0.13
110.94,78.87,17-57-32-902,100.36,-0.94
113.33,79.23,17-57-33-018,98.97,-1.78
114.15,79.62,17-57-33-113,100.33,-2.44
114.49,79.91,17-57-33-211,99.54,-2.94
114.84,80.07,17-57-33-318,98.06,-3.17
116.87,80.19,17-57-33-427,92.47,-3.19
119.21,80.27,17-57-33-527,85.47,-3.13
119.19,80.28,17-57-33-637,84.19,-2.99
119.02,80.30,17-57-33-743,83.87,-2.85
119.00,80.31,17-57-33-844,85.05,-2.82
118.58,80.34,17-57-33-946,85.64,-2.76
117.73,80.37,17-57-34-057,88.41,-2.75
115.65,80.32,17-57-34-172,94.69,-2.76
110.96,80.03,17-57-34-278,104.65,-2.58
104.75,79.47,17-57-34-378,109.13,-1.37
97.86,79.07,17-57-34-478,117.68,-0.22
97.11,78.82,17-57-34-593,118.97,-1.17
96.94,78.68,17-57-34-699,118.87,-1.74
87.34,78.96,17-57-34-805,130.33,-2.23
80.29,79.18,17-57-34-925,139.35,-1.87
75.12,79.16,17-57-35-026,144.71,-0.88
70.22,79.64,17-57-35-128,161.31,-0.98
67.82,79.80,17-57-35-232,162.61,-0.62
65.03,79.72,17-57-35-358,157.90,-0.13
60.56,79.79,17-57-35-462,2.78,-3.75
52.49,79.45,17-57-35-568,4.18,-6.43
47.69,78.38,17-57-35-681,2.39,-9.33
47.49,77.98,17-57-35-781,0.38,-10.59
46.44,77.82,17-57-35-892,0.10,-11.12
41.51,77.55,17-57-36-001,0.58,-11.77
36.77,77.28,17-57-36-116,1.22,-12.12
35.11,77.05,17-57-36-224,1.40,-12.27
32.08,77.27,17-57-36-335,3.04,-11.35
28.13,77.57,17-57-36-422,4.52,-10.43
25.76,77.76,17-57-36-533,5.04,-9.97
23.01,78.03,17-57-36-648,5.40,-9.46
20.35,78.40,17-57-36-754,5.09,-9.08
18.34,78.63,17-57-36-859,5.24,-8.82
17.24,78.88,17-57-36-960,5.11,-8.58
16.03,79.09,17-57-37-069,4.90,-8.46
15.46,79.63,17-57-37-158,4.52,-8.01
15.15,79.81,17-57-37-262,4.37,-7.93
15.47,80.04,17-57-37-367,4.64,-7.61
14.76,80.08,17-57-37-480,4.84,-7.48
14.66,80.12,17-57-37-584,5.07,-7.35
15.08,80.09,17-57-37-685,5.16,-7.33
15.19,80.07,17-57-37-780,5.26,-7.32
15.27,80.04,17-57-37-879,5.27,-7.36
15.14,80.00,17-57-37-976,5.29,-7.39
14.78,79.97,17-57-38-090,5.25,-7.47
13.75,79.89,17-57-38-180,5.23,-7.59
13.27,79.82,17-57-38-276,5.20,-7.70
13.06,79.76,17-57-38-383,5.20,-7.77
12.89,79.73,17-57-38-496,5.15,-7.83
12.07,79.71,17-57-38-610,5.17,-7.85
12.44,79.81,17-57-38-713,5.18,-7.69
12.30,80.02,17-57-38-816,5.34,-7.26
12.53,80.04,17-57-38-912,5.69,-7.01
20.93,79.92,17-57-39-014,5.80,-7.10
24.03,79.87,17-57-39-132,5.93,-7.12
29.21,79.78,17-57-39-232,5.94,-7.25
38.55,79.40,17-57-39-344,5.90,-7.73
44.25,79.32,17-57-39-449,5.78,-7.67
50.56,79.68,17-57-39-565,4.82,-6.72
54.20,81.15,17-57-39-661,8.71,-3.38
59.18,81.95,17-57-39-765,9.84,-1.57
67.73,81.85,17-57-39-861,147.00,-1.62
70.70,81.66,17-57-39-961,153.50,-1.53
74.23,81.34,17-57-40-063,151.30,-1.43
75.52,81.30,17-57-40-186,152.89,-0.57
76.61,81.09,17-57-40-297,155.06,-0.27
76.56,80.99,17-57-40-400,156.74,-0.77
76.69,81.21,17-57-40-523,160.26,-1.59
79.46,82.15,17-57-40-611,164.22,-3.64
83.65,83.76,17-57-40-715,167.82,-7.18
84.69,83.33,17-57-40-807,163.47,-6.26
89.51,83.87,17-57-40-919,157.54,-7.72
89.00,83.44,17-57-41-045,155.79,-6.84
91.71,83.37,17-57-41-152,150.19,-7.04
94.47,83.57,17-57-41-267,147.16,-7.47
98.79,83.56,17-57-41-375,142.43,-7.76
100.48,83.68,17-57-41-478,140.55,-8.08
101.35,83.87,17-57-41-577,138.98,-8.47
101.87,84.06,17-57-41-682,138.06,-8.80
105.28,85.21,17-57-41-802,137.76,-11.18
106.41,85.98,17-57-41-907,138.49,-12.76
106.42,86.40,17-57-42-015,138.86,-13.43
107.26,86.58,17-57-42-109,138.17,-13.55
108.49,86.62,17-57-42-215,136.78,-12.62
108.70,86.61,17-57-42-322,136.34,-12.18
109.58,86.64,17-57-42-429,133.70,-12.11
110.30,86.72,17-57-42-531,132.17,-11.97
110.73,86.81,17-57-42-627,131.74,-11.70
111.23,86.85,17-57-42-743,131.28,-11.28
111.12,86.76,17-57-42-852,131.38,-10.85
111.06,86.69,17-57-42-948,131.60,-10.58
110.75,86.68,17-57-43-058,132.14,-10.56
107.09,86.41,17-57-43-153,136.80,-10.53
98.78,85.19,17-57-43-265,144.68,-8.36
92.03,84.11,17-57-43-359,150.33,-5.45
89.45,83.44,17-57-43-460,150.95,-3.46
89.14,83.08,17-57-43-573,149.68,-2.40
81.73,82.35,17-57-43-686,155.94,-1.08
75.56,81.53,17-57-43-782,154.25,-0.47
70.75,81.50,17-57-43-880,169.84,-2.60
68.01,80.80,17-57-43-976,166.06,-1.22
60.44,79.62,17-57-44-078,3.37,-2.97
53.27,78.87,17-57-44-186,5.17,-6.51
48.04,78.07,17-57-44-302,4.30,-8.91
41.09,78.10,17-57-44-404,5.48,-9.24
37.78,78.04,17-57-44-514,5.04,-9.46
35.24,78.07,17-57-44-611,5.50,-9.40
31.57,78.21,17-57-44-710,5.73,-9.12
31.78,78.21,17-57-44-816,5.72,-9.07
28.44,78.12,17-57-44-918,6.94,-8.68
26.83,78.12,17-57-45-014,7.71,-8.31
24.09,78.19,17-57-45-111,8.51,-7.90
18.50,78.37,17-57-45-210,8.18,-7.76
15.91,78.47,17-57-45-314,7.83,-7.69
15.82,78.55,17-57-45-409,7.65,-7.63
14.48,78.59,17-57-45-508,7.54,-7.61
11.14,78.67,17-57-45-617,7.31,-7.60
11.38,78.80,17-57-45-711,7.33,-7.37
8.59,78.82,17-57-45-817,7.51,-7.27
8.66,78.82,17-57-45-919,7.73,-7.16
10.84,78.88,17-57-46-033,7.85,-7.05
11.07,78.89,17-57-46-131,7.83,-7.05
12.66,78.92,17-57-46-270,7.80,-7.02
13.22,78.93,17-57-46-382,7.77,-7.04
13.62,78.93,17-57-46-480,7.76,-7.04
13.85,78.93,17-57-46-597,7.74,-7.05
13.97,78.93,17-57-46-699,7.75,-7.06
14.08,78.94,17-57-46-795,7.75,-7.06
14.24,78.96,17-57-46-897,7.75,-7.05
14.53,78.97,17-57-47-005,7.73,-7.05
14.92,78.97,17-57-47-113,7.69,-7.05
14.22,79.37,17-57-47-233,7.68,-6.66
14.49,79.64,17-57-47-334,7.43,-6.51
15.97,79.72,17-57-47-454,7.17,-6.54
27.64,79.12,17-57-47-565,5.47,-7.83
32.73,78.71,17-57-47-679,4.68,-8.64
37.05,78.52,17-57-47-783,4.43,-8.95
40.52,78.46,17-57-47-899,4.37,-9.03
40.99,78.42,17-57-48-003,4.64,-9.07
40.92,78.39,17-57-48-130,4.75,-9.10
42.94,78.39,17-57-48-230,4.71,-9.11
48.54,78.96,17-57-48-341,3.52,-8.05
60.41,79.42,17-57-48-448,13.27,-7.04
67.68,79.83,17-57-48-551,104.49,-5.60
70.50,80.41,17-57-48-662,144.93,-2.51
73.37,80.31,17-57-48-771,146.60,-1.60
76.35,80.58,17-57-48-882,151.58,-0.46
79.19,80.21,17-57-48-977,152.10,-0.52
81.03,79.88,17-57-49-075,149.14,-0.49
83.61,79.74,17-57-49-175,145.92,-0.63
87.37,79.44,17-57-49-278,140.35,-0.33
89.29,78.98,17-57-49-384,136.08,-0.37
93.12,78.62,17-57-49-495,131.14,-0.55
94.53,78.54,17-57-49-590,129.24,-0.62
97.18,78.67,17-57-49-697,125.20,-0.43
101.86,78.75,17-57-49-797,120.29,-0.16
104.77,78.97,17-57-49-908,117.52,-0.30
107.21,79.59,17-57-50-019,118.68,-1.86
109.44,80.28,17-57-50-111,118.37,-3.57
111.17,80.98,17-57-50-218,117.35,-4.99
112.15,81.50,17-57-50-326,116.32,-6.01
113.49,81.95,17-57-50-427,112.57,-7.00
114.12,82.07,17-57-50-527,109.66,-7.27
114.09,82.15,17-57-50-651,109.69,-7.42
114.42,82.20,17-57-50-748,107.85,-7.38
116.71,82.39,17-57-50-859,98.72,-7.02
118.66,82.43,17-57-50-966,90.66,-6.64
119.39,82.55,17-57-51-077,86.35,-6.51
119.32,82.54,17-57-51-187,85.21,-6.26
118.28,82.53,17-57-51-305,88.06,-6.08
113.79,82.21,17-57-51-416,103.71,-5.35
108.78,82.02,17-57-51-513,115.56,-5.61
96.46,80.73,17-57-51-608,130.40,-2.71
89.32,79.75,17-57-51-706,137.79,-0.54
78.68,78.71,17-57-51-817,142.62,-1.52
74.46,77.52,17-57-51-920,146.24,-0.73
70.55,78.19,17-57-52-030,162.94,-2.30
68.09,78.08,17-57-52-132,161.56,-1.21
62.77,78.03,17-57-52-260,12.13,-0.35
57.45,77.49,17-57-52-355,3.83,-5.56
52.16,77.20,17-57-52-460,4.83,-8.23
51.87,77.05,17-57-52-584,2.05,-9.60
45.02,76.83,17-57-52-695,4.46,-10.48
39.73,77.01,17-57-52-796,4.56,-10.43
36.96,77.03,17-57-52-900,4.61,-10.45
31.59,77.03,17-57-53-022,5.02,-10.55
31.11,77.00,17-57-53-113,4.76,-10.66
30.25,76.97,17-57-53-219,4.83,-10.66
29.09,76.81,17-57-53-319,4.66,-10.92
23.01,76.56,17-57-53-438,5.58,-10.90
15.92,76.73,17-57-53-542,6.44,-10.25
11.33,77.15,17-57-53-645,5.68,-9.97
9.90,77.56,17-57-53-745,5.50,-9.58
9.98,77.82,17-57-53-868,5.44,-9.33
9.76,78.02,17-57-53-976,5.46,-9.13
7.63,78.18,17-57-54-085,5.42,-9.00
8.31,78.30,17-57-54-195,5.75,-8.75
8.89,78.42,17-57-54-297,5.92,-8.58
7.41,78.47,17-57-54-399,6.04,-8.50
8.40,78.53,17-57-54-520,6.21,-8.37
8.48,78.58,17-57-54-629,6.26,-8.30
9.12,78.67,17-57-54-730,6.25,-8.23
9.58,78.69,17-57-54-826,6.26,-8.20
9.31,78.77,17-57-54-929,6.40,-8.06
9.43,78.84,17-57-55-060,6.60,-7.89
9.29,78.92,17-57-55-165,6.88,-7.68
8.49,79.05,17-57-55-261,7.27,-7.37
8.32,79.38,17-57-55-373,7.94,-6.66
8.57,79.71,17-57-55-468,8.64,-5.93
10.20,79.85,17-57-55-570,8.96,-5.59
14.99,79.87,17-57-55-660,9.26,-5.41
22.33,79.85,17-57-55-763,9.28,-5.41
27.00,79.86,17-57-55-869,9.33,-5.35
32.78,79.89,17-57-55-990,9.32,-5.34
39.41,79.97,17-57-56-092,9.65,-5.17
43.92,80.16,17-57-56-199,9.61,-4.89
45.24,80.79,17-57-56-294,11.02,-3.61
46.77,81.53,17-57-56-410,13.36,-2.05
48.44,82.75,17-57-56-509,18.08,-0.60
66.40,82.03,17-57-56-613,157.37,-0.72
69.86,81.72,17-57-56-732,157.61,-1.03
73.84,81.41,17-57-56-865,157.11,-0.65
75.03,81.12,17-57-56-965,156.16,-0.01
76.61,81.17,17-57-57-078,157.17,-0.60
79.90,81.42,17-57-57-175,158.49,-1.95
80.26,81.64,17-57-57-279,160.12,-2.74
81.68,82.15,17-57-57-379,162.19,-4.11
84.74,81.86,17-57-57-498,156.61,-4.22
85.37,81.70,17-57-57-611,154.36,-3.87
88.75,81.98,17-57-57-724,150.51,-4.30
91.33,81.90,17-57-57-830,143.80,-3.44
93.78,81.77,17-57-57-925,141.75,-3.44
98.15,81.93,17-57-58-016,136.12,-3.95
98.26,82.13,17-57-58-118,134.68,-4.27
101.35,82.21,17-57-58-232,132.84,-4.50
103.73,82.33,17-57-58-326,128.13,-4.81
106.33,82.43,17-57-58-437,125.71,-5.11
109.38,82.47,17-57-58-556,122.24,-4.90
110.39,82.50,17-57-58-663,121.41,-4.68
111.65,82.55,17-57-58-766,118.87,-4.56
112.21,82.63,17-57-58-869,116.65,-4.30
113.44,82.79,17-57-58-980,115.52,-4.28
113.91,83.06,17-57-59-076,116.40,-4.60
113.77,83.39,17-57-59-181,118.21,-5.04
113.57,83.63,17-57-59-282,119.62,-5.40
113.54,83.77,17-57-59-403,120.52,-5.65
113.53,83.87,17-57-59-501,121.03,-5.81
113.52,83.94,17-57-59-614,121.35,-5.88
113.39,84.01,17-57-59-715,121.78,-5.97
112.78,84.02,17-57-59-824,122.47,-5.97
107.35,83.94,17-57-59-934,130.16,-6.23
92.42,83.86,17-58-00-053,151.01,-6.14
79.85,83.94,17-58-00-172,171.65,-5.03
73.74,83.81,17-58-00-289,175.51,-3.95
69.76,82.89,17-58-00-397,168.20,-1.11
55.35,82.61,17-58-00-493,12.29,-0.76
44.22,81.68,17-58-00-594,8.67,-3.71
41.97,81.04,17-58-00-711,5.95,-5.72
41.72,80.91,17-58-00-817,4.73,-6.42
37.80,80.39,17-58-00-917,3.91,-7.73
34.59,80.14,17-58-01-040,3.07,-8.31
29.35,79.73,17-58-01-148,2.66,-9.08
24.93,79.92,17-58-01-247,3.55,-8.44
18.69,80.09,17-58-01-353,5.16,-7.41
15.71,80.34,17-58-01-453,5.34,-6.90
14.85,80.49,17-58-01-572,5.61,-6.56
8.65,80.75,17-58-01-667,6.24,-5.96
8.65,80.89,17-58-01-780,6.55,-5.66
2.36,80.88,17-58-01-898,6.76,-5.55
2.36,80.66,17-58-01-995,6.94,-5.72
2.36,80.59,17-58-02-111,7.26,-5.67
2.36,80.45,17-58-02-226,7.24,-5.77
2.36,80.22,17-58-02-341,7.34,-5.96
2.36,80.23,17-58-02-443,7.75,-5.71
2.36,80.25,17-58-02-556,7.74,-5.67
2.36,80.27,17-58-02-665,7.67,-5.67
2.36,80.26,17-58-02-761,7.56,-5.75
2.36,80.26,17-58-02-857,7.52,-5.78
2.36,80.26,17-58-02-939,7.47,-5.83
2.36,80.27,17-58-03-044,7.38,-5.86
2.36,80.31,17-58-03-154,7.31,-5.87
2.36,80.34,17-58-03-278,7.17,-5.92
2.36,80.35,17-58-03-381,7.11,-5.96
2.36,80.34,17-58-03-481,7.08,-5.99
2.36,80.35,17-58-03-578,7.07,-6.00
2.36,80.35,17-58-03-677,7.06,-6.01
2.36,80.34,17-58-03-771,7.06,-6.01
2.36,80.33,17-58-03-879,7.06,-6.03
2.36,80.33,17-58-03-987,7.07,-6.03
2.36,80.39,17-58-04-103,6.89,-5.98
10.72,80.37,17-58-04-190,6.79,-5.92
19.21,80.32,17-58-04-294,6.93,-5.94
21.41,80.29,17-58-04-400,7.16,-5.93
25.13,80.28,17-58-04-588,7.15,-5.99
26.28,80.36,17-58-04-688,7.21,-5.90
31.49,80.40,17-58-04-791,6.52,-5.94
38.43,80.34,17-58-04-911,5.12,-6.38
47.12,81.02,17-58-05-017,4.42,-5.33
53.68,81.41,17-58-05-110,2.62,-4.57
67.18,81.21,17-58-05-215,135.05,-3.83
72.26,80.85,17-58-05-333,146.10,-2.94
74.11,80.51,17-58-05-429,149.12,-1.36
76.90,80.70,17-58-05-525,152.15,-0.28
80.79,80.66,17-58-05-634,152.88,-1.10
86.49,80.47,17-58-05-748,146.99,-2.35
92.23,80.33,17-58-05-863,136.64,-1.71
99.24,81.24,17-58-05-969,127.38,-3.03
104.77,81.85,17-58-06-076,124.47,-4.51
107.10,82.29,17-58-06-178,122.43,-5.64
109.78,82.75,17-58-06-295,118.48,-6.73
111.21,82.94,17-58-06-396,118.33,-6.96
112.24,83.18,17-58-06-522,116.89,-7.01
111.96,83.41,17-58-06-629,119.63,-7.35
111.72,83.40,17-58-06-742,120.15,-7.21
111.92,83.54,17-58-06-847,120.91,-7.35
113.22,83.67,17-58-06-966,120.01,-7.73
113.59,83.70,17-58-07-064,118.95,-7.65
111.38,83.95,17-58-07-193,121.87,-8.10
101.35,83.89,17-58-07-298,135.45,-7.54
90.07,83.43,17-58-07-412,151.85,-5.97
84.29,82.95,17-58-07-513,160.61,-4.70
72.87,83.64,17-58-07-631,178.83,-3.79
66.60,82.96,17-58-07-752,168.35,-0.62
54.12,83.16,17-58-07-845,12.88,-0.25
44.29,81.46,17-58-07-968,7.26,-4.31
38.90,79.91,17-58-08-079,3.65,-7.80
33.36,79.51,17-58-08-205,4.76,-8.08
27.66,79.52,17-58-08-314,6.56,-7.30
25.58,79.54,17-58-08-415,7.80,-6.66
24.88,79.62,17-58-08-514,8.66,-6.22
22.04,79.85,17-58-08-629,9.61,-5.51
17.33,80.06,17-58-08-727,9.75,-5.01
15.13,80.24,17-58-08-829,10.03,-4.62
14.91,80.41,17-58-08-944,10.45,-4.27
15.68,80.51,17-58-09-047,10.74,-4.00
16.57,80.58,17-58-09-148,10.93,-3.83
15.65,80.63,17-58-09-250,10.95,-3.74
14.56,80.67,17-58-09-362,10.93,-3.68
13.85,80.72,17-58-09-473,10.89,-3.62
13.81,80.71,17-58-09-581,10.91,-3.61
14.47,80.71,17-58-09-677,10.85,-3.63
14.64,80.72,17-58-09-781,10.79,-3.63
14.67,80.73,17-58-09-881,10.79,-3.62
14.79,80.71,17-58-09-995,10.79,-3.64
14.26,80.72,17-58-10-096,10.86,-3.61
14.26,80.72,17-58-10-206,10.90,-3.59
14.36,80.73,17-58-10-303,10.93,-3.58
