14.44,89.83,15-38-22-152,2.62,-1.16
14.44,89.84,15-38-22-276,2.58,-1.15
14.89,89.82,15-38-22-400,2.52,-1.10
14.90,89.82,15-38-22-516,2.41,-1.04
14.94,89.77,15-38-22-624,2.44,-1.02
15.37,89.73,15-38-22-750,2.40,-0.95
15.66,89.70,15-38-22-868,2.43,-0.94
16.19,89.66,15-38-22-980,2.37,-0.87
16.35,89.66,15-38-23-091,2.34,-0.85
16.45,89.66,15-38-23-213,2.32,-0.84
16.51,89.69,15-38-23-333,2.33,-0.87
16.54,89.73,15-38-23-483,2.36,-0.92
16.56,89.74,15-38-23-596,2.38,-0.94
16.58,89.74,15-38-23-708,2.35,-0.93
16.44,89.44,15-38-23-834,1.70,-0.32
11.21,85.77,15-38-23-949,1.27,-4.77
27.14,77.26,15-38-24-066,9.28,-16.85
31.06,65.90,15-38-24-183,7.03,-27.99
45.16,51.90,15-38-24-292,4.60,-40.35
53.97,41.55,15-38-24-399,3.80,-52.21
66.98,31.34,15-38-24-515,3.40,-66.32
78.53,26.51,15-38-24-625,7.97,-71.66
83.46,26.49,15-38-24-744,7.19,-71.63
86.13,26.66,15-38-24-866,8.62,-70.82
90.41,27.30,15-38-24-977,8.99,-66.83
95.51,29.05,15-38-25-103,6.21,-61.46
99.14,28.64,15-38-25-217,5.82,-60.57
97.14,31.58,15-38-25-327,7.58,-58.59
96.07,29.64,15-38-25-433,5.28,-63.23
95.49,27.27,15-38-25-545,5.20,-66.87
96.52,27.40,15-38-25-661,7.76,-66.87
96.90,26.94,15-38-25-780,8.18,-67.94
98.40,26.67,15-38-25-894,10.29,-67.30
102.02,26.21,15-38-26-013,12.23,-66.17
106.39,33.82,15-38-26-129,17.69,-56.88
107.85,44.71,15-38-26-242,23.27,-43.78
108.58,58.57,15-38-26-345,32.31,-28.66
107.09,65.91,15-38-26-472,33.70,-22.35
105.55,74.50,15-38-26-575,38.85,-12.48
104.09,81.43,15-38-26-694,59.32,-3.58
105.22,87.49,15-38-26-811,86.34,-9.36
103.69,91.27,15-38-26-929,132.01,11.45
102.53,93.49,15-38-27-044,160.84,16.01
102.23,94.35,15-38-27-162,166.68,17.32
100.61,92.84,15-38-27-285,167.00,13.97
100.22,92.90,15-38-27-415,162.26,15.97
100.60,88.38,15-38-27-531,126.54,-8.14
100.62,84.57,15-38-27-642,92.44,-6.34
102.10,67.12,15-38-27-742,25.10,-21.62
104.71,49.84,15-38-27-862,21.11,-40.50
106.20,38.10,15-38-27-964,17.21,-53.25
105.94,29.39,15-38-28-079,12.29,-62.87
105.44,24.81,15-38-28-199,12.71,-66.45
103.46,23.01,15-38-28-313,10.16,-71.06
101.02,25.54,15-38-28-427,6.60,-67.03
100.00,26.16,15-38-28-541,5.21,-66.72
98.90,29.59,15-38-28-666,4.07,-61.63
94.98,32.81,15-38-28-785,6.05,-57.62
93.16,33.83,15-38-28-894,7.54,-55.73
92.57,33.31,15-38-29-011,8.32,-57.13
93.12,28.86,15-38-29-148,9.66,-68.02
93.19,26.04,15-38-29-264,8.96,-74.32
95.65,25.08,15-38-29-385,12.36,-72.56
100.33,26.32,15-38-29-514,12.90,-68.95
104.38,41.01,15-38-29-634,20.29,-46.87
104.57,53.45,15-38-29-764,24.49,-33.82
104.11,70.08,15-38-29-881,39.97,-16.04
103.94,76.23,15-38-30-000,53.28,-9.52
104.41,83.29,15-38-30-125,87.89,-2.72
104.73,91.20,15-38-30-242,109.25,16.05
104.57,93.27,15-38-30-370,136.85,15.84
104.32,93.30,15-38-30-487,145.78,15.32
104.09,93.53,15-38-30-614,149.97,15.41
103.98,92.81,15-38-30-736,142.00,15.02
105.32,91.31,15-38-30-869,94.28,15.25
104.29,83.33,15-38-30-979,63.05,-0.17
103.48,66.75,15-38-31-091,25.57,-22.91
103.75,49.07,15-38-31-210,16.55,-42.97
104.15,38.75,15-38-31-328,13.09,-53.05
104.64,31.43,15-38-31-445,10.48,-60.21
104.55,25.04,15-38-31-563,9.00,-67.97
104.15,25.80,15-38-31-683,9.41,-67.89
100.93,30.97,15-38-31-794,4.51,-60.04
97.84,37.29,15-38-31-913,1.66,-51.75
95.70,41.06,15-38-32-012,3.24,-47.52
95.09,41.90,15-38-32-128,5.40,-47.25
94.89,41.77,15-38-32-226,6.78,-48.02
94.81,41.70,15-38-32-346,7.87,-48.43
94.63,41.58,15-38-32-470,8.63,-48.76
94.51,39.24,15-38-32-576,7.99,-53.11
95.56,30.55,15-38-32-692,8.43,-64.70
99.12,21.98,15-38-32-812,11.60,-80.26
103.38,29.18,15-38-32-931,16.01,-64.63
106.32,49.16,15-38-33-055,26.54,-38.65
106.34,61.00,15-38-33-164,30.34,-27.40
106.09,70.94,15-38-33-278,40.85,-17.31
106.29,78.42,15-38-33-393,56.24,-8.10
107.48,85.77,15-38-33-514,74.27,-4.87
108.22,89.92,15-38-33-629,83.78,-10.41
108.16,92.88,15-38-33-751,90.62,14.47
108.03,93.78,15-38-33-864,86.11,15.09
108.12,93.37,15-38-33-978,85.51,14.37
108.20,90.26,15-38-34-093,80.75,9.54
108.26,89.73,15-38-34-210,79.45,-8.98
108.14,87.23,15-38-34-333,63.39,-4.13
107.13,64.08,15-38-34-456,26.60,-26.97
106.22,45.57,15-38-34-591,15.69,-47.71
105.02,32.79,15-38-34-709,11.39,-57.91
104.23,25.44,15-38-34-836,9.22,-65.23
103.30,23.46,15-38-34-957,9.22,-66.40
102.33,22.49,15-38-35-077,9.38,-67.19
98.16,36.88,15-38-35-199,5.39,-49.92
95.28,39.70,15-38-35-311,4.58,-48.81
93.67,41.20,15-38-35-429,6.29,-47.76
93.38,40.31,15-38-35-545,8.30,-50.43
93.31,39.83,15-38-35-660,9.04,-51.33
93.49,34.82,15-38-35-762,8.57,-60.13
93.90,33.12,15-38-35-877,9.19,-61.81
94.06,35.02,15-38-35-980,9.77,-57.96
94.16,35.72,15-38-36-092,9.94,-56.68
96.76,29.83,15-38-36-214,14.01,-63.08
101.17,34.39,15-38-36-340,20.30,-58.83
102.39,58.84,15-38-36-473,32.34,-29.94
102.34,71.30,15-38-36-611,42.59,-16.89
102.51,79.46,15-38-36-714,70.54,-7.70
104.69,86.40,15-38-36-835,96.00,-6.28
105.11,93.20,15-38-36-959,112.07,18.15
105.28,94.35,15-38-37-081,128.57,20.82
105.39,94.33,15-38-37-194,134.73,20.99
105.37,93.40,15-38-37-312,128.80,19.39
106.68,89.61,15-38-37-429,95.66,-14.20
104.41,79.37,15-38-37-542,56.71,-2.39
103.58,62.85,15-38-37-660,17.37,-28.28
103.12,50.03,15-38-37-780,13.38,-43.03
102.83,40.49,15-38-37-894,13.49,-51.47
102.48,30.96,15-38-38-015,12.86,-61.86
101.35,24.29,15-38-38-133,10.60,-69.91
100.78,24.55,15-38-38-256,10.23,-68.19
99.17,31.14,15-38-38-361,8.80,-60.47
97.02,36.96,15-38-38-490,8.59,-53.43
96.29,38.30,15-38-38-606,9.21,-52.81
95.97,36.73,15-38-38-726,9.89,-56.12
95.54,34.55,15-38-38-827,9.44,-59.73
95.14,32.90,15-38-38-943,8.88,-61.79
95.39,30.52,15-38-39-067,8.67,-63.65
97.67,25.15,15-38-39-192,10.33,-70.16
101.97,26.49,15-38-39-293,15.12,-65.71
104.61,37.56,15-38-39-413,21.22,-50.43
104.24,58.83,15-38-39-524,29.23,-28.76
104.25,68.65,15-38-39-648,34.94,-20.08
104.53,77.18,15-38-39-760,51.48,-3.57
104.99,82.97,15-38-39-883,57.64,-0.13
107.82,89.52,15-38-40-010,81.59,-10.40
107.27,93.51,15-38-40-139,100.61,16.06
107.01,94.21,15-38-40-246,105.53,16.76
106.83,92.93,15-38-40-362,97.46,16.13
108.14,90.45,15-38-40-458,81.32,13.74
104.94,83.85,15-38-40-573,63.97,-4.04
103.58,64.94,15-38-40-692,9.59,-25.26
102.88,48.84,15-38-40-807,12.74,-43.23
102.56,39.47,15-38-40-927,11.89,-52.21
101.98,29.36,15-38-41-059,10.83,-63.37
101.01,28.05,15-38-41-184,10.09,-63.59
99.16,28.68,15-38-41-299,7.90,-63.18
96.67,34.22,15-38-41-425,6.90,-58.61
95.34,37.84,15-38-41-543,7.83,-54.60
94.93,38.47,15-38-41-642,8.73,-54.84
94.79,37.63,15-38-41-758,9.49,-57.50
94.45,37.99,15-38-41-873,10.32,-57.18
94.27,33.89,15-38-41-981,9.59,-65.28
94.22,31.44,15-38-42-099,9.39,-68.63
94.30,31.69,15-38-42-235,9.56,-67.45
94.70,31.89,15-38-42-361,10.58,-64.85
97.25,32.69,15-38-42-487,15.74,-62.31
100.16,42.79,15-38-42-619,24.50,-49.03
100.48,51.16,15-38-42-740,30.21,-39.83
100.90,69.82,15-38-42-865,52.01,-16.14
104.81,84.13,15-38-42-978,89.05,-5.95
107.24,89.99,15-38-43-096,96.51,-14.01
106.59,94.03,15-38-43-213,115.47,18.82
106.13,94.03,15-38-43-326,124.91,17.62
105.88,93.67,15-38-43-446,129.00,17.08
106.26,93.99,15-38-43-566,128.59,18.19
106.02,93.29,15-38-43-686,126.95,16.61
106.37,91.92,15-38-43-814,103.13,15.67
103.68,86.43,15-38-43-933,87.68,-7.75
100.71,64.88,15-38-44-066,28.23,-25.53
98.92,41.65,15-38-44-177,18.30,-54.15
97.92,31.46,15-38-44-276,15.15,-63.57
97.71,27.69,15-38-44-399,13.94,-69.29
97.51,27.72,15-38-44-511,13.73,-69.13
96.76,29.88,15-38-44-624,13.37,-64.82
95.34,40.71,15-38-44-740,13.73,-48.23
94.21,41.60,15-38-44-845,12.73,-48.45
93.84,38.20,15-38-44-960,11.34,-55.57
93.63,35.40,15-38-45-079,10.53,-58.46
93.62,33.57,15-38-45-198,10.21,-59.59
93.63,33.28,15-38-45-318,10.03,-59.34
93.67,32.65,15-38-45-462,9.75,-60.30
93.89,32.89,15-38-45-600,9.87,-59.07
98.72,33.14,15-38-45-728,18.02,-60.40
101.63,46.85,15-38-45-857,26.65,-42.53
102.44,64.61,15-38-45-970,38.55,-22.74
102.51,75.86,15-38-46-100,53.42,-11.27
104.83,87.65,15-38-46-212,88.91,-7.85
105.79,92.96,15-38-46-336,106.89,15.48
105.02,93.91,15-38-46-469,128.82,16.39
104.74,94.12,15-38-46-578,133.12,16.78
104.40,93.98,15-38-46-706,140.86,16.43
104.11,93.47,15-38-46-814,138.89,15.94
104.19,89.07,15-38-46-929,121.11,-9.04
102.21,87.32,15-38-47-043,96.71,-7.09
100.76,73.73,15-38-47-164,39.64,-14.98
100.13,71.43,15-38-47-277,32.33,-16.99
99.73,57.50,15-38-47-394,22.44,-33.99
98.79,37.66,15-38-47-499,15.00,-56.23
97.45,27.10,15-38-47-616,10.77,-70.61
95.05,24.78,15-38-47-733,7.18,-74.35
92.95,27.97,15-38-47-841,7.88,-66.74
91.93,26.65,15-38-47-960,9.71,-71.53
90.78,28.46,15-38-48-075,11.91,-70.03
90.12,28.91,15-38-48-198,13.46,-69.47
89.53,28.54,15-38-48-315,14.36,-71.42
88.80,26.93,15-38-48-427,14.63,-76.72
88.12,25.53,15-38-48-543,13.93,-81.72
88.54,24.31,15-38-48-662,14.95,-87.80
89.33,23.91,15-38-48-778,16.17,-79.48
91.79,26.86,15-38-48-891,20.62,-72.25
93.81,40.58,15-38-49-009,28.33,-50.11
95.39,47.81,15-38-49-131,34.72,-42.98
97.02,67.67,15-38-49-246,53.37,-20.08
97.83,80.14,15-38-49-365,74.26,-3.26
101.86,93.29,15-38-49-478,126.89,18.11
100.56,94.36,15-38-49-596,172.15,14.61
100.14,96.53,15-38-49-717,173.43,18.44
100.72,96.95,15-38-49-827,162.74,16.50
101.27,96.42,15-38-49-942,162.89,14.77
102.70,94.78,15-38-50-061,178.14,13.04
102.76,89.55,15-38-50-174,124.89,-5.50
102.45,78.43,15-38-50-293,50.23,-5.94
101.48,62.14,15-38-50-427,25.80,-29.61
100.56,44.61,15-38-50-545,20.76,-49.53
99.94,31.05,15-38-50-661,17.10,-64.87
99.66,26.42,15-38-50-778,16.47,-69.40
99.50,26.46,15-38-50-894,16.36,-69.06
99.12,24.62,15-38-51-011,15.62,-73.58
96.03,26.88,15-38-51-141,10.52,-70.17
93.74,25.09,15-38-51-260,8.40,-73.47
91.98,23.78,15-38-51-375,8.89,-77.12
90.66,24.11,15-38-51-497,11.00,-78.20
90.02,25.09,15-38-51-618,13.03,-76.16
90.73,23.30,15-38-51-741,14.14,-76.51
91.06,21.86,15-38-51-863,13.09,-78.20
93.09,23.97,15-38-51-977,14.47,-73.09
97.55,33.27,15-38-52-099,22.08,-55.98
99.64,47.00,15-38-52-213,29.59,-43.53
100.25,64.14,15-38-52-328,41.53,-23.84
100.70,76.95,15-38-52-445,64.02,-9.38
100.93,87.57,15-38-52-563,108.04,-5.10
101.64,92.95,15-38-52-676,132.57,14.29
101.56,92.99,15-38-52-796,140.75,13.80
101.81,95.43,15-38-52-913,171.81,16.15
101.81,95.52,15-38-53-032,173.61,15.84
101.61,93.07,15-38-53-146,158.17,12.24
101.60,92.84,15-38-53-265,152.15,12.65
102.09,88.73,15-38-53-379,113.43,-13.30
99.88,72.05,15-38-53-494,48.22,-15.89
99.75,54.94,15-38-53-625,28.27,-37.21
99.89,39.21,15-38-53-745,22.03,-53.09
99.41,30.93,15-38-53-866,18.53,-62.75
98.22,24.46,15-38-53-978,15.35,-72.42
95.67,21.48,15-38-54-097,11.57,-78.61
93.72,23.98,15-38-54-212,11.17,-70.84
91.84,24.59,15-38-54-327,13.71,-73.21
90.85,27.41,15-38-54-444,16.32,-69.04
90.61,27.52,15-38-54-562,17.73,-69.13
90.50,27.31,15-38-54-677,18.15,-69.98
90.36,27.39,15-38-54-800,18.54,-69.77
89.27,29.97,15-38-54-914,18.43,-63.27
88.38,28.49,15-38-55-032,17.87,-66.98
87.66,24.81,15-38-55-157,16.99,-73.93
87.94,21.12,15-38-55-278,17.30,-82.39
88.97,28.11,15-38-55-389,19.97,-65.89
92.19,47.61,15-38-55-496,33.08,-42.34
94.68,70.07,15-38-55-615,64.72,-19.53
95.86,87.89,15-38-55-726,138.88,-7.42
97.55,96.21,15-38-55-844,173.03,20.53
97.76,100.11,15-38-55-970,152.21,23.58
97.73,97.88,15-38-56-094,159.49,19.67
97.05,95.80,15-38-56-214,161.48,13.21
96.53,93.07,15-38-56-328,177.83,11.69
96.61,88.39,15-38-56-449,144.84,-5.08
96.77,87.13,15-38-56-576,129.24,-3.88
96.49,72.53,15-38-56-697,53.98,-17.03
96.32,51.56,15-38-56-815,28.44,-41.79
95.81,28.77,15-38-56-934,18.54,-68.35
94.54,18.86,15-38-57-044,15.68,-78.49
93.72,16.58,15-38-57-162,15.11,-85.84
93.14,17.62,15-38-57-275,15.17,-81.89
92.61,20.36,15-38-57-401,15.16,-77.02
91.87,23.42,15-38-57-518,14.52,-73.83
90.67,23.59,15-38-57-642,13.57,-76.59
89.96,23.33,15-38-57-757,13.43,-78.29
89.57,23.35,15-38-57-877,14.35,-77.92
89.43,20.74,15-38-57-992,14.90,-77.92
89.51,20.73,15-38-58-111,15.32,-86.41
90.43,21.25,15-38-58-225,16.46,-76.62
91.67,24.93,15-38-58-342,18.89,-70.84
92.65,36.16,15-38-58-465,22.55,-54.24
94.94,58.57,15-38-58-579,39.71,-29.82
96.16,72.43,15-38-58-692,60.67,-14.31
96.32,82.12,15-38-58-812,106.73,-5.07
97.13,90.64,15-38-58-927,158.13,8.74
97.19,96.49,15-38-59-046,164.57,17.87
96.82,96.14,15-38-59-165,163.36,16.24
96.53,94.37,15-38-59-295,170.24,13.43
96.55,93.80,15-38-59-412,171.02,11.42
97.92,90.88,15-38-59-528,151.92,9.26
97.53,80.43,15-38-59-660,65.45,-5.82
97.06,65.20,15-38-59-779,30.43,-26.37
97.35,47.25,15-38-59-892,19.41,-47.71
96.89,37.45,15-38-59-996,15.26,-56.76
96.64,32.51,15-39-00-114,14.17,-60.42
96.31,32.37,15-39-00-224,13.32,-59.34
95.62,30.86,15-39-00-342,12.31,-61.44
93.98,27.87,15-39-00-466,10.09,-65.75
90.97,27.55,15-39-00-579,10.59,-68.87
88.64,31.19,15-39-00-681,13.60,-62.75
86.92,29.87,15-39-00-797,14.97,-66.82
86.15,26.52,15-39-00-907,14.72,-72.95
85.88,23.12,15-39-01-011,14.72,-79.33
85.88,20.54,15-39-01-128,14.48,-83.78
86.23,19.78,15-39-01-253,14.77,-83.43
88.77,20.85,15-39-01-380,18.20,-78.08
92.14,24.46,15-39-01-494,21.75,-69.77
94.60,41.16,15-39-01-615,29.89,-48.36
96.24,59.27,15-39-01-727,45.58,-28.96
96.72,73.50,15-39-01-835,71.32,-13.52
96.99,81.71,15-39-01-944,119.02,-4.95
96.83,82.06,15-39-02-063,124.82,-5.05
96.66,82.17,15-39-02-181,125.53,-4.93
96.36,91.30,15-39-02-295,170.85,10.48
96.45,94.94,15-39-02-406,170.45,16.10
96.29,93.57,15-39-02-529,174.64,13.16
96.85,88.48,15-39-02-648,150.44,-6.18
96.32,76.72,15-39-02-758,76.13,-13.18
97.26,57.94,15-39-02-861,39.44,-34.77
96.74,49.07,15-39-02-979,31.61,-44.48
96.13,33.29,15-39-03-097,22.86,-60.86
95.25,28.32,15-39-03-217,19.80,-65.97
94.15,24.85,15-39-03-347,18.20,-71.03
92.46,23.47,15-39-03-461,15.98,-76.66
90.09,28.52,15-39-03-578,14.41,-66.86
88.67,29.57,15-39-03-695,14.31,-66.63
86.68,28.24,15-39-03-812,13.61,-69.70
86.11,27.19,15-39-03-924,14.33,-71.64
85.80,26.13,15-39-04-056,15.14,-73.19
85.80,24.71,15-39-04-159,15.64,-77.36
85.96,21.42,15-39-04-280,15.72,-77.36
86.19,18.65,15-39-04-393,15.92,-77.36
89.56,21.00,15-39-04-510,20.15,-76.52
93.20,32.98,15-39-04-632,27.20,-54.83
96.36,53.51,15-39-04-743,43.65,-32.09
97.37,71.10,15-39-04-863,70.10,-13.62
97.80,83.61,15-39-04-974,131.27,-1.82
98.53,91.31,15-39-05-077,164.13,12.23
98.27,95.84,15-39-05-195,168.12,16.70
97.76,96.92,15-39-05-312,160.97,16.15
97.23,95.60,15-39-05-430,164.67,14.13
95.12,94.60,15-39-05-561,165.56,12.46
94.37,94.48,15-39-05-679,163.20,10.70
94.06,94.43,15-39-05-816,163.27,10.84
96.43,91.70,15-39-05-927,175.90,7.98
96.03,74.71,15-39-06-026,76.23,-14.65
96.52,56.99,15-39-06-148,40.26,-33.46
96.49,37.66,15-39-06-265,26.83,-53.13
96.40,23.12,15-39-06-379,22.25,-68.18
95.61,24.29,15-39-06-490,21.05,-66.71
94.18,26.27,15-39-06-611,19.02,-68.54
92.48,26.29,15-39-06-711,16.47,-72.21
90.74,29.98,15-39-06-829,13.63,-66.44
89.71,29.96,15-39-06-943,12.50,-68.72
89.30,28.82,15-39-07-062,13.10,-71.97
89.00,28.03,15-39-07-176,13.70,-73.59
88.78,26.21,15-39-07-310,14.71,-76.79
88.87,23.19,15-39-07-427,15.79,-82.23
90.02,23.05,15-39-07-542,17.48,-75.34
91.62,26.30,15-39-07-642,20.07,-69.33
92.53,29.72,15-39-07-765,22.07,-62.59
93.59,66.67,15-39-07-876,50.76,-18.96
93.87,77.55,15-39-08-008,78.68,-10.33
95.08,93.05,15-39-08-107,176.78,10.73
81.39,95.94,15-39-08-229,149.11,6.66
81.33,95.59,15-39-08-345,154.57,4.60
74.74,95.53,15-39-08-463,155.26,2.67
80.63,94.84,15-39-08-581,150.79,5.26
88.15,95.88,15-39-08-699,128.38,10.12
91.11,89.59,15-39-08-810,169.05,-11.48
90.90,79.50,15-39-08-924,82.96,-3.21
91.37,63.21,15-39-09-028,35.92,-23.93
92.18,47.19,15-39-09-143,27.90,-44.27
91.89,36.65,15-39-09-275,23.86,-57.45
91.68,25.29,15-39-09-396,21.58,-77.32
91.35,21.84,15-39-09-510,20.51,-85.42
90.93,22.68,15-39-09-628,20.32,-84.08
90.28,21.46,15-39-09-729,20.05,-82.56
88.15,22.17,15-39-09-852,16.80,-79.43
85.65,22.25,15-39-09-977,13.01,-78.69
84.60,21.92,15-39-10-097,11.43,-77.71
84.40,22.50,15-39-10-211,11.46,-76.05
84.49,21.52,15-39-10-332,11.52,-78.16
84.85,16.49,15-39-10-462,11.78,-78.16
86.80,18.75,15-39-10-575,13.93,-78.53
91.27,26.31,15-39-10-693,18.06,-62.83
93.34,52.26,15-39-10-810,31.33,-36.00
93.76,69.92,15-39-10-927,53.59,-18.64
93.98,83.03,15-39-11-049,112.19,-0.84
90.76,93.46,15-39-11-159,158.43,10.01
88.48,100.29,15-39-11-289,128.67,22.36
87.21,100.69,15-39-11-390,126.08,22.84
87.66,99.88,15-39-11-511,133.83,15.07
89.17,98.89,15-39-11-629,137.33,15.51
88.86,98.39,15-39-11-744,137.00,16.06
94.15,96.84,15-39-11-859,141.74,12.61
95.82,83.40,15-39-11-980,93.95,-0.39
97.76,67.18,15-39-12-102,35.69,-22.12
98.56,40.15,15-39-12-218,17.43,-52.58
97.43,31.04,15-39-12-342,13.46,-63.75
96.10,25.27,15-39-12-460,10.97,-75.67
95.42,24.28,15-39-12-576,10.52,-76.27
95.31,25.77,15-39-12-692,13.04,-68.79
93.59,28.40,15-39-12-821,10.25,-66.41
91.52,25.68,15-39-12-928,7.93,-73.64
90.55,24.70,15-39-13-044,8.20,-75.11
89.85,23.38,15-39-13-144,9.22,-79.28
89.55,23.57,15-39-13-261,10.55,-78.87
89.60,21.31,15-39-13-384,11.31,-78.87
90.77,20.41,15-39-13-495,12.95,-85.92
93.13,23.61,15-39-13-610,16.88,-74.20
95.49,29.31,15-39-13-725,18.55,-61.58
97.60,58.42,15-39-13-845,35.87,-28.98
97.99,70.40,15-39-13-959,51.59,-16.86
98.24,78.14,15-39-14-083,78.78,-6.76
98.13,90.75,15-39-14-195,162.11,8.47
98.13,97.38,15-39-14-310,161.09,18.77
98.11,98.25,15-39-14-426,156.02,19.16
95.94,95.42,15-39-14-543,162.71,13.43
95.83,93.90,15-39-14-658,167.95,10.35
96.08,89.90,15-39-14-785,158.66,-6.44
96.51,81.08,15-39-14-890,90.04,-4.01
96.83,78.02,15-39-15-007,70.22,-6.33
97.00,77.01,15-39-15-138,64.98,-6.85
97.26,70.16,15-39-15-250,38.10,-17.05
98.72,48.48,15-39-15-363,23.50,-44.18
98.51,29.76,15-39-15-478,15.44,-62.08
97.06,21.50,15-39-15-594,13.63,-74.36
93.97,20.80,15-39-15-715,9.55,-78.47
90.10,27.96,15-39-15-831,5.59,-66.02
87.06,30.79,15-39-15-945,5.60,-62.82
85.88,32.39,15-39-16-064,7.47,-60.86
85.28,30.85,15-39-16-173,9.69,-64.47
84.90,27.78,15-39-16-297,11.36,-70.03
85.32,20.63,15-39-16-414,12.90,-70.03
85.50,18.13,15-39-16-525,12.93,-70.03
89.63,16.91,15-39-16-642,17.23,-70.03
92.41,22.21,15-39-16-759,21.57,-72.91
93.88,35.75,15-39-16-875,26.67,-53.51
94.41,39.13,15-39-16-994,28.01,-50.47
95.69,51.35,15-39-17-109,36.58,-37.34
96.47,75.03,15-39-17-227,73.06,-11.26
96.29,76.52,15-39-17-324,75.67,-11.09
96.13,76.65,15-39-17-453,75.50,-11.19
96.03,76.67,15-39-17-558,75.67,-11.29
95.24,83.40,15-39-17-685,120.40,-1.58
88.89,97.89,15-39-17-796,141.67,21.79
63.07,97.68,15-39-17-908,40.35,8.98
71.06,99.50,15-39-18-030,66.16,18.72
82.69,97.67,15-39-18-148,104.68,14.49
91.31,92.26,15-39-18-265,174.98,19.21
94.19,57.41,15-39-18-395,34.29,-34.40
94.92,36.86,15-39-18-512,23.46,-57.50
95.09,24.36,15-39-18-627,17.83,-70.01
94.50,20.33,15-39-18-747,17.10,-77.95
92.86,23.52,15-39-18-866,16.59,-76.45
88.25,30.23,15-39-18-992,9.71,-65.00
86.18,33.12,15-39-19-128,8.79,-61.16
85.50,29.83,15-39-19-250,9.57,-68.02
85.30,24.62,15-39-19-363,10.12,-79.80
85.45,22.02,15-39-19-478,10.84,-84.89
85.48,18.15,15-39-19-580,10.76,-84.89
89.49,22.14,15-39-19-703,18.61,-78.32
93.06,33.45,15-39-19-808,23.95,-59.14
94.83,52.54,15-39-19-925,35.93,-37.90
96.00,70.92,15-39-20-023,59.33,-15.62
95.94,84.72,15-39-20-144,137.11,-0.57
96.48,91.50,15-39-20-244,167.79,10.44
95.95,92.65,15-39-20-359,179.45,10.29
75.88,95.86,15-39-20-475,142.32,7.56
59.80,97.83,15-39-20-592,19.04,6.89
53.65,97.66,15-39-20-707,2.51,5.22
66.36,97.77,15-39-20-831,79.96,6.34
85.63,98.73,15-39-20-943,124.44,15.47
93.44,88.20,15-39-21-068,147.57,-9.84
97.84,57.06,15-39-21-194,33.45,-33.96
97.98,42.53,15-39-21-309,24.06,-52.29
98.04,41.16,15-39-21-439,24.11,-53.00
95.86,24.89,15-39-21-548,16.65,-72.78
94.92,23.04,15-39-21-658,21.04,-81.76
90.59,22.59,15-39-21-779,15.56,-78.11
87.21,30.74,15-39-21-894,10.44,-64.94
85.11,31.93,15-39-22-009,6.63,-62.05
83.50,32.21,15-39-22-123,5.09,-63.07
82.83,31.82,15-39-22-224,5.44,-64.05
82.76,29.64,15-39-22-352,6.91,-69.13
82.91,27.55,15-39-22-468,7.78,-74.22
83.07,25.09,15-39-22-592,8.18,-81.16
83.12,21.28,15-39-22-712,8.50,-81.16
86.63,22.06,15-39-22-828,15.33,-81.92
88.93,28.98,15-39-22-927,20.50,-62.48
91.92,52.31,15-39-23-049,36.42,-34.14
92.89,66.44,15-39-23-162,53.36,-20.25
93.59,81.95,15-39-23-278,110.55,-2.56
96.29,94.18,15-39-23-404,173.94,13.51
94.65,100.19,15-39-23-531,140.23,20.33
80.84,98.47,15-39-23-647,141.31,9.85
85.08,99.39,15-39-23-760,131.86,15.51
87.77,99.45,15-39-23-867,138.42,18.81
91.38,93.89,15-39-23-974,155.21,8.42
93.34,89.28,15-39-24-087,156.16,-16.25
94.71,69.11,15-39-24-206,27.68,-16.70
95.26,66.43,15-39-24-314,26.88,-19.83
95.44,66.06,15-39-24-429,28.02,-20.04
96.23,56.06,15-39-24-551,25.29,-35.23
95.86,34.67,15-39-24-679,18.15,-63.08
95.27,23.19,15-39-24-794,16.87,-77.50
92.13,24.36,15-39-24-914,12.38,-78.20
88.79,25.69,15-39-25-029,8.65,-71.20
87.01,32.47,15-39-25-146,10.10,-60.78
86.15,32.29,15-39-25-256,11.23,-62.95
85.24,31.49,15-39-25-378,12.32,-65.83
84.70,27.91,15-39-25-495,12.83,-72.24
84.44,23.45,15-39-25-616,12.80,-76.32
84.74,21.35,15-39-25-724,13.33,-77.40
85.82,16.77,15-39-25-844,14.25,-83.55
90.70,22.06,15-39-25-960,17.99,-74.53
93.88,24.92,15-39-26-077,18.79,-72.53
96.67,50.16,15-39-26-193,31.50,-40.61
97.81,57.14,15-39-26-307,39.27,-34.05
97.35,81.42,15-39-26-432,111.25,-4.97
96.47,92.95,15-39-26-562,177.23,10.23
90.77,95.13,15-39-26-689,151.46,11.52
86.65,99.78,15-39-26-811,127.32,18.72
87.93,97.19,15-39-26-925,144.67,13.93
89.50,95.15,15-39-27-040,153.87,11.81
93.66,95.15,15-39-27-162,160.64,12.76
96.27,91.31,15-39-27-275,169.91,7.82
95.68,85.30,15-39-27-392,109.55,-3.45
95.19,73.33,15-39-27-514,49.49,-15.95
96.39,57.79,15-39-27-631,33.41,-33.24
96.32,39.83,15-39-27-741,22.24,-54.71
96.00,28.56,15-39-27-863,19.96,-66.01
95.34,21.76,15-39-28-006,18.61,-75.62
94.49,24.12,15-39-28-127,17.84,-73.09
93.39,22.05,15-39-28-228,16.43,-77.00
89.93,30.63,15-39-28-340,12.93,-63.60
88.38,31.64,15-39-28-459,11.75,-62.60
87.76,31.01,15-39-28-578,12.09,-63.54
87.36,28.20,15-39-28-694,12.58,-69.16
87.28,24.95,15-39-28-811,13.28,-75.47
87.24,22.54,15-39-28-936,13.60,-80.49
87.35,20.06,15-39-29-043,14.15,-86.16
88.19,19.40,15-39-29-162,15.54,-80.53
91.23,30.08,15-39-29-277,20.95,-58.41
94.26,49.92,15-39-29-391,34.90,-38.81
94.49,62.72,15-39-29-495,47.01,-27.08
94.80,77.26,15-39-29-613,78.22,-7.97
94.77,87.28,15-39-29-728,131.84,-2.17
81.75,93.61,15-39-29-840,135.18,7.26
84.88,93.01,15-39-29-965,160.56,5.39
83.01,96.38,15-39-30-075,139.41,11.02
60.32,97.31,15-39-30-191,20.14,7.12
69.04,99.13,15-39-30-310,62.47,12.41
85.41,99.27,15-39-30-435,127.31,18.25
92.22,94.92,15-39-30-549,148.66,8.67
92.46,83.26,15-39-30-678,111.54,-5.19
92.61,71.62,15-39-30-796,56.99,-18.92
93.86,55.13,15-39-30-907,38.80,-37.64
93.48,39.22,15-39-31-033,27.08,-55.47
92.18,27.12,15-39-31-175,22.19,-71.85
91.53,20.86,15-39-31-301,22.69,-71.85
90.44,21.19,15-39-31-413,22.17,-71.85
89.25,20.93,15-39-31-522,20.92,-71.85
87.67,25.26,15-39-31-624,19.08,-77.63
86.85,26.15,15-39-31-743,18.13,-78.97
86.39,26.29,15-39-31-843,17.74,-80.28
85.91,28.87,15-39-31-959,17.77,-72.45
84.96,31.77,15-39-32-074,16.69,-64.67
83.98,31.28,15-39-32-196,15.81,-66.61
84.00,29.93,15-39-32-309,16.23,-70.07
84.00,25.20,15-39-32-435,16.00,-70.07
85.20,23.50,15-39-32-557,17.59,-70.07
90.28,42.16,15-39-32-677,30.75,-48.99
92.51,57.02,15-39-32-782,45.85,-31.46
93.50,74.22,15-39-32-890,68.11,-8.28
94.20,84.80,15-39-33-011,114.94,-1.65
92.07,94.12,15-39-33-128,157.65,11.96
83.34,95.62,15-39-33-245,136.29,12.53
84.58,94.84,15-39-33-371,143.34,10.67
84.71,95.46,15-39-33-476,140.53,11.07
85.52,95.37,15-39-33-590,142.25,11.88
86.14,95.00,15-39-33-709,146.48,9.42
86.40,95.43,15-39-33-824,143.93,10.72
91.38,92.59,15-39-33-927,162.54,7.06
92.98,83.55,15-39-34-040,125.23,-2.42
93.98,63.17,15-39-34-158,47.40,-25.63
95.12,45.33,15-39-34-274,29.55,-46.52
95.01,29.67,15-39-34-395,21.98,-63.23
93.88,22.35,15-39-34-510,19.48,-77.58
92.84,20.11,15-39-34-609,19.26,-77.58
91.56,24.74,15-39-34-736,19.46,-78.87
89.07,28.47,15-39-34-859,17.24,-72.29
87.58,25.33,15-39-34-977,15.75,-79.21
86.67,25.91,15-39-35-091,14.89,-74.12
86.21,26.57,15-39-35-207,14.73,-72.39
85.45,28.00,15-39-35-330,13.39,-67.89
83.06,26.59,15-39-35-450,11.30,-68.23
80.71,27.01,15-39-35-583,13.48,-66.34
73.57,26.05,15-39-35-698,11.33,-70.01
52.45,39.21,15-39-35-807,13.40,-54.93
40.02,54.27,15-39-35-930,14.68,-42.56
32.38,66.15,15-39-36-042,11.35,-28.77
25.30,73.11,15-39-36-161,10.40,-21.50
