90.13,22.15,17-52-05-264,12.35,-76.53
90.11,22.12,17-52-05-350,12.31,-76.68
90.10,22.07,17-52-05-445,12.30,-76.83
90.09,21.80,17-52-05-549,12.28,-77.62
90.10,21.80,17-52-05-654,12.29,-77.63
90.10,21.84,17-52-05-763,12.34,-77.56
90.12,21.85,17-52-05-880,12.40,-77.54
90.14,21.94,17-52-05-976,12.47,-77.25
90.16,22.03,17-52-06-079,12.54,-77.05
90.16,22.00,17-52-06-180,12.55,-77.13
90.18,22.05,17-52-06-278,12.61,-77.02
90.19,22.07,17-52-06-382,12.66,-76.96
91.20,21.97,17-52-06-477,14.79,-76.70
92.73,23.94,17-52-06-576,18.42,-70.66
95.62,23.99,17-52-06-664,24.38,-69.57
98.82,27.52,17-52-06-774,31.81,-61.20
102.06,30.32,17-52-06-881,37.57,-55.40
105.28,33.86,17-52-06-990,44.63,-48.25
107.25,38.90,17-52-07-096,52.09,-39.04
110.57,44.07,17-52-07-195,61.11,-30.69
113.80,48.38,17-52-07-295,68.91,-23.49
114.81,50.57,17-52-07-397,72.27,-19.81
115.47,52.39,17-52-07-492,74.91,-16.88
115.65,52.55,17-52-07-591,74.97,-16.77
115.64,52.54,17-52-07-707,74.77,-16.92
115.48,53.63,17-52-07-811,76.13,-15.31
115.48,53.06,17-52-07-901,75.29,-16.25
115.37,51.97,17-52-08-023,73.36,-18.08
115.03,49.15,17-52-08-118,68.71,-22.83
111.48,44.23,17-52-08-218,59.64,-30.96
107.48,38.30,17-52-08-330,48.92,-40.71
101.23,34.10,17-52-08-436,35.71,-48.22
99.24,28.43,17-52-08-531,29.09,-58.35
96.05,24.11,17-52-08-632,21.97,-66.80
93.63,21.70,17-52-08-728,17.67,-72.31
91.78,19.35,17-52-08-834,15.74,-79.37
87.02,24.16,17-52-08-941,10.25,-69.96
85.19,21.71,17-52-09-056,9.26,-77.12
84.66,21.23,17-52-09-164,10.06,-79.26
85.04,19.73,17-52-09-273,11.94,-79.26
86.17,20.95,17-52-09-385,14.66,-82.71
86.47,21.08,17-52-09-483,14.86,-80.09
92.79,21.46,17-52-09-578,27.26,-78.17
96.45,21.89,17-52-09-683,33.91,-75.93
102.40,32.30,17-52-09-793,46.67,-52.71
104.70,39.10,17-52-09-896,54.97,-40.68
108.45,44.28,17-52-10-007,64.41,-31.80
110.96,47.61,17-52-10-097,70.76,-26.08
112.38,49.18,17-52-10-201,73.77,-23.43
113.28,51.30,17-52-10-302,77.06,-19.82
113.77,53.58,17-52-10-422,80.48,-15.94
114.14,53.32,17-52-10-513,80.06,-16.55
113.59,51.23,17-52-10-612,76.82,-20.11
112.51,49.91,17-52-10-721,74.06,-22.29
111.63,47.92,17-52-10-817,70.81,-25.68
108.32,41.52,17-52-10-920,58.75,-36.48
105.22,36.72,17-52-11-018,49.61,-44.42
101.31,33.16,17-52-11-113,40.97,-50.60
98.82,25.38,17-52-11-215,32.55,-64.01
95.10,21.18,17-52-11-310,24.58,-73.03
93.45,18.66,17-52-11-399,21.13,-79.78
92.36,18.35,17-52-11-507,19.30,-80.25
88.73,19.88,17-52-11-603,14.58,-75.74
83.86,21.47,17-52-11-712,8.03,-75.78
82.85,20.99,17-52-11-813,8.06,-80.06
83.13,21.66,17-52-11-927,9.24,-80.88
83.12,21.33,17-52-12-039,9.70,-85.09
83.62,22.05,17-52-12-164,10.98,-83.96
84.65,19.89,17-52-12-282,13.17,-83.96
87.62,20.12,17-52-12-380,19.08,-83.96
93.15,20.03,17-52-12-477,29.62,-83.96
96.62,23.95,17-52-12-565,36.55,-71.08
98.64,31.16,17-52-12-666,42.74,-55.30
99.10,33.04,17-52-12-765,44.31,-51.72
105.21,40.08,17-52-12-868,58.85,-39.08
108.65,44.19,17-52-12-972,65.95,-31.99
112.46,48.87,17-52-13-083,74.33,-24.10
112.72,50.53,17-52-13-185,76.26,-21.23
113.47,52.76,17-52-13-279,79.32,-17.18
113.70,53.00,17-52-13-405,79.36,-16.62
113.81,50.65,17-52-13-501,75.27,-20.44
111.96,48.89,17-52-13-616,71.71,-23.35
111.33,44.13,17-52-13-714,64.76,-31.09
107.73,40.20,17-52-13-820,56.85,-37.66
101.54,33.55,17-52-13-914,42.59,-49.23
100.09,31.79,17-52-14-017,39.17,-52.36
99.62,31.45,17-52-14-120,38.27,-52.95
96.39,22.98,17-52-14-232,28.97,-69.22
92.71,17.79,17-52-14-333,21.08,-85.05
86.94,18.79,17-52-14-449,11.75,-80.77
84.14,20.72,17-52-14-549,7.75,-76.89
82.04,21.09,17-52-14-674,6.09,-76.82
81.32,20.32,17-52-14-779,6.57,-80.65
81.01,20.85,17-52-14-868,7.30,-79.60
81.47,21.53,17-52-14-958,9.36,-77.84
82.48,21.25,17-52-15-067,11.71,-80.03
83.69,19.19,17-52-15-163,13.83,-80.03
84.30,18.28,17-52-15-282,14.74,-80.03
86.92,16.77,17-52-15-375,18.94,-80.03
90.12,17.33,17-52-15-479,23.57,-80.03
93.22,17.13,17-52-15-581,27.16,-80.03
96.00,20.23,17-52-15-672,31.22,-76.29
97.90,25.78,17-52-15-771,35.71,-62.89
99.18,29.67,17-52-15-872,39.57,-55.15
102.57,33.71,17-52-15-970,46.53,-48.03
104.83,40.20,17-52-16-074,55.19,-37.22
107.55,43.73,17-52-16-182,61.72,-31.44
111.76,47.31,17-52-16-289,69.33,-25.22
113.56,49.42,17-52-16-396,73.05,-21.55
113.59,51.44,17-52-16-496,75.83,-18.22
113.62,51.43,17-52-16-602,75.72,-18.34
113.06,49.81,17-52-16-697,72.99,-21.17
112.06,48.25,17-52-16-798,69.62,-23.93
110.89,45.02,17-52-16-901,64.21,-29.26
106.68,42.34,17-52-17-001,56.17,-34.93
104.32,37.28,17-52-17-098,48.02,-43.82
100.29,31.68,17-52-17-198,37.72,-54.05
98.62,26.28,17-52-17-306,32.67,-62.69
95.91,24.03,17-52-17-415,27.21,-67.38
93.76,21.89,17-52-17-521,22.98,-72.29
91.76,16.02,17-52-17-628,18.63,-72.29
87.14,18.63,17-52-17-731,11.77,-79.46
86.46,19.30,17-52-17-832,11.67,-78.40
86.38,19.60,17-52-17-933,12.25,-78.34
83.19,18.48,17-52-18-037,7.14,-78.34
81.17,19.73,17-52-18-128,6.32,-82.37
80.91,20.01,17-52-18-239,7.17,-83.08
81.12,19.96,17-52-18-336,8.35,-85.90
81.18,19.89,17-52-18-427,8.86,-85.90
81.44,19.57,17-52-18-537,9.56,-85.90
82.06,19.49,17-52-18-637,10.62,-85.90
82.17,19.85,17-52-18-750,10.78,-85.90
83.87,19.41,17-52-18-858,13.57,-85.90
90.14,17.36,17-52-18-973,22.61,-85.90
94.26,18.84,17-52-19-082,28.64,-84.31
97.39,23.15,17-52-19-186,33.64,-69.39
99.33,29.52,17-52-19-284,39.60,-56.09
104.05,35.33,17-52-19-395,50.00,-45.29
106.97,41.22,17-52-19-501,58.65,-35.33
110.32,47.77,17-52-19-615,70.00,-24.51
111.98,50.19,17-52-19-713,74.57,-20.47
112.20,50.55,17-52-19-810,75.11,-19.99
112.96,52.09,17-52-19-913,77.52,-17.83
112.80,51.68,17-52-20-022,76.76,-18.62
112.60,50.10,17-52-20-109,74.19,-21.35
111.97,49.61,17-52-20-211,72.27,-22.08
109.94,45.77,17-52-20-296,65.01,-28.74
105.20,38.28,17-52-20-394,51.45,-41.65
102.05,34.73,17-52-20-502,43.89,-47.95
98.31,26.91,17-52-20-604,33.34,-61.99
96.67,23.88,17-52-20-716,29.42,-68.16
93.73,21.43,17-52-20-817,23.32,-73.04
90.98,15.62,17-52-20-909,17.15,-73.04
87.58,19.36,17-52-21-017,12.33,-78.61
85.72,19.90,17-52-21-115,9.77,-77.72
83.48,19.19,17-52-21-210,6.82,-81.83
82.39,19.73,17-52-21-320,5.95,-80.32
82.15,19.37,17-52-21-417,6.37,-82.96
82.28,19.96,17-52-21-515,7.24,-81.38
82.45,20.28,17-52-21-609,8.05,-81.11
82.50,20.47,17-52-21-712,8.44,-81.13
82.52,20.58,17-52-21-801,8.67,-81.26
82.65,19.97,17-52-21-903,8.99,-85.37
83.10,19.03,17-52-21-999,9.94,-85.37
84.70,18.67,17-52-22-101,13.31,-85.37
89.34,17.04,17-52-22-195,21.43,-85.37
92.96,17.52,17-52-22-295,27.71,-85.37
94.79,21.41,17-52-22-391,31.74,-71.88
97.99,26.66,17-52-22-509,38.12,-60.02
101.33,32.99,17-52-22-604,46.15,-48.60
106.93,38.38,17-52-22-697,55.10,-39.24
109.82,44.15,17-52-22-782,63.83,-29.47
110.45,46.37,17-52-22-877,67.04,-26.07
111.03,47.94,17-52-22-991,69.40,-23.72
112.51,50.95,17-52-23-094,74.72,-18.85
113.19,51.53,17-52-23-197,75.56,-18.26
113.17,50.15,17-52-23-305,73.29,-20.88
112.16,48.26,17-52-23-410,69.21,-24.24
111.30,45.11,17-52-23-521,64.02,-29.91
108.55,39.89,17-52-23-630,55.12,-38.77
102.08,32.68,17-52-23-746,40.28,-51.63
97.96,24.70,17-52-23-846,29.81,-66.20
94.64,20.60,17-52-23-950,22.89,-74.31
91.35,14.38,17-52-24-066,16.00,-74.31
86.83,15.52,17-52-24-165,8.42,-74.31
83.26,16.66,17-52-24-260,4.35,-74.31
81.48,17.83,17-52-24-369,3.84,-85.50
80.59,18.45,17-52-24-476,3.90,-83.34
80.53,18.71,17-52-24-578,4.92,-83.42
80.71,19.96,17-52-24-678,5.89,-79.87
80.85,20.86,17-52-24-778,6.49,-78.25
80.88,21.38,17-52-24-883,6.79,-77.49
80.93,21.16,17-52-24-980,7.26,-78.95
80.98,20.86,17-52-25-078,7.78,-81.04
81.03,20.47,17-52-25-180,8.10,-83.69
81.24,19.52,17-52-25-287,8.64,-83.69
81.43,18.78,17-52-25-381,8.98,-83.69
81.54,16.91,17-52-25-482,9.06,-83.69
82.03,17.33,17-52-25-580,9.98,-83.69
85.22,16.87,17-52-25-678,16.08,-83.69
90.13,15.21,17-52-25-762,22.50,-83.69
94.56,17.18,17-52-25-866,29.13,-85.43
98.03,25.10,17-52-25-964,36.10,-62.70
99.55,30.85,17-52-26-061,41.15,-52.49
102.11,33.96,17-52-26-162,47.29,-47.05
104.28,37.96,17-52-26-251,53.44,-40.10
106.73,41.95,17-52-26-344,60.22,-33.94
109.32,45.80,17-52-26-454,67.03,-28.08
110.52,47.32,17-52-26-543,69.95,-25.62
110.88,47.98,17-52-26-646,71.01,-24.63
110.82,47.78,17-52-26-741,70.58,-25.02
110.90,47.69,17-52-26-852,70.44,-25.20
110.86,47.70,17-52-26-957,70.37,-25.21
109.88,46.76,17-52-27-082,67.93,-26.78
107.71,42.20,17-52-27-179,60.29,-34.29
103.58,36.79,17-52-27-279,49.63,-43.64
99.86,30.14,17-52-27-381,39.06,-55.39
95.17,22.08,17-52-27-483,27.67,-71.20
92.56,15.86,17-52-27-578,22.07,-71.20
89.18,13.94,17-52-27-689,17.48,-71.20
85.64,15.57,17-52-27-778,13.23,-71.20
82.05,16.85,17-52-27-882,9.06,-71.20
80.70,19.16,17-52-27-979,8.27,-82.68
80.44,20.10,17-52-28-077,8.83,-80.47
80.09,19.33,17-52-28-176,9.06,-86.58
79.87,19.05,17-52-28-280,9.49,-86.58
79.97,19.38,17-52-28-381,10.08,-86.58
80.21,19.95,17-52-28-490,10.73,-88.58
80.30,20.32,17-52-28-601,10.90,-88.58
80.34,20.46,17-52-28-695,11.01,-88.58
80.35,20.69,17-52-28-790,10.91,-88.58
80.32,20.81,17-52-28-880,10.82,-88.58
80.34,20.94,17-52-28-975,10.80,-88.58
80.39,21.04,17-52-29-079,10.86,-88.58
80.48,20.66,17-52-29-183,10.96,-88.58
82.23,20.03,17-52-29-295,14.43,-88.58
89.50,18.09,17-52-29-394,25.39,-86.73
92.33,17.11,17-52-29-510,28.02,-81.87
97.49,20.58,17-52-29-617,35.21,-70.89
100.82,31.47,17-52-29-731,44.71,-50.32
104.90,38.59,17-52-29-849,55.88,-38.15
108.23,43.01,17-52-29-978,63.70,-31.11
109.99,47.04,17-52-30-073,69.86,-25.23
110.56,49.00,17-52-30-178,72.47,-22.81
110.82,48.47,17-52-30-282,71.67,-24.11
110.45,47.29,17-52-30-375,69.66,-26.19
109.62,45.74,17-52-30-460,66.91,-28.85
108.12,44.17,17-52-30-563,63.40,-31.47
107.28,41.30,17-52-30-671,59.24,-36.28
101.52,33.60,17-52-30-779,44.53,-49.87
98.39,27.12,17-52-30-888,35.77,-61.72
95.89,22.51,17-52-30-997,29.66,-70.77
92.87,19.22,17-52-31-092,23.28,-77.76
89.84,20.08,17-52-31-190,17.67,-76.11
89.42,20.17,17-52-31-279,16.97,-76.55
86.38,17.87,17-52-31-384,11.19,-76.55
83.56,17.23,17-52-31-485,6.52,-76.55
81.74,17.84,17-52-31-582,4.83,-76.55
81.31,18.80,17-52-31-676,5.30,-84.68
81.20,19.67,17-52-31-785,5.83,-81.20
81.16,19.99,17-52-31-880,6.24,-80.45
81.16,20.29,17-52-32-011,6.64,-79.86
81.11,20.43,17-52-32-112,6.85,-84.67
81.17,20.68,17-52-32-208,7.07,-85.96
81.20,20.77,17-52-32-317,7.31,-85.96
81.32,20.38,17-52-32-420,7.65,-85.96
82.83,20.11,17-52-32-532,10.75,-85.96
88.02,18.78,17-52-32-631,20.42,-85.96
92.27,18.16,17-52-32-735,26.94,-85.96
96.15,21.87,17-52-32-830,33.36,-73.12
98.54,29.84,17-52-32-932,40.45,-55.82
99.78,33.16,17-52-33-045,43.93,-49.92
104.23,36.33,17-52-33-128,52.46,-43.81
106.04,39.90,17-52-33-226,57.71,-37.52
108.59,43.42,17-52-33-330,64.03,-31.56
110.26,45.17,17-52-33-437,67.06,-28.56
110.01,45.60,17-52-33-550,67.08,-27.95
109.06,44.37,17-52-33-646,64.67,-30.09
107.43,42.99,17-52-33-739,61.14,-32.76
106.76,42.33,17-52-33-834,59.52,-34.06
105.88,39.85,17-52-33-953,55.85,-38.29
100.91,33.34,17-52-34-045,43.05,-49.67
95.22,23.66,17-52-34-140,28.79,-67.99
92.41,20.80,17-52-34-232,23.08,-75.14
89.26,19.66,17-52-34-332,17.33,-79.76
86.03,16.06,17-52-34-432,11.97,-79.76
85.54,15.20,17-52-34-532,11.76,-79.76
84.85,15.30,17-52-34-630,10.89,-79.76
82.46,17.45,17-52-34-729,6.95,-79.76
80.70,18.37,17-52-34-833,4.63,-79.76
80.19,18.73,17-52-34-935,5.07,-79.76
80.07,18.97,17-52-35-050,5.58,-79.76
79.99,19.14,17-52-35-146,5.90,-79.76
80.02,19.28,17-52-35-245,6.26,-79.76
80.10,19.49,17-52-35-350,6.62,-79.76
80.28,19.56,17-52-35-445,7.11,-79.76
80.73,19.61,17-52-35-525,8.07,-79.76
81.68,19.51,17-52-35-625,9.97,-79.76
82.24,19.46,17-52-35-732,11.10,-79.76
82.97,18.72,17-52-35-837,12.36,-79.76
87.12,17.41,17-52-35-947,19.49,-79.76
91.88,16.79,17-52-36-045,26.32,-79.76
96.91,21.61,17-52-36-142,34.88,-74.61
98.87,31.69,17-52-36-226,42.55,-53.02
103.66,39.79,17-52-36-331,56.28,-38.66
104.28,41.09,17-52-36-431,58.23,-36.42
108.57,45.37,17-52-36-548,67.56,-29.20
111.27,50.27,17-52-36-644,76.19,-20.88
112.59,51.93,17-52-36-747,79.25,-18.11
112.54,52.35,17-52-36-847,79.72,-17.51
113.05,51.95,17-52-36-942,79.37,-18.26
112.09,50.25,17-52-37-031,76.19,-21.20
110.52,48.74,17-52-37-130,73.37,-24.21
109.23,42.80,17-52-37-231,64.71,-34.44
104.34,36.75,17-52-37-334,52.72,-44.92
100.05,32.12,17-52-37-435,42.76,-53.38
95.39,23.88,17-52-37-547,30.81,-70.06
92.37,21.45,17-52-37-651,24.43,-77.23
90.95,15.55,17-52-37-745,20.97,-77.23
87.20,18.34,17-52-37-832,15.44,-77.23
82.92,18.64,17-52-37-937,8.46,-77.23
80.67,19.60,17-52-38-060,5.72,-85.07
79.89,18.09,17-52-38-167,5.35,-85.07
79.67,17.24,17-52-38-261,5.47,-85.07
79.62,16.92,17-52-38-373,5.66,-85.07
79.59,16.98,17-52-38-468,5.77,-85.07
79.60,17.31,17-52-38-580,6.05,-85.07
79.84,17.83,17-52-38-680,6.72,-85.07
79.93,18.26,17-52-38-784,7.03,-85.07
80.02,18.43,17-52-38-898,7.31,-85.07
80.08,18.83,17-52-39-001,7.49,-85.07
80.13,19.20,17-52-39-100,7.62,-85.07
80.17,19.52,17-52-39-206,7.84,-85.07
80.74,17.99,17-52-39-309,8.96,-85.07
83.52,17.32,17-52-39-410,14.60,-85.07
90.07,16.61,17-52-39-522,27.00,-85.07
91.30,16.86,17-52-39-632,28.94,-85.07
91.57,17.31,17-52-39-735,29.23,-85.07
94.36,20.72,17-52-39-829,34.83,-81.25
97.31,32.26,17-52-39-947,44.44,-53.57
103.70,41.35,17-52-40-049,61.44,-36.87
107.68,47.71,17-52-40-154,73.31,-25.80
110.05,51.99,17-52-40-255,80.99,-18.56
111.36,54.14,17-52-40-362,84.54,-15.06
111.29,52.84,17-52-40-469,82.17,-17.63
109.41,49.99,17-52-40-576,76.23,-22.83
107.78,48.08,17-52-40-670,71.91,-26.28
106.00,44.52,17-52-40-784,65.12,-32.48
102.41,39.03,17-52-40-885,54.08,-42.24
98.80,31.35,17-52-41-009,41.97,-56.46
94.48,21.11,17-52-41-094,30.36,-78.49
91.16,15.43,17-52-41-192,23.08,-78.49
85.89,14.93,17-52-41-289,13.89,-78.49
81.47,18.89,17-52-41-396,7.00,-85.57
79.58,17.78,17-52-41-506,4.56,-85.57
78.69,18.16,17-52-41-611,3.70,-85.57
78.55,18.35,17-52-41-720,4.28,-85.57
78.53,18.89,17-52-41-830,4.93,-85.57
78.48,19.72,17-52-41-932,5.41,-85.57
78.55,20.35,17-52-42-056,6.31,-84.62
78.70,20.55,17-52-42-157,7.37,-85.32
78.81,20.93,17-52-42-253,7.99,-84.73
79.64,20.81,17-52-42-360,9.47,-85.56
82.38,20.82,17-52-42-469,14.80,-84.58
91.36,20.03,17-52-42-590,29.85,-84.83
97.35,28.84,17-52-42-681,40.45,-59.38
98.24,31.08,17-52-42-777,41.63,-55.02
98.81,33.38,17-52-42-888,43.50,-51.06
103.33,38.93,17-52-43-004,53.96,-40.87
106.36,44.88,17-52-43-103,63.94,-30.91
111.05,51.78,17-52-43-214,77.05,-19.50
112.87,55.68,17-52-43-311,83.12,-13.39
113.03,56.11,17-52-43-409,83.24,-13.14
112.98,55.49,17-52-43-508,81.98,-14.57
110.91,51.79,17-52-43-618,75.34,-21.19
109.42,46.09,17-52-43-719,65.86,-30.65
105.87,39.89,17-52-43-836,55.09,-41.52
100.53,31.22,17-52-43-932,40.72,-56.95
97.17,23.95,17-52-44-034,32.14,-71.01
95.12,19.53,17-52-44-135,27.47,-81.38
92.71,16.93,17-52-44-229,22.57,-81.38
87.82,17.20,17-52-44-329,13.00,-81.38
82.18,16.97,17-52-44-434,4.11,-81.38
80.24,18.27,17-52-44-532,2.24,-81.38
79.16,14.86,17-52-44-632,2.11,-81.38
79.15,14.38,17-52-44-735,3.05,-81.38
79.63,15.90,17-52-44-835,4.44,-81.38
81.25,15.55,17-52-44-940,7.71,-81.38
82.44,15.59,17-52-45-043,10.04,-81.38
85.59,16.41,17-52-45-148,15.89,-81.38
91.64,15.56,17-52-45-247,25.18,-81.38
95.07,19.52,17-52-45-345,31.01,-76.80
97.73,25.13,17-52-45-447,35.77,-63.52
100.43,32.59,17-52-45-564,43.72,-50.70
104.37,35.37,17-52-45-671,50.27,-45.33
106.53,41.81,17-52-45-774,58.25,-35.16
109.46,46.04,17-52-45-885,65.76,-28.17
113.12,53.19,17-52-46-004,77.77,-16.75
113.94,55.46,17-52-46-108,81.20,-13.33
114.24,57.35,17-52-46-212,84.14,-10.30
113.91,56.29,17-52-46-319,82.20,-12.39
113.98,53.39,17-52-46-411,77.64,-17.46
112.31,51.13,17-52-46-513,72.17,-21.05
111.04,47.12,17-52-46-623,64.66,-27.62
108.94,43.78,17-52-46-735,58.66,-33.15
102.28,36.50,17-52-46-833,43.26,-46.11
99.78,28.66,17-52-46-926,34.75,-59.41
94.93,19.56,17-52-47-039,23.25,-80.61
91.81,11.61,17-52-47-131,16.37,-80.61
88.26,18.22,17-52-47-244,11.04,-78.93
84.12,19.29,17-52-47-354,5.30,-76.38
82.97,19.15,17-52-47-458,5.13,-77.91
82.88,18.51,17-52-47-548,5.93,-81.98
83.70,17.67,17-52-47-649,8.21,-81.98
84.61,17.24,17-52-47-755,10.55,-81.98
85.77,15.16,17-52-47-865,12.82,-81.98
86.28,14.02,17-52-47-966,13.79,-81.98
89.75,12.31,17-52-48-065,19.21,-81.98
94.32,16.27,17-52-48-160,27.08,-82.66
98.54,27.83,17-52-48-265,38.11,-56.57
105.27,38.36,17-52-48-358,55.07,-38.87
109.06,43.11,17-52-48-464,63.70,-31.71
111.05,47.48,17-52-48-566,70.38,-24.71
112.38,52.49,17-52-48-668,78.37,-16.67
113.68,55.10,17-52-48-763,82.79,-12.42
113.95,54.87,17-52-48-862,82.36,-12.97
113.25,53.39,17-52-48-966,79.77,-15.62
112.62,51.38,17-52-49-062,76.34,-19.11
111.18,47.17,17-52-49-168,68.77,-26.05
110.52,43.03,17-52-49-264,62.53,-32.97
103.26,34.76,17-52-49-365,45.63,-47.32
99.69,27.73,17-52-49-465,35.50,-59.77
95.83,20.55,17-52-49-562,26.26,-74.62
93.59,15.77,17-52-49-667,21.32,-74.62
91.59,6.48,17-52-49-763,16.81,-74.62
86.96,15.08,17-52-49-861,9.79,-82.80
84.41,18.15,17-52-49-960,6.70,-77.98
82.14,17.65,17-52-50-057,4.02,-80.55
81.46,18.35,17-52-50-163,4.26,-78.55
81.37,18.73,17-52-50-277,4.88,-77.73
82.72,16.54,17-52-50-381,7.81,-77.73
83.67,15.06,17-52-50-477,9.70,-77.73
83.92,15.12,17-52-50-576,10.14,-77.73
89.48,12.12,17-52-50-684,18.76,-77.73
94.84,16.30,17-52-50-785,28.30,-83.48
101.19,30.75,17-52-50-884,43.02,-52.29
104.92,35.70,17-52-50-984,50.30,-43.45
106.19,38.14,17-52-51-082,53.36,-39.49
106.51,38.45,17-52-51-185,53.45,-39.00
109.34,42.75,17-52-51-288,61.11,-32.08
112.27,49.25,17-52-51-399,71.92,-21.50
114.14,54.24,17-52-51-503,79.96,-13.40
114.45,56.62,17-52-51-611,82.91,-10.22
114.50,55.60,17-52-51-716,80.86,-12.53
113.46,51.99,17-52-51-819,74.82,-18.76
112.19,51.12,17-52-51-909,72.90,-20.09
109.88,45.45,17-52-52-015,63.11,-29.87
107.55,39.47,17-52-52-109,53.42,-39.97
103.36,36.30,17-52-52-221,44.98,-45.56
99.44,32.15,17-52-52-319,35.91,-53.15
98.58,30.92,17-52-52-440,34.01,-55.40
98.42,30.46,17-52-52-538,33.76,-56.11
94.18,19.33,17-52-52-649,22.69,-79.75
88.77,17.23,17-52-52-752,14.65,-79.75
83.68,16.24,17-52-52-860,8.24,-79.75
80.62,18.83,17-52-52-962,5.22,-79.75
80.00,17.67,17-52-53-066,5.47,-79.75
79.95,17.59,17-52-53-174,5.94,-79.75
79.99,17.87,17-52-53-275,6.23,-79.75
79.99,17.69,17-52-53-376,6.37,-79.75
80.45,19.25,17-52-53-474,7.13,-87.77
81.81,16.80,17-52-53-582,9.69,-87.77
86.69,17.15,17-52-53-681,18.34,-87.77
92.41,16.94,17-52-53-782,25.89,-87.77
97.49,21.04,17-52-53-887,33.63,-73.83
100.01,30.63,17-52-53-982,39.54,-55.75
104.91,36.35,17-52-54-108,47.34,-44.92
108.95,45.77,17-52-54-212,62.82,-29.19
112.63,52.00,17-52-54-316,75.43,-18.73
112.55,54.78,17-52-54-411,79.92,-14.65
112.89,54.41,17-52-54-513,79.43,-15.48
112.44,52.31,17-52-54-629,76.02,-19.19
111.49,49.49,17-52-54-734,71.06,-23.95
111.21,48.19,17-52-54-826,68.94,-26.10
111.09,47.60,17-52-54-909,67.98,-27.03
111.04,47.29,17-52-55-014,67.54,-27.51
110.97,47.15,17-52-55-107,67.28,-27.71
110.93,47.07,17-52-55-205,67.15,-27.81
110.88,47.03,17-52-55-312,67.08,-27.84
110.88,47.00,17-52-55-420,67.03,-27.87
110.75,46.65,17-52-55-514,66.37,-28.46
108.09,42.13,17-52-55-616,57.65,-36.30
102.62,36.07,17-52-55-711,44.38,-47.14
99.43,25.82,17-52-55-807,33.77,-62.98
96.63,20.77,17-52-55-896,27.31,-72.80
91.87,13.86,17-52-56-010,17.58,-72.80
86.27,16.15,17-52-56-114,9.64,-72.80
81.21,19.44,17-52-56-217,1.97,-75.30
79.66,18.43,17-52-56-327,1.60,-80.53
79.39,18.07,17-52-56-425,2.66,-84.83
79.94,19.79,17-52-56-531,4.46,-79.04
82.69,18.84,17-52-56-628,10.00,-84.65
88.56,17.22,17-52-56-743,21.60,-84.65
95.87,19.46,17-52-56-846,34.42,-77.32
98.54,28.39,17-52-56-946,41.37,-58.17
103.29,37.09,17-52-57-053,53.93,-42.63
106.58,43.72,17-52-57-149,64.44,-32.14
109.31,49.39,17-52-57-244,74.02,-23.04
111.23,52.64,17-52-57-338,79.58,-18.16
112.05,52.46,17-52-57-442,79.57,-18.71
111.30,50.12,17-52-57-535,75.57,-23.27
109.74,47.37,17-52-57-636,70.42,-27.87
109.01,46.79,17-52-57-735,68.86,-28.61
105.91,39.89,17-52-57-829,57.11,-40.07
100.51,32.77,17-52-57-938,42.97,-52.69
95.52,22.82,17-52-58-050,30.18,-70.75
91.96,15.74,17-52-58-146,22.33,-70.75
87.49,18.27,17-52-58-249,14.82,-82.21
84.53,17.94,17-52-58-364,9.32,-86.87
82.39,18.98,17-52-58-465,5.83,-81.03
81.59,17.96,17-52-58-568,5.07,-81.03
83.28,16.00,17-52-58-667,9.25,-81.03
84.77,11.98,17-52-58-766,12.37,-81.03
85.30,10.32,17-52-58-880,13.48,-81.03
88.67,11.54,17-52-58-981,19.67,-81.03
92.86,11.54,17-52-59-076,26.18,-81.03
97.37,28.96,17-52-59-181,37.80,-56.30
102.33,36.00,17-52-59-276,49.68,-44.73
104.57,40.33,17-52-59-376,56.24,-37.81
106.31,42.06,17-52-59-473,59.83,-34.93
107.96,45.58,17-52-59-569,65.52,-29.17
111.33,52.42,17-52-59-663,77.93,-17.78
111.80,55.54,17-52-59-762,82.76,-12.77
113.17,57.10,17-52-59-859,85.15,-10.67
112.90,55.92,17-52-59-954,82.97,-12.91
112.84,55.69,17-53-00-065,82.51,-13.38
113.29,54.80,17-53-00-161,81.19,-14.93
112.12,52.77,17-53-00-263,77.49,-18.43
108.46,45.93,17-53-00-363,65.18,-30.75
101.69,36.08,17-53-00-461,45.75,-48.33
97.70,26.87,17-53-00-566,33.75,-64.94
94.29,19.85,17-53-00-665,25.82,-79.78
90.79,12.20,17-53-00-781,18.33,-79.78
87.87,15.51,17-53-00-897,13.53,-79.78
82.75,15.34,17-53-01-012,5.98,-79.78
81.22,16.77,17-53-01-131,5.08,-79.78
80.72,15.28,17-53-01-240,5.72,-79.78
80.76,15.75,17-53-01-358,6.50,-79.78
80.85,15.99,17-53-01-447,7.10,-79.78
81.09,14.61,17-53-01-554,7.94,-79.78
81.70,16.77,17-53-01-657,9.78,-79.78
84.23,17.13,17-53-01-772,14.69,-79.78
92.45,18.05,17-53-01-889,30.29,-79.78
98.82,33.33,17-53-02-013,47.14,-50.31
104.74,41.64,17-53-02-122,62.42,-35.73
109.21,48.44,17-53-02-246,73.79,-24.41
110.80,53.41,17-53-02-352,81.21,-16.39
110.66,54.15,17-53-02-463,82.00,-15.44
110.92,53.00,17-53-02-567,80.21,-17.59
110.98,52.64,17-53-02-688,79.62,-18.29
109.13,52.15,17-53-02-793,77.12,-19.00
104.32,42.18,17-53-02-906,57.92,-36.46
100.83,32.01,17-53-03-007,43.32,-54.24
97.86,22.97,17-53-03-125,33.33,-71.15
93.84,16.56,17-53-03-237,24.35,-71.15
91.29,13.30,17-53-03-359,19.29,-71.15
85.87,18.22,17-53-03-469,11.32,-82.13
81.94,18.66,17-53-03-580,7.22,-81.94
80.34,17.50,17-53-03-693,6.36,-81.94
80.25,17.67,17-53-03-800,7.46,-81.94
80.19,17.33,17-53-03-913,7.84,-81.94
80.15,17.22,17-53-04-020,8.09,-81.94
80.94,17.78,17-53-04-139,9.93,-81.94
81.99,16.02,17-53-04-239,11.88,-81.94
87.66,15.70,17-53-04-358,22.59,-81.94
93.30,16.36,17-53-04-443,30.75,-81.94
97.34,21.80,17-53-04-543,35.89,-74.04
99.20,30.64,17-53-04-644,41.56,-55.22
102.98,35.29,17-53-04-747,49.59,-46.65
105.62,40.85,17-53-04-845,58.04,-37.23
108.53,50.74,17-53-04-949,73.48,-22.03
109.97,53.43,17-53-05-070,78.75,-18.08
110.67,53.52,17-53-05-161,79.44,-17.89
111.11,52.52,17-53-05-278,78.39,-19.44
109.85,50.55,17-53-05-385,74.81,-22.58
108.18,46.74,17-53-05-483,67.12,-29.03
102.17,37.11,17-53-05-576,49.28,-46.02
99.03,31.02,17-53-05-684,40.33,-56.93
96.92,25.46,17-53-05-780,34.49,-67.54
94.73,21.47,17-53-05-881,29.47,-76.79
89.03,18.95,17-53-05-980,18.59,-76.79
85.78,15.66,17-53-06-076,13.59,-76.79
83.27,15.56,17-53-06-180,9.81,-76.79
80.90,17.77,17-53-06-278,7.65,-76.79
80.33,18.39,17-53-06-382,8.11,-76.79
80.26,18.88,17-53-06-487,8.74,-76.79
80.21,19.24,17-53-06-581,9.25,-76.79
79.91,19.53,17-53-06-678,8.97,-76.79
79.79,18.63,17-53-06-779,9.27,-76.79
80.22,19.11,17-53-06-885,10.38,-76.79
80.74,19.41,17-53-07-007,11.93,-76.79
91.33,18.74,17-53-07-120,30.47,-76.79
95.85,22.90,17-53-07-213,37.53,-72.76
98.70,33.88,17-53-07-317,45.34,-50.16
104.05,40.76,17-53-07-415,58.07,-37.61
108.23,44.60,17-53-07-510,65.95,-30.77
109.67,49.25,17-53-07-612,73.27,-23.24
112.63,53.08,17-53-07-710,80.63,-16.93
113.01,53.59,17-53-07-815,81.45,-16.29
113.26,54.91,17-53-07-910,83.06,-14.16
113.74,53.68,17-53-08-022,80.95,-16.26
112.80,51.09,17-53-08-112,74.54,-20.62
110.31,41.69,17-53-08-229,57.02,-36.45
104.92,33.41,17-53-08-328,42.22,-50.92
103.08,31.60,17-53-08-428,38.04,-54.07
99.97,22.25,17-53-08-532,28.65,-69.16
95.53,16.98,17-53-08-634,19.51,-81.47
91.86,10.98,17-53-08-740,12.24,-81.47
87.42,14.45,17-53-08-844,4.50,-81.47
85.86,16.48,17-53-08-940,3.04,-82.68
85.64,16.91,17-53-09-049,3.78,-81.43
85.06,17.77,17-53-09-139,4.26,-78.88
84.78,18.16,17-53-09-248,5.07,-78.38
84.82,17.55,17-53-09-345,5.94,-80.97
85.34,17.97,17-53-09-440,7.18,-79.74
86.12,16.89,17-53-09-541,8.61,-84.18
90.75,14.83,17-53-09-645,16.86,-84.18
93.22,15.14,17-53-09-748,21.02,-84.18
97.75,17.48,17-53-09-859,28.63,-79.26
103.34,30.84,17-53-09-948,41.89,-51.51
107.22,36.09,17-53-10-045,49.67,-42.78
109.46,40.11,17-53-10-153,55.60,-36.08
111.26,46.27,17-53-10-249,64.50,-26.25
112.45,48.60,17-53-10-348,68.21,-22.96
113.68,50.89,17-53-10-445,72.60,-19.20
114.49,51.73,17-53-10-544,73.74,-18.50
112.99,49.05,17-53-10-647,68.29,-23.87
111.36,46.04,17-53-10-770,61.88,-28.58
108.99,38.84,17-53-10-877,50.56,-40.55
104.92,34.71,17-53-10-967,41.73,-47.46
103.56,33.08,17-53-11-057,38.65,-50.08
99.63,22.46,17-53-11-160,27.41,-68.90
95.51,18.91,17-53-11-265,19.59,-78.10
91.35,12.37,17-53-11-369,12.10,-78.10
85.92,18.88,17-53-11-466,4.92,-77.07
81.97,17.82,17-53-11-578,1.78,-81.74
80.89,18.68,17-53-11-681,2.02,-79.45
80.38,16.75,17-53-11-799,3.64,-79.45
80.39,16.51,17-53-11-914,4.41,-79.45
80.49,17.64,17-53-12-017,4.68,-85.39
80.82,17.13,17-53-12-121,5.42,-85.39
82.28,17.39,17-53-12-215,8.10,-85.39
83.00,16.90,17-53-12-317,9.33,-85.39
88.29,8.14,17-53-12-413,18.11,-85.39
95.47,14.06,17-53-12-519,30.09,-85.39
98.35,26.39,17-53-12-616,37.60,-61.25
102.33,31.83,17-53-12-713,45.57,-50.82
106.82,35.29,17-53-12-812,51.59,-44.43
109.61,39.79,17-53-12-907,57.21,-36.57
110.00,40.64,17-53-13-028,57.75,-35.04
112.48,47.94,17-53-13-135,68.70,-23.45
114.70,51.47,17-53-13-235,74.54,-18.12
115.38,50.97,17-53-13-334,73.95,-19.50
113.40,48.17,17-53-13-438,68.91,-24.32
112.87,47.23,17-53-13-532,67.29,-25.91
111.89,44.17,17-53-13-655,61.55,-30.80
106.46,36.51,17-53-13-769,47.41,-43.38
100.60,27.40,17-53-13-862,32.39,-59.39
95.95,18.76,17-53-13-960,21.53,-78.12
92.33,11.14,17-53-14-041,14.34,-78.12
91.81,9.70,17-53-14-140,13.60,-78.12
91.71,9.34,17-53-14-250,13.62,-78.12
87.39,13.89,17-53-14-345,6.48,-85.98
85.72,13.61,17-53-14-442,5.31,-85.98
85.33,14.10,17-53-14-549,5.77,-85.98
85.23,14.57,17-53-14-665,6.64,-85.98
85.10,15.63,17-53-14-757,7.40,-84.12
84.98,16.61,17-53-14-869,7.71,-82.93
84.73,17.26,17-53-14-969,7.87,-83.97
84.66,17.69,17-53-15-077,8.08,-85.35
85.01,17.94,17-53-15-177,8.84,-84.30
85.41,15.25,17-53-15-289,9.63,-84.30
89.09,12.60,17-53-15-380,16.27,-84.30
91.59,13.33,17-53-15-481,20.99,-84.30
97.24,19.02,17-53-15-573,31.68,-74.33
101.93,30.69,17-53-15-678,43.93,-52.24
105.42,37.66,17-53-15-773,53.72,-40.48
108.57,42.19,17-53-15-862,61.22,-33.09
111.33,46.32,17-53-15-974,68.29,-26.42
113.47,50.95,17-53-16-061,75.91,-18.57
114.06,52.62,17-53-16-156,78.48,-15.97
114.84,53.21,17-53-16-263,79.59,-15.11
114.72,52.04,17-53-16-358,77.63,-17.15
113.44,49.75,17-53-16-468,73.03,-21.05
112.46,44.99,17-53-16-559,65.52,-29.10
104.88,33.59,17-53-16-659,45.09,-48.79
102.82,30.87,17-53-16-764,39.85,-53.64
99.13,22.19,17-53-16-882,28.81,-70.30
93.98,15.49,17-53-16-976,18.14,-70.30
91.04,10.06,17-53-17-076,12.31,-70.30
86.99,14.34,17-53-17-180,8.72,-70.30
86.32,15.17,17-53-17-281,9.75,-70.30
86.26,15.95,17-53-17-372,10.74,-87.32
86.51,16.31,17-53-17-470,11.26,-81.06
86.31,16.63,17-53-17-579,10.84,-81.15
86.47,16.92,17-53-17-677,11.01,-80.37
86.63,16.62,17-53-17-788,11.26,-81.65
87.31,16.93,17-53-17-891,12.60,-80.81
87.80,17.40,17-53-17-992,13.55,-79.64
88.09,17.42,17-53-18-094,14.08,-80.06
90.73,13.07,17-53-18-195,18.44,-80.06
95.69,17.17,17-53-18-297,28.05,-78.16
99.80,29.76,17-53-18-394,39.55,-53.62
105.45,37.61,17-53-18-493,53.89,-40.35
109.61,44.38,17-53-18-596,65.52,-29.47
111.94,50.23,17-53-18-695,74.97,-20.15
112.58,52.79,17-53-18-782,79.13,-16.28
112.82,52.92,17-53-18-883,79.41,-16.52
112.25,50.05,17-53-18-990,74.25,-21.50
110.20,49.48,17-53-19-093,71.69,-22.10
108.74,42.32,17-53-19-195,60.36,-33.76
104.73,35.57,17-53-19-301,48.92,-45.23
101.17,26.57,17-53-19-399,37.73,-59.97
95.58,18.99,17-53-19-491,25.39,-76.25
89.58,15.70,17-53-19-634,14.81,-76.25
86.29,15.09,17-53-19-734,10.47,-76.25
84.63,15.57,17-53-19-840,9.33,-76.25
84.38,15.68,17-53-19-948,9.91,-76.25
83.90,15.83,17-53-20-045,9.31,-76.25
83.68,16.16,17-53-20-156,9.21,-76.25
83.76,16.74,17-53-20-264,9.63,-76.25
84.08,16.78,17-53-20-363,10.47,-76.25
84.79,17.22,17-53-20-468,11.88,-76.25
85.27,14.41,17-53-20-561,12.70,-76.25
85.53,14.92,17-53-20-666,13.00,-76.25
92.18,14.57,17-53-20-761,25.32,-76.25
96.84,21.08,17-53-20-859,33.60,-70.13
104.63,34.28,17-53-20-952,50.31,-45.13
107.23,41.30,17-53-21-056,58.67,-34.20
109.68,43.88,17-53-21-149,63.38,-29.95
111.67,46.14,17-53-21-261,67.63,-26.31
113.86,51.06,17-53-21-358,75.30,-18.78
114.14,55.50,17-53-21-460,81.79,-11.69
114.47,55.59,17-53-21-562,81.57,-12.11
113.43,51.55,17-53-21-661,74.48,-19.06
112.06,50.44,17-53-21-767,70.74,-20.62
111.30,46.90,17-53-21-870,65.14,-26.39
107.02,37.92,17-53-21-976,50.41,-41.62
101.33,29.73,17-53-22-072,35.95,-56.30
97.38,20.58,17-53-22-176,25.84,-74.55
93.02,14.65,17-53-22-276,16.93,-74.55
89.57,21.20,17-53-22-373,11.35,-72.91
86.29,21.31,17-53-22-485,7.72,-73.79
83.79,16.86,17-53-22-575,5.04,-73.79
83.14,17.97,17-53-22-678,5.38,-73.79
